6final:k127_119098	gb|YP_177995.1|ARO:3004957|Mtub_clpC1_PZA	72.0	143	40	0	393	821	1	143	9.40e-58	206
6final:k127_178540	gb|APE19944.1|ARO:3007209|Sven_rox	75.2	423	105	0	1270	2	1	423	3.98e-222	629
6final:k127_178540	gb|BAD58386.1|ARO:3007210|Nfar_rox	71.6	423	119	1	1270	2	1	422	1.28e-209	597
6final:k127_89507	gb|NP_215196.1|ARO:3003395|Mtub_rpsL_STR	74.4	121	31	0	736	374	1	121	1.69e-56	184
6final:k127_30163	gb|NP_215196.1|ARO:3003395|Mtub_rpsL_STR	82.3	124	22	0	2055	2426	1	124	3.50e-61	201
6final:k127_30163	gb|CAG39573.1|ARO:3003735|Saur_fusA_FA	84.2	38	6	0	2971	3084	3	40	2.86e-12	68.2
6final:k127_267753	gb|YP_177995.1|ARO:3004957|Mtub_clpC1_PZA	85.4	212	28	1	1230	1856	1	212	2.42e-106	338
6final:k127_282511	+_1	77.1	35	8	0	1421	1525	43	77	4.49e-10	59.3
6final:k127_282511	+_1	74.3	35	9	0	1524	1420	440	474	1.28e-08	54.7
6final:k127_89646	gb|CAA37477.1|ARO:3002891|otr(A)S.rim	72.3	173	48	0	662	144	1	173	4.77e-69	232
6final:k127_644	gb|NP_215196.1|ARO:3003395|Mtub_rpsL_STR	71.9	89	25	0	14499	14233	27	115	6.37e-35	129
6final:k127_644	+_1	72.2	97	27	0	17376	17086	132	228	4.44e-34	139
6final:k127_104472	gb|YP_177995.1|ARO:3004957|Mtub_clpC1_PZA	74.3	144	37	0	2618	3049	1	144	2.03e-55	206
6final:k127_223304	gb|CAA67349.1|ARO:3003359|Scin_EFTu_ELF	77.9	204	44	1	610	2	1	204	1.13e-102	318
6final:k127_223304	gb|AAB39605.1|ARO:3003361|Pros_EFTu_GE2A	77.5	204	45	1	610	2	1	204	6.73e-101	313
6final:k127_223304	gb|AFK57679.1|ARO:3003438|Efac_EFTu_GE2A	76.2	202	47	1	610	5	29	229	3.77e-97	304
6final:k127_223304	gb|AAA50993.1|ARO:3003368|Ecol_EFTu_KIR	72.9	203	54	1	610	2	1	202	9.82e-95	297
6final:k127_223304	gb|AAC76364.1|ARO:3003370|Ecol_EFTu_ENC	72.9	203	54	1	610	2	1	202	9.82e-95	297
6final:k127_223304	gb|AAN82549.1|ARO:3003369|Ecol_EFTu_PLV	72.4	203	55	1	610	2	16	217	6.05e-94	295
6final:k127_223304	gb|AXU66539.1|ARO:3003357|Cdif_EFTu_ELF	71.4	203	57	1	610	5	1	203	3.44e-92	290
6final:k127_104558	gb|NP_215181.1|ARO:3003283|Mtub_rpoB_RIF	76.1	581	104	2	1713	1	338	893	8.49e-308	865
6final:k127_104558	gb|CAC30845.1|ARO:3003284|Mlep_rpoB_RIF	75.4	581	108	2	1713	1	344	899	1.53e-304	857
6final:k127_104558	gb|BAD59497.1|ARO:3000501|rpoB2	75.2	581	109	2	1713	1	331	886	1.11e-300	846
6final:k127_327370	gb|YP_177995.1|ARO:3004957|Mtub_clpC1_PZA	88.6	149	17	0	495	49	1	149	1.42e-76	255
6final:k127_30562	gb|CCA59315.1|ARO:3007208|HelR	80.9	47	9	0	2178	2038	675	721	3.42e-16	80.1
6final:k127_223593	gb|AAB39605.1|ARO:3003361|Pros_EFTu_GE2A	82.3	203	36	0	611	3	1	203	4.10e-113	338
6final:k127_223593	gb|CAA67349.1|ARO:3003359|Scin_EFTu_ELF	81.3	203	38	0	611	3	1	203	4.10e-113	338
6final:k127_223593	gb|AAN82549.1|ARO:3003369|Ecol_EFTu_PLV	76.8	203	45	1	611	3	16	216	2.15e-101	308
6final:k127_223593	gb|AAA50993.1|ARO:3003368|Ecol_EFTu_KIR	76.4	203	46	1	611	3	1	201	3.80e-101	307
6final:k127_223593	gb|AAC76364.1|ARO:3003370|Ecol_EFTu_ENC	76.4	203	46	1	611	3	1	201	3.80e-101	307
6final:k127_223593	gb|AFK57679.1|ARO:3003438|Efac_EFTu_GE2A	75.9	203	47	1	611	3	29	229	5.22e-100	305
6final:k127_223593	gb|AXU66539.1|ARO:3003357|Cdif_EFTu_ELF	73.7	205	50	3	611	3	1	203	8.22e-98	298
6final:k127_134468	+_1	70.8	89	26	0	283	17	730	818	1.03e-27	117
6final:k127_134468	+_1	72.0	75	21	0	283	59	733	807	2.12e-23	103
6final:k127_134468	+_1	76.7	60	14	0	305	126	723	782	1.72e-21	97.8
6final:k127_134468	+_1	78.3	60	13	0	305	126	721	780	2.27e-21	97.4
6final:k127_134468	+_1	76.7	60	14	0	305	126	727	786	6.87e-21	95.9
6final:k127_164284	gb|AAF67494.2|ARO:3002522|novA	70.4	230	68	0	5	694	373	602	7.68e-97	318
6final:k127_268342	gb|AHA41499.1|ARO:3002948|vanH_in_vanO_cl	74.8	302	76	0	1	906	45	346	3.98e-160	458
6final:k127_268342	gb|AHA41500.1|ARO:3002913|vanO	74.0	254	66	0	917	1678	1	254	2.54e-139	405
6final:k127_268342	gb|KTE89608.1|ARO:3003723|vanI	71.7	254	72	0	917	1678	1	254	2.47e-129	379
6final:k127_1154	+_1	73.4	128	34	0	1392	1775	350	477	3.99e-51	183
6final:k127_31005	gb|AFK57679.1|ARO:3003438|Efac_EFTu_GE2A	75.1	394	97	1	1480	2661	29	421	1.54e-214	612
6final:k127_31005	gb|AAA50993.1|ARO:3003368|Ecol_EFTu_KIR	76.2	395	92	2	1480	2664	1	393	5.57e-212	604
6final:k127_31005	gb|AAC76364.1|ARO:3003370|Ecol_EFTu_ENC	76.2	395	92	2	1480	2664	1	393	5.57e-212	604
6final:k127_31005	gb|AAN82549.1|ARO:3003369|Ecol_EFTu_PLV	75.9	395	93	2	1480	2664	16	408	3.87e-211	602
6final:k127_31005	gb|AAB39605.1|ARO:3003361|Pros_EFTu_GE2A	74.8	397	99	1	1480	2667	1	397	5.00e-211	602
6final:k127_31005	gb|CAA67349.1|ARO:3003359|Scin_EFTu_ELF	72.8	397	107	1	1480	2667	1	397	1.53e-204	585
6final:k127_31005	gb|AXU66539.1|ARO:3003357|Cdif_EFTu_ELF	71.0	397	114	1	1480	2667	1	397	2.33e-198	569
6final:k127_179306	gb|NP_215196.1|ARO:3003395|Mtub_rpsL_STR	80.5	123	24	0	706	1074	1	123	2.08e-61	198
6final:k127_179306	gb|CAG39573.1|ARO:3003735|Saur_fusA_FA	80.5	113	22	0	1635	1973	3	115	9.05e-54	193
6final:k127_164626	gb|AFK57679.1|ARO:3003438|Efac_EFTu_GE2A	75.7	375	90	1	1	1125	48	421	9.19e-211	588
6final:k127_164626	gb|AAA50993.1|ARO:3003368|Ecol_EFTu_KIR	76.3	375	87	2	1	1125	20	392	2.19e-204	571
6final:k127_164626	gb|AAC76364.1|ARO:3003370|Ecol_EFTu_ENC	76.3	375	87	2	1	1125	20	392	2.19e-204	571
6final:k127_164626	gb|AAN82549.1|ARO:3003369|Ecol_EFTu_PLV	76.3	375	87	2	1	1125	35	407	3.78e-204	571
6final:k127_164626	gb|AAB39605.1|ARO:3003361|Pros_EFTu_GE2A	73.5	378	99	1	1	1131	20	397	1.25e-199	559
6final:k127_164626	gb|CAA67349.1|ARO:3003359|Scin_EFTu_ELF	72.2	378	104	1	1	1131	20	397	9.57e-197	551
6final:k127_164626	gb|AXU66539.1|ARO:3003357|Cdif_EFTu_ELF	72.3	376	103	1	1	1125	20	395	1.28e-194	546
6final:k127_298448	+_1	86.8	38	5	0	116	3	67	104	9.21e-13	68.9
6final:k127_298448	+_1	86.8	38	5	0	116	3	67	104	9.21e-13	68.9
6final:k127_298448	+_1	86.8	38	5	0	116	3	67	104	9.21e-13	68.9
6final:k127_298448	+_1	86.8	38	5	0	116	3	67	104	9.21e-13	68.9
6final:k127_298448	+_1	86.8	38	5	0	116	3	67	104	9.21e-13	68.9
6final:k127_298448	+_1	76.3	38	9	0	116	3	69	106	3.11e-10	60.8
6final:k127_194503	gb|ATC67679.1|ARO:3000838|arlR	72.7	33	9	0	12	110	86	118	2.07e-08	53.1
6final:k127_150188	gb|AAA50993.1|ARO:3003368|Ecol_EFTu_KIR	75.1	385	96	0	1571	417	9	393	1.59e-215	599
6final:k127_150188	gb|AAC76364.1|ARO:3003370|Ecol_EFTu_ENC	75.1	385	96	0	1571	417	9	393	1.59e-215	599
6final:k127_150188	gb|AAN82549.1|ARO:3003369|Ecol_EFTu_PLV	75.1	385	96	0	1571	417	24	408	2.76e-215	599
6final:k127_150188	gb|AFK57679.1|ARO:3003438|Efac_EFTu_GE2A	75.3	384	94	1	1568	420	38	421	2.49e-212	592
6final:k127_150188	gb|AXU66539.1|ARO:3003357|Cdif_EFTu_ELF	73.3	390	99	4	1571	414	9	397	5.41e-205	572
6final:k127_150188	gb|AAB39605.1|ARO:3003361|Pros_EFTu_GE2A	72.5	389	104	2	1571	414	9	397	4.41e-204	570
6final:k127_150188	gb|CAA67349.1|ARO:3003359|Scin_EFTu_ELF	71.8	387	106	2	1571	420	9	395	1.03e-202	566
6final:k127_46369	gb|YP_177995.1|ARO:3004957|Mtub_clpC1_PZA	75.0	72	18	0	2171	1956	73	144	2.14e-25	109
6final:k127_298796	gb|AAF67494.2|ARO:3002522|novA	82.3	62	11	0	5	190	536	597	9.03e-23	102
6final:k127_76207	gb|YP_177995.1|ARO:3004957|Mtub_clpC1_PZA	87.0	46	6	0	138	1	1	46	1.65e-17	85.9
6final:k127_239495	gb|AHA41504.1|ARO:3002941|vanS_in_vanO_cl	70.2	349	98	1	785	1831	1	343	7.90e-152	439
6final:k127_239495	gb|AHA41505.1|ARO:3002930|vanR_in_vanO_cl	88.4	138	15	1	313	726	97	233	1.60e-76	241
6final:k127_343630	gb|AAB39605.1|ARO:3003361|Pros_EFTu_GE2A	77.6	321	72	0	5	967	77	397	3.16e-177	513
6final:k127_343630	gb|CAA67349.1|ARO:3003359|Scin_EFTu_ELF	76.7	322	75	0	2	967	76	397	1.01e-175	509
6final:k127_343630	gb|AFK57679.1|ARO:3003438|Efac_EFTu_GE2A	77.7	319	71	0	5	961	103	421	1.62e-173	505
6final:k127_343630	gb|AAA50993.1|ARO:3003368|Ecol_EFTu_KIR	75.9	320	76	1	5	964	75	393	9.24e-173	502
6final:k127_343630	gb|AAC76364.1|ARO:3003370|Ecol_EFTu_ENC	75.9	320	76	1	5	964	75	393	9.24e-173	502
6final:k127_343630	gb|AAN82549.1|ARO:3003369|Ecol_EFTu_PLV	75.9	320	76	1	5	964	90	408	1.57e-172	502
6final:k127_343630	gb|AXU66539.1|ARO:3003357|Cdif_EFTu_ELF	74.4	324	80	2	2	967	75	397	7.54e-164	479
6final:k127_46792	+_1	71.9	57	16	0	688	858	339	395	9.33e-17	81.3
6final:k127_358597	gb|YP_177995.1|ARO:3004957|Mtub_clpC1_PZA	83.0	147	25	0	574	134	1	147	6.28e-74	248
6final:k127_76578	+_1	76.3	160	38	0	400	879	750	909	2.34e-71	242
6final:k127_76578	+_1	72.0	161	45	0	397	879	818	978	3.44e-63	220
6final:k127_76578	+_1	76.2	101	24	0	326	628	725	825	7.30e-38	145
6final:k127_299297	gb|YP_177995.1|ARO:3004957|Mtub_clpC1_PZA	83.0	194	33	0	583	2	199	392	3.05e-92	316
6final:k127_180427	gb|CAB11883.2|ARO:3007073|Bsub_rpoB_RIF	72.1	86	24	0	5553	5296	898	983	6.69e-33	137
6final:k127_180427	gb|CAG39568.1|ARO:3003285|Saur_rpoB_RIF	72.4	87	23	1	5553	5296	897	983	7.65e-32	133
6final:k127_180427	gb|CAG39568.1|ARO:3003287|Saur_rpoB_DAP	72.4	87	23	1	5553	5296	897	983	7.65e-32	133
6final:k127_180427	gb|ADK17136.1|ARO:3004563|Cdif_rpoB_RIF	70.9	86	25	0	5553	5296	911	996	1.05e-31	133
6final:k127_180427	gb|BAD59497.1|ARO:3000501|rpoB2	80.8	78	15	0	5550	5317	846	923	8.67e-31	130
6final:k127_180427	gb|WP_041777404.1|ARO:3004480|Bado_rpoB_RIF	70.9	79	23	0	5553	5317	858	936	5.92e-30	127
6final:k127_180427	gb|CAC30845.1|ARO:3003284|Mlep_rpoB_RIF	73.5	83	22	0	5550	5302	859	941	1.01e-29	126
6final:k127_180427	gb|NP_215181.1|ARO:3003283|Mtub_rpoB_RIF	78.2	78	17	0	5550	5317	853	930	1.73e-29	125
6final:k127_180427	gb|BAB38333.1|ARO:3003288|Ecol_rpoB_RIF	73.4	79	21	0	5553	5317	1039	1117	7.50e-29	124
6final:k127_180427	gb|WP_011079201.1|ARO:3007794|Vvul_rpoB_RIF	72.2	79	22	0	5553	5317	1039	1117	2.22e-28	122
6final:k127_269591	gb|NP_215196.1|ARO:3003395|Mtub_rpsL_STR	75.2	121	30	0	1500	1138	1	121	6.12e-53	177
6final:k127_32221	gb|NP_215196.1|ARO:3003395|Mtub_rpsL_STR	81.5	124	23	0	1451	1822	1	124	2.78e-62	202
6final:k127_32254	gb|YP_177995.1|ARO:3004957|Mtub_clpC1_PZA	77.5	142	32	0	411	836	1	142	1.74e-62	225
6final:k127_151160	gb|AAA26793.1|ARO:3003748|oleC	72.7	44	12	0	2810	2941	5	48	2.74e-12	66.6
6final:k127_2575	-_1	78.6	42	9	0	1	126	270	311	3.45e-12	66.6
6final:k127_314448	gb|YP_177995.1|ARO:3004957|Mtub_clpC1_PZA	80.0	145	29	0	1595	2029	1	145	7.98e-68	239
6final:k127_151414	gb|NP_216146.1|ARO:3004721|Mtub_rpsA_PZA	80.3	269	53	0	1	807	100	368	2.80e-143	423
6final:k127_284927	gb|AAB39605.1|ARO:3003361|Pros_EFTu_GE2A	85.4	41	6	0	4012	3890	357	397	6.69e-14	72.8
6final:k127_284927	gb|CAA67349.1|ARO:3003359|Scin_EFTu_ELF	75.6	41	10	0	4012	3890	357	397	4.71e-12	67.0
6final:k127_284927	gb|AAA50993.1|ARO:3003368|Ecol_EFTu_KIR	72.5	40	11	0	4012	3893	354	393	7.40e-10	60.1
6final:k127_284927	gb|AAC76364.1|ARO:3003370|Ecol_EFTu_ENC	72.5	40	11	0	4012	3893	354	393	7.40e-10	60.1
6final:k127_284927	gb|AAN82549.1|ARO:3003369|Ecol_EFTu_PLV	72.5	40	11	0	4012	3893	369	408	7.82e-10	60.1
6final:k127_359313	gb|NP_215196.1|ARO:3003395|Mtub_rpsL_STR	84.7	124	19	0	3153	2782	1	124	1.49e-62	207
6final:k127_359313	gb|AAB39605.1|ARO:3003361|Pros_EFTu_GE2A	84.6	39	6	0	120	4	1	39	8.15e-14	73.9
6final:k127_359313	gb|CAA67349.1|ARO:3003359|Scin_EFTu_ELF	84.2	38	6	0	120	7	1	38	1.91e-13	72.8
6final:k127_359313	gb|AAN82549.1|ARO:3003369|Ecol_EFTu_PLV	76.3	38	9	0	126	13	14	51	1.07e-11	67.4
6final:k127_359313	gb|AAA50993.1|ARO:3003368|Ecol_EFTu_KIR	80.6	36	7	0	120	13	1	36	1.74e-11	66.6
6final:k127_359313	gb|AAC76364.1|ARO:3003370|Ecol_EFTu_ENC	80.6	36	7	0	120	13	1	36	1.74e-11	66.6
6final:k127_270089	gb|NP_215196.1|ARO:3003395|Mtub_rpsL_STR	70.7	123	36	0	462	830	1	123	3.09e-52	176
6final:k127_106856	gb|YP_177995.1|ARO:3004957|Mtub_clpC1_PZA	77.2	149	34	0	47	493	1	149	1.14e-64	223
6final:k127_359389	gb|AFK57679.1|ARO:3003438|Efac_EFTu_GE2A	76.9	360	82	1	1082	3	24	382	1.16e-188	569
6final:k127_359389	gb|AAA50993.1|ARO:3003368|Ecol_EFTu_KIR	77.2	355	79	2	1067	3	1	353	5.46e-180	545
6final:k127_359389	gb|AAC76364.1|ARO:3003370|Ecol_EFTu_ENC	77.2	355	79	2	1067	3	1	353	5.46e-180	545
6final:k127_359389	gb|AAN82549.1|ARO:3003369|Ecol_EFTu_PLV	76.9	355	80	2	1067	3	16	368	3.54e-179	543
6final:k127_359389	gb|AAB39605.1|ARO:3003361|Pros_EFTu_GE2A	74.4	356	90	1	1067	3	1	356	2.53e-175	533
6final:k127_359389	gb|AXU66539.1|ARO:3003357|Cdif_EFTu_ELF	74.2	356	91	1	1067	3	1	356	9.75e-174	528
6final:k127_359389	gb|CAA67349.1|ARO:3003359|Scin_EFTu_ELF	73.6	356	93	1	1067	3	1	356	5.21e-172	524
6final:k127_359389	gb|NP_215196.1|ARO:3003395|Mtub_rpsL_STR	76.9	121	28	0	4020	3658	1	121	2.39e-54	183
6final:k127_121692	gb|AFK57679.1|ARO:3003438|Efac_EFTu_GE2A	73.4	229	61	0	2024	1338	193	421	1.34e-115	355
6final:k127_121692	gb|AAB39605.1|ARO:3003361|Pros_EFTu_GE2A	71.4	231	66	0	2024	1332	167	397	7.39e-113	347
6final:k127_121692	gb|AAA50993.1|ARO:3003368|Ecol_EFTu_KIR	73.4	229	60	1	2024	1338	165	392	4.31e-110	340
6final:k127_121692	gb|AAC76364.1|ARO:3003370|Ecol_EFTu_ENC	73.4	229	60	1	2024	1338	165	392	4.31e-110	340
6final:k127_121692	gb|CAA67349.1|ARO:3003359|Scin_EFTu_ELF	70.1	231	69	0	2024	1332	167	397	6.68e-110	339
6final:k127_121692	gb|AAN82549.1|ARO:3003369|Ecol_EFTu_PLV	73.4	229	60	1	2024	1338	180	407	6.99e-110	340
6final:k127_181309	gb|CAA67349.1|ARO:3003359|Scin_EFTu_ELF	75.5	269	65	1	805	2	1	269	1.80e-137	414
6final:k127_181309	gb|AAB39605.1|ARO:3003361|Pros_EFTu_GE2A	74.7	269	67	1	805	2	1	269	3.33e-134	405
6final:k127_181309	gb|AFK57679.1|ARO:3003438|Efac_EFTu_GE2A	74.6	268	67	1	805	2	29	295	4.81e-132	400
6final:k127_181309	gb|AAN82549.1|ARO:3003369|Ecol_EFTu_PLV	72.4	272	73	2	817	2	12	281	8.39e-128	389
6final:k127_181309	gb|AAA50993.1|ARO:3003368|Ecol_EFTu_KIR	73.1	268	70	2	805	2	1	266	2.79e-127	387
6final:k127_181309	gb|AAC76364.1|ARO:3003370|Ecol_EFTu_ENC	73.1	268	70	2	805	2	1	266	2.79e-127	387
6final:k127_181309	gb|AXU66539.1|ARO:3003357|Cdif_EFTu_ELF	72.2	270	72	2	805	2	1	269	6.64e-126	384
6final:k127_3118	gb|AHA41505.1|ARO:3002930|vanR_in_vanO_cl	87.2	86	11	0	258	1	3	88	2.58e-42	149
6final:k127_344887	gb|CAG39569.1|ARO:3003291|Saur_rpoC_DAP	75.0	136	34	0	998	1405	1	136	7.21e-67	233
6final:k127_344887	gb|AJP09758.1|ARO:3004681|Cdif_rpoC_VAN	71.3	136	39	0	998	1405	1	136	2.15e-66	231
6final:k127_62968	+_1	70.7	41	12	0	3620	3742	936	976	2.64e-10	62.4
6final:k127_62968	+_1	73.2	41	11	0	3620	3742	867	907	1.73e-09	59.7
6final:k127_62968	-_1	73.2	41	11	0	3741	3619	63	103	2.97e-09	58.9
6final:k127_122260	gb|AFK57679.1|ARO:3003438|Efac_EFTu_GE2A	76.0	267	64	0	871	1671	75	341	3.16e-141	412
6final:k127_122260	gb|AAA50993.1|ARO:3003368|Ecol_EFTu_KIR	74.7	273	68	1	853	1671	41	312	2.17e-139	407
6final:k127_122260	gb|AAC76364.1|ARO:3003370|Ecol_EFTu_ENC	74.7	273	68	1	853	1671	41	312	2.17e-139	407
6final:k127_122260	gb|AAN82549.1|ARO:3003369|Ecol_EFTu_PLV	74.7	273	68	1	853	1671	56	327	3.61e-139	407
6final:k127_122260	gb|CAA67349.1|ARO:3003359|Scin_EFTu_ELF	73.0	267	72	0	871	1671	49	315	3.22e-134	394
6final:k127_122260	gb|AXU66539.1|ARO:3003357|Cdif_EFTu_ELF	72.9	269	72	1	868	1671	47	315	2.07e-132	389
6final:k127_122260	gb|AAB39605.1|ARO:3003361|Pros_EFTu_GE2A	71.5	267	76	0	871	1671	49	315	6.66e-131	385
6final:k127_285651	gb|AAA50993.1|ARO:3003368|Ecol_EFTu_KIR	78.5	107	23	0	1690	1370	287	393	9.40e-53	182
6final:k127_285651	gb|AAC76364.1|ARO:3003370|Ecol_EFTu_ENC	78.5	107	23	0	1690	1370	287	393	9.40e-53	182
6final:k127_285651	gb|AAN82549.1|ARO:3003369|Ecol_EFTu_PLV	78.5	107	23	0	1690	1370	302	408	1.34e-52	182
6final:k127_285651	gb|AAB39605.1|ARO:3003361|Pros_EFTu_GE2A	75.0	108	27	0	1690	1367	290	397	2.71e-52	181
6final:k127_285651	gb|AFK57679.1|ARO:3003438|Efac_EFTu_GE2A	79.2	106	22	0	1690	1373	316	421	4.94e-52	181
6final:k127_285651	gb|AXU66539.1|ARO:3003357|Cdif_EFTu_ELF	74.1	108	28	0	1690	1367	290	397	3.67e-48	170
6final:k127_285651	gb|CAA67349.1|ARO:3003359|Scin_EFTu_ELF	70.8	106	31	0	1690	1373	290	395	5.09e-48	169
6final:k127_360283	gb|NP_216146.1|ARO:3004721|Mtub_rpsA_PZA	74.8	404	80	2	2776	1565	10	391	1.16e-190	566
6final:k127_107819	gb|AAA50993.1|ARO:3003368|Ecol_EFTu_KIR	76.2	307	71	1	929	9	1	305	2.41e-165	471
6final:k127_107819	gb|AAC76364.1|ARO:3003370|Ecol_EFTu_ENC	76.2	307	71	1	929	9	1	305	2.41e-165	471
6final:k127_107819	gb|AFK57679.1|ARO:3003438|Efac_EFTu_GE2A	74.8	310	75	2	929	3	29	336	6.64e-165	471
6final:k127_107819	gb|AAN82549.1|ARO:3003369|Ecol_EFTu_PLV	75.9	307	72	1	929	9	16	320	1.65e-164	469
6final:k127_107819	gb|AXU66539.1|ARO:3003357|Cdif_EFTu_ELF	71.8	312	83	4	929	3	1	310	9.25e-151	434
6final:k127_345626	gb|CAA67349.1|ARO:3003359|Scin_EFTu_ELF	85.7	42	6	0	1514	1639	1	42	2.42e-17	81.6
6final:k127_345626	gb|AAB39605.1|ARO:3003361|Pros_EFTu_GE2A	83.3	42	7	0	1514	1639	1	42	1.37e-16	79.3
6final:k127_345626	gb|AFK57679.1|ARO:3003438|Efac_EFTu_GE2A	71.1	45	13	0	1499	1633	24	68	1.57e-14	73.2
6final:k127_345626	gb|AXU66539.1|ARO:3003357|Cdif_EFTu_ELF	78.9	38	8	0	1514	1627	1	38	5.77e-14	71.2
6final:k127_345626	gb|AAA50993.1|ARO:3003368|Ecol_EFTu_KIR	80.6	36	7	0	1514	1621	1	36	3.17e-13	68.9
6final:k127_345626	gb|AAC76364.1|ARO:3003370|Ecol_EFTu_ENC	80.6	36	7	0	1514	1621	1	36	3.17e-13	68.9
6final:k127_345626	gb|AAN82549.1|ARO:3003369|Ecol_EFTu_PLV	70.0	40	12	0	1502	1621	12	51	7.97e-13	67.8
6final:k127_211976	gb|NP_215196.1|ARO:3003395|Mtub_rpsL_STR	83.3	120	20	0	1033	1392	1	120	1.01e-61	199
6final:k127_212140	+_1	71.8	39	11	0	2019	1903	5	43	6.41e-11	63.5
6final:k127_346073	-_1	79.1	43	9	0	1385	1257	785	827	2.31e-13	70.5
6final:k127_346073	-_1	71.4	42	12	0	1386	1261	784	825	1.93e-11	64.3
6final:k127_316067	gb|AHA41504.1|ARO:3002941|vanS_in_vanO_cl	75.2	298	74	0	1571	678	44	341	1.24e-144	418
6final:k127_286478	gb|NP_215181.1|ARO:3003283|Mtub_rpoB_RIF	76.1	431	91	5	2	1282	749	1171	1.59e-210	622
6final:k127_286478	gb|CAC30845.1|ARO:3003284|Mlep_rpoB_RIF	74.2	431	99	4	2	1282	755	1177	2.00e-206	612
6final:k127_286478	gb|BAD59497.1|ARO:3000501|rpoB2	74.0	431	96	6	2	1282	742	1160	4.45e-204	605
6final:k127_182595	gb|YP_177995.1|ARO:3004957|Mtub_clpC1_PZA	74.0	100	26	0	1770	1471	43	142	1.23e-40	156
6final:k127_361067	gb|YP_177995.1|ARO:3004957|Mtub_clpC1_PZA	83.0	147	25	0	3232	2792	1	147	2.05e-69	247
6final:k127_331129	gb|ABA71727.1|ARO:3002926|vanR_in_vanG_cl	70.5	44	13	0	3955	4086	76	119	1.32e-12	66.6
6final:k127_361241	gb|NP_216146.1|ARO:3004721|Mtub_rpsA_PZA	76.0	121	29	0	3258	3620	10	130	8.61e-49	179
6final:k127_302126	+_1	79.4	63	13	0	1901	1713	805	867	1.84e-23	103
6final:k127_302126	-_1	79.0	62	13	0	1717	1902	102	163	3.08e-22	99.4
6final:k127_302126	-_1	74.6	67	17	0	1702	1902	99	165	6.96e-22	98.2
6final:k127_302126	-_1	77.4	62	14	0	1717	1902	99	160	3.68e-21	95.9
6final:k127_302126	+_1	97.7	43	1	0	1843	1715	904	946	3.87e-21	95.9
6final:k127_302126	-_1	75.8	62	15	0	1717	1902	97	158	2.58e-20	93.2
6final:k127_302126	+_1	93.0	43	3	0	1843	1715	896	938	4.67e-20	92.4
6final:k127_302126	+_1	93.0	43	3	0	1843	1715	832	874	1.04e-19	91.3
6final:k127_302126	+_1	84.8	46	7	0	1852	1715	834	879	1.52e-17	84.3
6final:k127_302126	+_1	86.0	43	6	0	1843	1715	828	870	2.63e-17	83.6
6final:k127_302126	+_1	86.0	43	6	0	1843	1715	852	894	2.66e-17	83.6
6final:k127_302126	-_1	75.9	58	14	0	1713	1886	98	155	3.60e-17	83.2
6final:k127_302126	+_1	81.4	43	8	0	1843	1715	819	861	3.15e-16	80.1
6final:k127_302126	+_1	70.0	50	15	0	216	67	942	991	1.56e-14	74.7
6final:k127_302126	+_1	70.0	50	15	0	216	67	936	985	2.04e-14	74.3
6final:k127_302126	-_1	70.0	50	15	0	216	67	868	917	1.03e-13	72.0
6final:k127_302126	+_1	73.2	41	11	0	1868	1746	816	856	3.31e-11	63.9
6final:k127_302126	+_1	72.2	36	10	0	174	67	959	994	2.73e-09	57.8
6final:k127_302180	gb|YP_177995.1|ARO:3004957|Mtub_clpC1_PZA	87.5	120	15	0	488	847	1	120	3.36e-59	211
6final:k127_109061	gb|AHA41504.1|ARO:3002941|vanS_in_vanO_cl	77.9	240	53	0	975	256	102	341	1.20e-118	350
6final:k127_138197	+_1	74.2	159	41	0	3858	4334	22	180	3.77e-61	215
6final:k127_138197	+_1	74.2	159	41	0	3858	4334	22	180	3.77e-61	215
6final:k127_138197	+_1	74.2	159	41	0	3858	4334	22	180	3.77e-61	215
6final:k127_138197	+_1	74.2	159	41	0	3858	4334	22	180	3.77e-61	215
6final:k127_138197	+_1	74.2	159	41	0	3858	4334	22	180	3.77e-61	215
6final:k127_138197	-_1	79.5	132	27	0	4360	3965	310	441	2.00e-54	196
6final:k127_138197	-_1	79.5	132	27	0	4360	3965	310	441	2.00e-54	196
6final:k127_138197	-_1	79.5	132	27	0	4360	3965	310	441	2.00e-54	196
6final:k127_138197	-_1	79.5	132	27	0	4360	3965	310	441	2.00e-54	196
6final:k127_138197	+_1	74.8	123	31	0	3966	4334	56	178	1.20e-42	161
6final:k127_138197	+_1	86.8	53	7	0	4063	4221	97	149	3.15e-20	93.6
6final:k127_138197	+_1	86.8	53	7	0	4063	4221	97	149	3.15e-20	93.6
6final:k127_138197	+_1	86.8	53	7	0	4063	4221	97	149	3.15e-20	93.6
6final:k127_138197	+_1	86.8	53	7	0	4063	4221	97	149	3.15e-20	93.6
6final:k127_138197	+_1	86.8	53	7	0	4063	4221	97	149	3.15e-20	93.6
6final:k127_138197	+_1	86.8	53	7	0	4063	4221	102	154	1.02e-19	92.0
6final:k127_138197	+_1	86.8	53	7	0	4063	4221	102	154	1.02e-19	92.0
6final:k127_138197	+_1	86.8	53	7	0	4063	4221	102	154	1.02e-19	92.0
6final:k127_138197	+_1	86.8	53	7	0	4063	4221	102	154	1.02e-19	92.0
6final:k127_138197	+_1	84.9	53	8	0	4063	4221	99	151	3.88e-19	90.1
6final:k127_138197	+_1	82.0	50	9	0	4063	4212	102	151	1.54e-16	82.0
6final:k127_138197	+_1	82.0	50	9	0	4063	4212	102	151	1.54e-16	82.0
6final:k127_138197	+_1	82.0	50	9	0	4063	4212	102	151	1.54e-16	82.0
6final:k127_138197	+_1	82.0	50	9	0	4063	4212	102	151	1.54e-16	82.0
6final:k127_138197	+_1	82.0	50	9	0	4063	4212	102	151	1.54e-16	82.0
6final:k127_138197	+_1	82.0	50	9	0	4063	4212	102	151	1.54e-16	82.0
6final:k127_138197	+_1	82.0	50	9	0	4063	4212	102	151	1.54e-16	82.0
6final:k127_138197	+_1	82.0	50	9	0	4063	4212	102	151	1.54e-16	82.0
6final:k127_138197	+_1	82.0	50	9	0	4063	4212	102	151	1.54e-16	82.0
6final:k127_138197	+_1	82.0	50	9	0	4063	4212	102	151	1.54e-16	82.0
6final:k127_138197	+_1	82.0	50	9	0	4063	4212	102	151	1.54e-16	82.0
6final:k127_138197	+_1	82.0	50	9	0	4063	4212	102	151	1.54e-16	82.0
6final:k127_138197	+_1	82.0	50	9	0	4063	4212	102	151	1.54e-16	82.0
6final:k127_138197	+_1	82.0	50	9	0	4063	4212	102	151	1.54e-16	82.0
6final:k127_138197	+_1	82.0	50	9	0	4063	4212	102	151	1.54e-16	82.0
6final:k127_49936	gb|YP_177995.1|ARO:3004957|Mtub_clpC1_PZA	79.7	143	29	0	981	553	1	143	1.25e-65	229
6final:k127_65011	gb|NP_215196.1|ARO:3003395|Mtub_rpsL_STR	71.9	121	34	0	2842	3204	1	121	2.67e-53	179
6final:k127_35432	gb|NP_216425.2|ARO:3004923|Mtub_furA_INH	75.0	32	8	0	5181	5276	106	137	4.79e-10	57.4
6final:k127_213469	gb|AJY14066.1|ARO:3004860|Bdol_gyrA_FLO	70.1	87	26	0	9177	9437	13	99	1.66e-31	132
6final:k127_213469	gb|AAW89357.1|ARO:3003928|Ngon_gyrA_FLO	71.3	87	25	0	9177	9437	21	107	2.45e-31	132
6final:k127_124252	gb|NP_215196.1|ARO:3003395|Mtub_rpsL_STR	75.2	121	30	0	977	1339	1	121	1.47e-56	183
6final:k127_109870	gb|NP_215196.1|ARO:3003395|Mtub_rpsL_STR	81.1	122	23	0	196	561	1	122	2.22e-61	194
6final:k127_109870	gb|CAG39573.1|ARO:3003735|Saur_fusA_FA	77.4	84	19	0	1259	1510	3	86	2.93e-34	134
6final:k127_124619	gb|YP_177995.1|ARO:3004957|Mtub_clpC1_PZA	78.7	61	13	0	2388	2570	608	668	3.52e-23	103
6final:k127_125196	gb|NP_215196.1|ARO:3003395|Mtub_rpsL_STR	89.4	123	13	0	919	1287	1	123	1.04e-68	215
6final:k127_125196	gb|AJP09758.1|ARO:3004681|Cdif_rpoC_VAN	78.0	59	13	0	2	178	1103	1161	3.15e-19	89.4
6final:k127_125196	gb|CAG39569.1|ARO:3003291|Saur_rpoC_DAP	75.4	57	14	0	2	172	1136	1192	1.58e-17	84.0
6final:k127_169963	+_1	74.6	122	27	1	495	130	1	118	5.99e-49	173
6final:k127_169963	+_1	74.6	122	27	1	495	130	1	118	5.99e-49	173
6final:k127_169963	+_1	74.6	122	27	1	495	130	1	118	5.99e-49	173
6final:k127_169963	+_1	74.6	122	27	1	495	130	1	118	5.99e-49	173
6final:k127_169963	+_1	74.6	122	27	1	495	130	1	118	5.99e-49	173
6final:k127_169963	-_1	81.6	98	18	0	26	319	346	443	2.45e-41	153
6final:k127_169963	-_1	81.6	98	18	0	26	319	346	443	2.45e-41	153
6final:k127_169963	-_1	81.6	98	18	0	26	319	346	443	2.45e-41	153
6final:k127_169963	-_1	81.6	98	18	0	26	319	346	443	2.45e-41	153
6final:k127_169963	+_1	83.8	68	11	0	260	57	87	154	8.75e-26	108
6final:k127_169963	+_1	83.8	68	11	0	260	57	87	154	8.75e-26	108
6final:k127_169963	+_1	83.8	68	11	0	260	57	87	154	8.75e-26	108
6final:k127_169963	+_1	83.8	68	11	0	260	57	87	154	8.75e-26	108
6final:k127_169963	+_1	84.1	63	10	0	318	130	54	116	6.08e-24	102
6final:k127_169963	+_1	78.5	65	14	0	260	66	87	151	5.59e-22	96.7
6final:k127_169963	+_1	78.5	65	14	0	260	66	87	151	5.59e-22	96.7
6final:k127_169963	+_1	78.5	65	14	0	260	66	87	151	5.59e-22	96.7
6final:k127_169963	+_1	78.5	65	14	0	260	66	87	151	5.59e-22	96.7
6final:k127_169963	+_1	78.5	65	14	0	260	66	87	151	5.59e-22	96.7
6final:k127_169963	+_1	78.5	65	14	0	260	66	87	151	5.59e-22	96.7
6final:k127_169963	+_1	78.5	65	14	0	260	66	87	151	5.59e-22	96.7
6final:k127_169963	+_1	78.5	65	14	0	260	66	87	151	5.59e-22	96.7
6final:k127_169963	+_1	78.5	65	14	0	260	66	87	151	5.59e-22	96.7
6final:k127_169963	+_1	78.5	65	14	0	260	66	87	151	5.59e-22	96.7
6final:k127_169963	+_1	78.5	65	14	0	260	66	87	151	5.59e-22	96.7
6final:k127_169963	+_1	78.5	65	14	0	260	66	87	151	5.59e-22	96.7
6final:k127_169963	+_1	78.5	65	14	0	260	66	87	151	5.59e-22	96.7
6final:k127_169963	+_1	78.5	65	14	0	260	66	87	151	5.59e-22	96.7
6final:k127_169963	+_1	78.5	65	14	0	260	66	87	151	5.59e-22	96.7
6final:k127_169963	+_1	72.4	58	16	0	78	251	369	426	6.68e-16	77.8
6final:k127_169963	+_1	78.6	42	9	0	260	135	79	120	9.16e-12	64.7
6final:k127_110918	gb|CAG39573.1|ARO:3003735|Saur_fusA_FA	73.0	178	48	0	1031	1564	3	180	1.98e-82	268
6final:k127_110918	gb|NP_215196.1|ARO:3003395|Mtub_rpsL_STR	81.5	124	23	0	24	395	1	124	3.55e-64	202
6final:k127_333604	gb|YP_177995.1|ARO:3004957|Mtub_clpC1_PZA	79.9	144	29	0	831	1262	1	144	9.07e-66	226
6final:k127_363741	gb|CAG39573.1|ARO:3003735|Saur_fusA_FA	71.1	45	13	0	8394	8260	616	660	2.44e-12	70.1
6final:k127_111467	gb|ABK64957.1|ARO:3007473|Mavi_gyrA_FLO	72.7	216	55	1	643	8	15	230	2.55e-94	308
6final:k127_111467	gb|NP_214520.1|ARO:3003295|Mtub_gyrA_FLO	71.8	216	57	1	643	8	14	229	1.86e-92	303
6final:k127_111467	gb|CAC29514.1|ARO:3003298|Mlep_gyrA_FLO	74.1	116	30	0	643	296	15	130	7.65e-47	176
6final:k127_170822	gb|CAB11883.2|ARO:3007073|Bsub_rpoB_RIF	72.9	251	68	0	1796	1044	898	1148	1.31e-122	390
6final:k127_170822	gb|ADK17136.1|ARO:3004563|Cdif_rpoB_RIF	72.1	251	70	0	1796	1044	911	1161	1.12e-117	377
6final:k127_170822	gb|CAG39568.1|ARO:3003285|Saur_rpoB_RIF	70.9	247	72	0	1793	1053	899	1145	3.30e-115	370
6final:k127_170822	gb|CAG39568.1|ARO:3003287|Saur_rpoB_DAP	70.9	247	72	0	1793	1053	899	1145	3.30e-115	370
6final:k127_7580	gb|ADK17136.1|ARO:3004563|Cdif_rpoB_RIF	75.0	100	25	0	300	1	874	973	7.71e-38	152
6final:k127_7580	gb|NP_215181.1|ARO:3003283|Mtub_rpoB_RIF	74.5	98	25	0	300	7	815	912	2.81e-37	150
6final:k127_7580	gb|CAC30845.1|ARO:3003284|Mlep_rpoB_RIF	73.5	98	26	0	300	7	821	918	2.83e-37	150
6final:k127_7580	gb|BAD59497.1|ARO:3000501|rpoB2	71.4	98	28	0	300	7	808	905	1.88e-36	147
6final:k127_7580	gb|CAB11883.2|ARO:3007073|Bsub_rpoB_RIF	71.0	100	29	0	300	1	861	960	3.36e-36	147
6final:k127_186285	gb|CAG39569.1|ARO:3003291|Saur_rpoC_DAP	80.0	55	11	0	165	1	1	55	1.92e-21	99.0
6final:k127_186285	gb|NP_215182.1|ARO:3004994|Mtub_rpoC_RIF	72.7	55	15	0	165	1	1	55	5.19e-20	94.4
6final:k127_186285	gb|AJP09758.1|ARO:3004681|Cdif_rpoC_VAN	74.1	54	14	0	165	4	1	54	8.40e-20	93.6
6final:k127_186348	gb|AAC16242.1|ARO:3005069|rsmA	85.2	54	8	0	186	347	1	54	4.86e-25	96.3
6final:k127_290632	gb|YP_177995.1|ARO:3004957|Mtub_clpC1_PZA	70.9	148	43	0	1034	591	1	148	1.27e-57	210
6final:k127_275623	gb|BAD59497.1|ARO:3000501|rpoB2	90.6	117	11	0	352	2	773	889	2.05e-57	209
6final:k127_275623	gb|NP_215181.1|ARO:3003283|Mtub_rpoB_RIF	89.7	117	12	0	352	2	780	896	3.99e-56	205
6final:k127_275623	gb|CAC30845.1|ARO:3003284|Mlep_rpoB_RIF	88.9	117	13	0	352	2	786	902	1.75e-55	203
6final:k127_275623	gb|ADK17136.1|ARO:3004563|Cdif_rpoB_RIF	74.4	117	30	0	352	2	839	955	2.37e-47	179
6final:k127_275623	gb|CAB11883.2|ARO:3007073|Bsub_rpoB_RIF	71.8	117	33	0	352	2	826	942	7.30e-45	171
6final:k127_275623	gb|WP_041777404.1|ARO:3004480|Bado_rpoB_RIF	71.1	121	31	1	352	2	782	902	9.69e-45	171
6final:k127_275623	gb|CAG39568.1|ARO:3003285|Saur_rpoB_RIF	71.2	118	33	1	352	2	825	942	1.70e-42	164
6final:k127_275623	gb|CAG39568.1|ARO:3003287|Saur_rpoB_DAP	71.2	118	33	1	352	2	825	942	1.70e-42	164
6final:k127_97953	gb|CAG39573.1|ARO:3003735|Saur_fusA_FA	82.6	46	8	0	5984	5847	3	48	6.81e-17	84.3
6final:k127_201694	gb|NP_215182.1|ARO:3004994|Mtub_rpoC_RIF	80.0	120	18	2	2328	1975	490	605	5.47e-49	184
6final:k127_201694	gb|AJP09758.1|ARO:3004681|Cdif_rpoC_VAN	82.0	100	18	0	2328	2029	404	503	1.95e-44	170
6final:k127_201694	gb|CAG39569.1|ARO:3003291|Saur_rpoC_DAP	77.0	100	23	0	2328	2029	404	503	8.07e-42	162
6final:k127_201694	gb|AAD08242.1|ARO:3007051|Hpyl_rpoB_RIF	70.8	96	28	0	2316	2029	1808	1903	5.35e-36	144
6final:k127_23339	gb|YP_177995.1|ARO:3004957|Mtub_clpC1_PZA	84.2	603	92	1	1800	1	1	603	0.0	975
6final:k127_201868	+_1	82.7	173	30	0	1185	1703	818	990	1.04e-85	285
6final:k127_201868	-_1	70.2	124	37	0	1702	1331	42	165	3.67e-41	157
6final:k127_306462	gb|AAB39605.1|ARO:3003361|Pros_EFTu_GE2A	79.4	97	20	0	1790	1500	301	397	1.21e-48	172
6final:k127_306462	gb|AAA50993.1|ARO:3003368|Ecol_EFTu_KIR	79.2	96	20	0	1790	1503	298	393	5.55e-47	167
6final:k127_306462	gb|AAC76364.1|ARO:3003370|Ecol_EFTu_ENC	79.2	96	20	0	1790	1503	298	393	5.55e-47	167
6final:k127_306462	gb|AAN82549.1|ARO:3003369|Ecol_EFTu_PLV	79.2	96	20	0	1790	1503	313	408	7.72e-47	167
6final:k127_306462	gb|AFK57679.1|ARO:3003438|Efac_EFTu_GE2A	77.9	95	21	0	1790	1506	327	421	5.20e-46	165
6final:k127_306462	gb|CAA67349.1|ARO:3003359|Scin_EFTu_ELF	73.2	97	26	0	1790	1500	301	397	3.76e-44	159
6final:k127_202214	gb|NP_216146.1|ARO:3004721|Mtub_rpsA_PZA	73.0	307	69	2	3386	2466	102	394	2.95e-136	419
6final:k127_98529	gb|YP_177995.1|ARO:3004957|Mtub_clpC1_PZA	72.7	143	39	0	461	33	1	143	1.74e-60	215
6final:k127_98624	+_1	80.0	170	34	0	166	675	332	501	2.17e-82	266
6final:k127_98624	+_1	80.0	170	34	0	166	675	332	501	2.17e-82	266
6final:k127_98624	+_1	80.0	170	34	0	166	675	332	501	2.17e-82	266
6final:k127_98624	+_1	80.0	170	34	0	166	675	332	501	2.17e-82	266
6final:k127_98624	+_1	80.0	170	34	0	166	675	332	501	2.17e-82	266
6final:k127_98624	+_1	71.3	160	46	0	169	648	336	495	2.25e-63	216
6final:k127_98624	+_1	75.5	139	34	0	149	565	335	473	2.73e-55	194
6final:k127_98624	+_1	75.5	139	34	0	149	565	335	473	2.73e-55	194
6final:k127_98624	+_1	75.5	139	34	0	149	565	335	473	2.73e-55	194
6final:k127_98624	+_1	75.5	139	34	0	149	565	335	473	2.73e-55	194
6final:k127_98624	+_1	75.5	139	34	0	149	565	335	473	2.73e-55	194
6final:k127_98624	+_1	75.5	139	34	0	149	565	335	473	2.73e-55	194
6final:k127_98624	+_1	75.5	139	34	0	149	565	335	473	2.73e-55	194
6final:k127_98624	+_1	71.8	85	24	0	166	420	337	421	1.06e-31	127
6final:k127_98624	+_1	71.8	85	24	0	166	420	337	421	1.06e-31	127
6final:k127_98624	+_1	71.8	85	24	0	166	420	337	421	1.06e-31	127
6final:k127_98624	+_1	71.8	85	24	0	166	420	337	421	1.06e-31	127
6final:k127_98624	+_1	88.0	50	6	0	483	632	431	480	6.12e-21	94.0
6final:k127_98624	+_1	88.0	50	6	0	483	632	431	480	6.12e-21	94.0
6final:k127_98624	+_1	88.0	50	6	0	483	632	431	480	6.12e-21	94.0
6final:k127_98624	+_1	88.0	50	6	0	483	632	431	480	6.12e-21	94.0
6final:k127_98624	+_1	88.0	50	6	0	483	632	431	480	6.12e-21	94.0
6final:k127_98624	+_1	87.2	39	5	0	21	137	294	332	9.28e-14	71.6
6final:k127_98624	+_1	87.2	39	5	0	21	137	294	332	9.28e-14	71.6
6final:k127_98624	+_1	87.2	39	5	0	21	137	294	332	9.28e-14	71.6
6final:k127_98624	+_1	87.2	39	5	0	21	137	294	332	9.28e-14	71.6
6final:k127_98624	+_1	87.2	39	5	0	21	137	294	332	9.28e-14	71.6
6final:k127_98624	+_1	87.2	39	5	0	21	137	294	332	9.28e-14	71.6
6final:k127_98624	+_1	87.2	39	5	0	21	137	294	332	9.28e-14	71.6
6final:k127_98624	+_1	87.2	39	5	0	21	137	294	332	9.28e-14	71.6
6final:k127_98624	+_1	87.2	39	5	0	21	137	294	332	9.28e-14	71.6
6final:k127_98624	+_1	87.2	39	5	0	21	137	294	332	9.28e-14	71.6
6final:k127_98624	+_1	87.2	39	5	0	21	137	294	332	9.28e-14	71.6
6final:k127_98624	+_1	87.2	39	5	0	21	137	294	332	9.28e-14	71.6
6final:k127_98624	+_1	87.2	39	5	0	21	137	294	332	9.28e-14	71.6
6final:k127_98624	+_1	87.2	39	5	0	21	137	294	332	9.28e-14	71.6
6final:k127_98624	+_1	83.9	31	5	0	1830	1922	277	307	3.27e-10	60.8
6final:k127_98624	+_1	80.6	31	6	0	1830	1922	269	299	1.28e-09	58.9
6final:k127_113748	gb|CAA37477.1|ARO:3002891|otr(A)S.rim	71.0	93	27	0	2521	2799	1	93	2.01e-32	132
6final:k127_291781	gb|BAE06006.1|ARO:3003705|mexN	71.7	46	13	0	2439	2576	425	470	3.14e-11	64.7
6final:k127_291781	gb|AAC75136.1|ARO:3000793|mdtB	72.9	48	13	0	2433	2576	428	475	3.14e-11	64.7
6final:k127_69073	gb|YP_177995.1|ARO:3004957|Mtub_clpC1_PZA	74.2	120	31	0	487	128	1	120	4.97e-46	176
6final:k127_247454	gb|AJP09758.1|ARO:3004681|Cdif_rpoC_VAN	73.2	71	19	0	69	281	1090	1160	8.28e-24	103
6final:k127_247454	gb|CAG39569.1|ARO:3003291|Saur_rpoC_DAP	73.5	68	18	0	69	272	1123	1190	6.05e-23	101
6final:k127_9224	gb|CAA37477.1|ARO:3002891|otr(A)S.rim	70.6	160	47	0	508	29	4	163	1.53e-62	213
6final:k127_98943	gb|AEZ36150.1|ARO:3000448|QepA1	74.2	31	8	0	192	100	11	41	9.54e-09	55.1
6final:k127_98943	gb|ACF70723.1|ARO:3004103|QepA2	74.2	31	8	0	192	100	11	41	9.54e-09	55.1
6final:k127_98943	gb|AQX36338.1|ARO:3004379|QepA4	74.2	31	8	0	192	100	11	41	9.54e-09	55.1
6final:k127_351895	gb|AHA41504.1|ARO:3002941|vanS_in_vanO_cl	70.4	341	93	2	2268	1270	1	341	3.32e-147	434
6final:k127_351895	gb|AHA41505.1|ARO:3002930|vanR_in_vanO_cl	83.7	43	7	0	2455	2327	186	228	3.72e-16	76.3
6final:k127_232249	gb|NP_388014.1|ARO:3007527|Bsub_rpsE_SPT	70.2	47	14	0	143	3	10	56	1.87e-12	66.2
6final:k127_307160	gb|AAA50993.1|ARO:3003368|Ecol_EFTu_KIR	84.0	25	4	0	76	2	1	25	3.63e-08	53.1
6final:k127_307160	gb|AAC76364.1|ARO:3003370|Ecol_EFTu_ENC	84.0	25	4	0	76	2	1	25	3.63e-08	53.1
6final:k127_307160	gb|CAA67349.1|ARO:3003359|Scin_EFTu_ELF	88.0	25	3	0	76	2	1	25	6.42e-08	52.4
6final:k127_307160	gb|AAN82549.1|ARO:3003369|Ecol_EFTu_PLV	70.0	30	9	0	91	2	11	40	8.75e-08	52.0
6final:k127_54836	gb|NP_216146.1|ARO:3004721|Mtub_rpsA_PZA	75.1	241	59	1	721	2	11	251	6.03e-119	357
6final:k127_352394	gb|NP_215181.1|ARO:3003283|Mtub_rpoB_RIF	75.8	843	168	5	2688	172	361	1171	0.0	1241
6final:k127_352394	gb|CAC30845.1|ARO:3003284|Mlep_rpoB_RIF	74.5	843	179	5	2688	172	367	1177	0.0	1225
6final:k127_352394	gb|BAD59497.1|ARO:3000501|rpoB2	74.1	839	183	5	2685	172	355	1160	0.0	1199
6final:k127_352394	gb|NP_215182.1|ARO:3004994|Mtub_rpoC_RIF	89.1	55	6	0	167	3	1	55	2.26e-25	110
6final:k127_352394	gb|CAG39569.1|ARO:3003291|Saur_rpoC_DAP	74.5	55	14	0	167	3	1	55	9.22e-21	95.9
6final:k127_99627	+_1	84.1	44	7	0	220	351	235	278	1.15e-16	80.9
6final:k127_99627	+_1	84.1	44	7	0	220	351	235	278	1.15e-16	80.9
6final:k127_99627	+_1	84.1	44	7	0	220	351	235	278	1.15e-16	80.9
6final:k127_99627	+_1	84.1	44	7	0	220	351	235	278	1.15e-16	80.9
6final:k127_99627	+_1	84.1	44	7	0	220	351	235	278	1.15e-16	80.9
6final:k127_99627	+_1	82.9	35	6	0	1314	1418	652	686	4.89e-10	59.7
6final:k127_99627	+_1	74.2	31	8	0	1314	1406	648	678	3.37e-09	57.0
6final:k127_99627	+_1	83.9	31	5	0	1314	1406	644	674	4.43e-09	56.6
6final:k127_99627	+_1	78.8	33	7	0	1314	1412	712	744	4.52e-09	56.6
6final:k127_99627	+_1	78.8	33	7	0	1314	1412	712	744	4.52e-09	56.6
6final:k127_99627	+_1	74.2	31	8	0	1314	1406	672	702	5.88e-09	56.2
6final:k127_248332	gb|ACL19707.1|ARO:3003725|vanX_in_vanI_cl	77.6	201	45	0	614	12	1	201	2.49e-113	338
6final:k127_248332	gb|AHA41501.1|ARO:3002954|vanX_in_vanO_cl	75.6	201	49	0	614	12	1	201	2.39e-110	331
6final:k127_248332	gb|AHA41500.1|ARO:3002913|vanO	77.5	71	16	0	829	617	276	346	2.96e-30	120
6final:k127_248332	gb|KTE89608.1|ARO:3003723|vanI	81.4	70	13	0	829	620	276	345	5.61e-30	119
6final:k127_55120	gb|YP_177995.1|ARO:3004957|Mtub_clpC1_PZA	76.4	144	34	0	9	440	1	144	2.73e-61	214
6final:k127_143935	gb|AAB39605.1|ARO:3003361|Pros_EFTu_GE2A	85.2	61	9	0	4818	4636	337	397	2.97e-24	104
6final:k127_143935	gb|CAA67349.1|ARO:3003359|Scin_EFTu_ELF	77.0	61	14	0	4818	4636	337	397	3.39e-21	95.5
6final:k127_143935	gb|AAA50993.1|ARO:3003368|Ecol_EFTu_KIR	73.3	60	16	0	4818	4639	334	393	8.11e-20	91.3
6final:k127_143935	gb|AAC76364.1|ARO:3003370|Ecol_EFTu_ENC	73.3	60	16	0	4818	4639	334	393	8.11e-20	91.3
6final:k127_143935	gb|AAN82549.1|ARO:3003369|Ecol_EFTu_PLV	73.3	60	16	0	4818	4639	349	408	9.49e-20	91.3
6final:k127_262746	gb|AHA41505.1|ARO:3002930|vanR_in_vanO_cl	86.3	80	11	0	240	1	4	83	9.79e-37	135
6final:k127_233396	+_1	82.1	28	5	0	1557	1640	345	372	1.66e-08	54.7
6final:k127_219007	gb|YP_177995.1|ARO:3004957|Mtub_clpC1_PZA	81.4	70	12	1	1902	1696	167	236	1.52e-25	109
6final:k127_25877	gb|YP_177995.1|ARO:3004957|Mtub_clpC1_PZA	85.0	147	22	0	7905	8345	1	147	1.28e-70	254
6final:k127_56345	gb|NP_215196.1|ARO:3003395|Mtub_rpsL_STR	83.1	124	21	0	445	816	1	124	2.27e-65	205
6final:k127_368589	gb|AHA41505.1|ARO:3002930|vanR_in_vanO_cl	79.3	58	12	0	2856	3029	40	97	7.46e-22	93.2
6final:k127_100898	gb|YP_177995.1|ARO:3004957|Mtub_clpC1_PZA	78.3	143	31	0	725	297	1	143	1.85e-64	223
6final:k127_219844	gb|AAB39605.1|ARO:3003361|Pros_EFTu_GE2A	85.4	41	6	0	5854	5732	357	397	1.39e-13	72.4
6final:k127_219844	gb|CAA67349.1|ARO:3003359|Scin_EFTu_ELF	75.6	41	10	0	5854	5732	357	397	9.73e-12	66.6
6final:k127_219844	gb|AAA50993.1|ARO:3003368|Ecol_EFTu_KIR	72.5	40	11	0	5854	5735	354	393	1.51e-09	59.7
6final:k127_219844	gb|AAC76364.1|ARO:3003370|Ecol_EFTu_ENC	72.5	40	11	0	5854	5735	354	393	1.51e-09	59.7
6final:k127_219844	gb|AAN82549.1|ARO:3003369|Ecol_EFTu_PLV	72.5	40	11	0	5854	5735	369	408	1.60e-09	59.7
6final:k127_175228	gb|NP_217974.1|ARO:3004999|Mtub_rpoA_RIF	84.2	57	9	0	172	2	6	62	6.10e-24	100
6final:k127_175389	gb|CAB11883.2|ARO:3007073|Bsub_rpoB_RIF	82.2	45	8	0	137	3	463	507	3.45e-14	73.2
6final:k127_175389	gb|CAG39568.1|ARO:3003285|Saur_rpoB_RIF	80.0	45	9	0	137	3	462	506	1.04e-13	71.6
6final:k127_175389	gb|CAG39568.1|ARO:3003287|Saur_rpoB_DAP	80.0	45	9	0	137	3	462	506	1.04e-13	71.6
6final:k127_175389	gb|NP_215181.1|ARO:3003283|Mtub_rpoB_RIF	75.6	45	11	0	137	3	426	470	1.81e-13	70.9
6final:k127_175389	gb|CAC30845.1|ARO:3003284|Mlep_rpoB_RIF	75.6	45	11	0	137	3	432	476	1.81e-13	70.9
6final:k127_175389	gb|ADK17136.1|ARO:3004563|Cdif_rpoB_RIF	77.8	45	10	0	137	3	483	527	3.19e-13	70.1
6final:k127_175389	gb|WP_011079201.1|ARO:3007794|Vvul_rpoB_RIF	75.6	45	11	0	137	3	507	551	5.67e-13	69.3
6final:k127_175389	gb|BAB38333.1|ARO:3003288|Ecol_rpoB_RIF	75.6	45	11	0	137	3	507	551	7.47e-13	68.9
6final:k127_175389	gb|WP_041777404.1|ARO:3004480|Bado_rpoB_RIF	73.3	45	12	0	137	3	428	472	9.53e-13	68.6
6final:k127_175389	gb|BAD59497.1|ARO:3000501|rpoB2	73.3	45	12	0	137	3	419	463	3.77e-12	66.6
6final:k127_116453	+_1	85.0	40	6	0	308	189	721	760	3.08e-13	70.1
6final:k127_116453	+_1	85.0	40	6	0	308	189	719	758	3.08e-13	70.1
6final:k127_116453	+_1	85.0	40	6	0	308	189	725	764	3.10e-13	70.1
6final:k127_116453	+_1	72.1	43	12	0	1541	1413	650	692	2.56e-11	63.9
6final:k127_279081	gb|CAJ66820.1|ARO:3003995|Cdif_gyrA_FLO	70.5	61	18	0	1558	1740	113	173	4.61e-22	98.2
6final:k127_279081	gb|NP_214520.1|ARO:3003295|Mtub_gyrA_FLO	73.3	60	16	0	1561	1740	122	181	1.94e-21	96.3
6final:k127_279081	gb|ABK64957.1|ARO:3007473|Mavi_gyrA_FLO	73.3	60	16	0	1561	1740	123	182	1.94e-21	96.3
6final:k127_279081	gb|AAL82403.1|ARO:3003297|Bbac_gyrA_FLO	72.1	61	17	0	1558	1740	122	182	6.40e-21	94.7
6final:k127_279153	gb|NP_214520.1|ARO:3003295|Mtub_gyrA_FLO	72.0	50	14	0	2715	2864	14	63	1.53e-16	82.0
6final:k127_279153	gb|WP_000819088.1|ARO:3003296|Saur_gyrA_FLO	76.5	51	12	0	2715	2867	8	58	3.61e-16	80.9
6final:k127_279153	gb|AAL82403.1|ARO:3003297|Bbac_gyrA_FLO	78.0	50	11	0	2718	2867	16	65	6.40e-16	80.1
6final:k127_279153	gb|AAC75291.1|ARO:3003294|Ecol_gyrA_FLO	71.2	52	15	0	2709	2864	5	56	8.12e-16	79.7
6final:k127_279153	gb|AAN43827.1|ARO:3003940|Sfle_gyrA_FLO	71.2	52	15	0	2709	2864	5	56	8.12e-16	79.7
6final:k127_279153	gb|AAC75291.1|ARO:3004335|Ecol_gyrA_TRC	71.2	52	15	0	2709	2864	5	56	8.12e-16	79.7
6final:k127_279153	gb|AAL21173.1|ARO:3003926|Sent_gyrA_FLO	71.2	52	15	0	2709	2864	5	56	8.14e-16	79.7
6final:k127_279153	gb|AAL21173.1|ARO:3004334|Sent_gyrA_TRC	71.2	52	15	0	2709	2864	5	56	8.14e-16	79.7
6final:k127_279153	gb|WP_001281271.1|ARO:3007751|Sisa_gyrA_FLO	71.2	52	15	0	2709	2864	5	56	8.14e-16	79.7
6final:k127_279153	gb|AJF82744.1|ARO:3003817|Abau_gyrA_FLO	71.4	49	14	0	2718	2864	6	54	5.60e-15	77.0
6final:k127_279153	gb|AJY14066.1|ARO:3004860|Bdol_gyrA_FLO	70.0	50	15	0	2709	2858	5	54	9.46e-15	76.3
6final:k127_279153	gb|AAW89357.1|ARO:3003928|Ngon_gyrA_FLO	71.1	45	13	0	2724	2858	18	62	2.21e-14	75.1
6final:k127_295013	gb|CAA37477.1|ARO:3002891|otr(A)S.rim	73.1	67	18	0	207	7	1	67	1.09e-22	99.4
6final:k127_176111	gb|NP_215182.1|ARO:3004994|Mtub_rpoC_RIF	79.3	87	18	0	1503	1763	1	87	1.75e-42	161
6final:k127_176111	gb|CAG39569.1|ARO:3003291|Saur_rpoC_DAP	78.2	87	19	0	1503	1763	1	87	1.29e-41	159
6final:k127_176111	gb|AJP09758.1|ARO:3004681|Cdif_rpoC_VAN	73.6	87	23	0	1503	1763	1	87	1.31e-40	155
6final:k127_220865	+_1	83.3	36	6	0	1533	1640	73	108	8.71e-10	58.5
6final:k127_220865	+_1	83.3	36	6	0	1533	1640	73	108	8.71e-10	58.5
6final:k127_220865	+_1	83.3	36	6	0	1533	1640	73	108	8.71e-10	58.5
6final:k127_220865	+_1	83.3	36	6	0	1533	1640	73	108	8.71e-10	58.5
6final:k127_220865	+_1	83.3	36	6	0	1533	1640	73	108	8.71e-10	58.5
6final:k127_220865	+_1	88.5	26	3	0	1229	1306	2	27	2.50e-08	53.9
6final:k127_220865	+_1	88.5	26	3	0	1229	1306	2	27	2.50e-08	53.9
6final:k127_220865	+_1	88.5	26	3	0	1229	1306	2	27	2.50e-08	53.9
6final:k127_220865	+_1	88.5	26	3	0	1229	1306	2	27	2.50e-08	53.9
6final:k127_176416	gb|YP_177995.1|ARO:3004957|Mtub_clpC1_PZA	82.5	536	91	1	1	1599	94	629	3.25e-307	850
6final:k127_191895	gb|AHA41505.1|ARO:3002930|vanR_in_vanO_cl	89.2	232	24	1	1047	352	3	233	4.70e-140	402
6final:k127_28335	gb|AAB39605.1|ARO:3003361|Pros_EFTu_GE2A	71.4	56	16	0	2531	2364	342	397	1.14e-19	89.7
6final:k127_28335	gb|AAA50993.1|ARO:3003368|Ecol_EFTu_KIR	74.5	55	14	0	2531	2367	339	393	1.13e-18	86.7
6final:k127_28335	gb|AAC76364.1|ARO:3003370|Ecol_EFTu_ENC	74.5	55	14	0	2531	2367	339	393	1.13e-18	86.7
6final:k127_28335	gb|AAN82549.1|ARO:3003369|Ecol_EFTu_PLV	74.5	55	14	0	2531	2367	354	408	1.29e-18	86.7
6final:k127_28335	gb|AFK57679.1|ARO:3003438|Efac_EFTu_GE2A	70.4	54	16	0	2531	2370	368	421	2.57e-18	85.9
6final:k127_28436	-_1	70.7	382	108	2	385	1521	34	414	1.37e-155	474
6final:k127_28436	-_1	72.6	124	34	0	476	847	62	185	1.98e-44	168
6final:k127_28436	+_1	87.1	31	4	0	1247	1155	712	742	1.69e-09	58.5
6final:k127_28436	+_1	87.1	31	4	0	1247	1155	712	742	1.69e-09	58.5
6final:k127_132590	gb|AAL82403.1|ARO:3003297|Bbac_gyrA_FLO	70.3	128	36	1	1056	1433	1	128	2.22e-48	177
6final:k127_132590	gb|CBW16027.1|ARO:3003924|Hpin_gyrA_FLO	71.3	108	31	0	1110	1433	14	121	1.64e-44	166
6final:k127_132590	gb|AAG06556.1|ARO:3003684|Paer_gyrA_FLO	73.1	108	29	0	1110	1433	13	120	3.29e-44	165
6final:k127_132590	gb|AJF82744.1|ARO:3003817|Abau_gyrA_FLO	73.1	108	29	0	1110	1433	11	118	1.90e-43	163
6final:k127_132590	gb|AJY14066.1|ARO:3004860|Bdol_gyrA_FLO	72.2	108	30	0	1110	1433	13	120	4.27e-43	162
6final:k127_192376	gb|AAB39605.1|ARO:3003361|Pros_EFTu_GE2A	77.9	204	44	1	1302	1910	1	204	5.74e-101	311
6final:k127_192376	gb|CAA67349.1|ARO:3003359|Scin_EFTu_ELF	75.0	204	50	1	1302	1910	1	204	8.34e-97	300
6final:k127_192376	gb|AAN82549.1|ARO:3003369|Ecol_EFTu_PLV	73.4	203	53	1	1302	1910	16	217	5.64e-94	293
6final:k127_192376	gb|AAA50993.1|ARO:3003368|Ecol_EFTu_KIR	72.9	203	54	1	1302	1910	1	202	9.93e-94	292
6final:k127_192376	gb|AAC76364.1|ARO:3003370|Ecol_EFTu_ENC	72.9	203	54	1	1302	1910	1	202	9.93e-94	292
6final:k127_192376	gb|AFK57679.1|ARO:3003438|Efac_EFTu_GE2A	72.8	202	54	1	1302	1907	29	229	6.66e-93	291
6final:k127_192376	gb|AXU66539.1|ARO:3003357|Cdif_EFTu_ELF	70.9	203	58	1	1302	1907	1	203	6.53e-92	287
6final:k127_325933	gb|AFK57679.1|ARO:3003438|Efac_EFTu_GE2A	74.0	346	88	2	737	1771	24	368	2.12e-186	529
6final:k127_325933	gb|AAA50993.1|ARO:3003368|Ecol_EFTu_KIR	77.4	341	75	2	749	1771	1	339	6.11e-186	526
6final:k127_325933	gb|AAC76364.1|ARO:3003370|Ecol_EFTu_ENC	77.4	341	75	2	749	1771	1	339	6.11e-186	526
6final:k127_325933	gb|AAN82549.1|ARO:3003369|Ecol_EFTu_PLV	77.4	341	75	2	749	1771	16	354	1.48e-185	526
6final:k127_325933	gb|AAB39605.1|ARO:3003361|Pros_EFTu_GE2A	74.0	342	88	1	749	1771	1	342	1.37e-180	513
6final:k127_325933	gb|CAA67349.1|ARO:3003359|Scin_EFTu_ELF	73.7	342	89	1	749	1771	1	342	3.89e-180	512
6final:k127_325933	gb|AXU66539.1|ARO:3003357|Cdif_EFTu_ELF	72.0	343	93	2	749	1771	1	342	2.21e-174	497
6final:k127_207486	gb|AHA41505.1|ARO:3002930|vanR_in_vanO_cl	93.0	43	3	0	2378	2250	96	138	1.27e-17	80.5
6final:k127_326374	gb|AHA41504.1|ARO:3002941|vanS_in_vanO_cl	76.8	224	52	0	1	672	118	341	4.91e-105	315
1final:k127_66460	gb|AAC60780.1|ARO:3003049|rosB	84.4	32	5	0	97	2	1	32	3.11e-08	54.3
1final:k127_265741	gb|CCA59315.1|ARO:3007208|HelR	73.8	687	177	2	4120	2060	13	696	0.0	984
1final:k127_332109	gb|AAB39605.1|ARO:3003361|Pros_EFTu_GE2A	77.6	49	11	0	27427	27281	347	395	1.02e-16	84.3
1final:k127_332109	gb|AAA50993.1|ARO:3003368|Ecol_EFTu_KIR	77.6	49	11	0	27427	27281	344	392	2.36e-16	83.2
1final:k127_332109	gb|AAC76364.1|ARO:3003370|Ecol_EFTu_ENC	77.6	49	11	0	27427	27281	344	392	2.36e-16	83.2
1final:k127_332109	gb|AAN82549.1|ARO:3003369|Ecol_EFTu_PLV	77.6	49	11	0	27427	27281	359	407	2.70e-16	83.2
1final:k127_332109	gb|CAA67349.1|ARO:3003359|Scin_EFTu_ELF	79.6	49	10	0	27427	27281	347	395	4.31e-16	82.4
1final:k127_22509	gb|NP_388014.1|ARO:3007527|Bsub_rpsE_SPT	70.9	55	16	0	1853	2017	87	141	8.29e-18	79.0
1final:k127_199925	gb|CAA67349.1|ARO:3003359|Scin_EFTu_ELF	86.1	36	5	0	7195	7302	1	36	3.04e-12	68.6
1final:k127_199925	gb|AFK57679.1|ARO:3003438|Efac_EFTu_GE2A	86.1	36	5	0	7195	7302	29	64	4.60e-12	68.2
1final:k127_199925	gb|AAA50993.1|ARO:3003368|Ecol_EFTu_KIR	83.8	37	6	0	7195	7305	1	37	5.27e-12	67.8
1final:k127_199925	gb|AAC76364.1|ARO:3003370|Ecol_EFTu_ENC	83.8	37	6	0	7195	7305	1	37	5.27e-12	67.8
1final:k127_199925	gb|AAB39605.1|ARO:3003361|Pros_EFTu_GE2A	86.1	36	5	0	7195	7302	1	36	5.36e-12	67.8
1final:k127_199925	gb|AAN82549.1|ARO:3003369|Ecol_EFTu_PLV	81.6	38	7	0	7192	7305	15	52	5.70e-12	67.8
1final:k127_443321	gb|CAA67349.1|ARO:3003359|Scin_EFTu_ELF	91.7	36	3	0	40491	40598	1	36	1.44e-12	72.0
1final:k127_443321	gb|AAB39605.1|ARO:3003361|Pros_EFTu_GE2A	91.7	36	3	0	40491	40598	1	36	2.54e-12	71.2
1final:k127_443321	gb|AAA50993.1|ARO:3003368|Ecol_EFTu_KIR	89.2	37	4	0	40491	40601	1	37	3.31e-12	70.9
1final:k127_443321	gb|AAC76364.1|ARO:3003370|Ecol_EFTu_ENC	89.2	37	4	0	40491	40601	1	37	3.31e-12	70.9
1final:k127_443321	gb|AAN82549.1|ARO:3003369|Ecol_EFTu_PLV	86.5	37	5	0	40491	40601	16	52	1.12e-11	69.3
1final:k127_443321	gb|AFK57679.1|ARO:3003438|Efac_EFTu_GE2A	81.1	37	7	0	40491	40601	29	65	3.68e-11	67.8
1final:k127_23527	gb|BAB38333.1|ARO:3003288|Ecol_rpoB_RIF	95.6	592	26	0	2563	788	751	1342	0.0	1111
1final:k127_23527	gb|WP_011079201.1|ARO:3007794|Vvul_rpoB_RIF	85.6	592	84	1	2563	788	751	1341	0.0	996
1final:k127_422084	gb|CDO13836.1|ARO:3005044|OmpA	79.1	359	73	2	2566	1493	17	374	7.05e-193	553
1final:k127_488649	gb|YP_177995.1|ARO:3004957|Mtub_clpC1_PZA	77.5	142	32	0	2144	1719	1	142	1.18e-59	219
1final:k127_178211	gb|APB03214.1|ARO:3003980|tetA(58)	70.0	90	27	0	4178	4447	17	106	5.76e-32	126
1final:k127_68279	gb|AFK57679.1|ARO:3003438|Efac_EFTu_GE2A	76.6	394	91	1	69	1250	29	421	8.35e-219	617
1final:k127_68279	gb|AAA50993.1|ARO:3003368|Ecol_EFTu_KIR	76.5	395	91	2	69	1253	1	393	3.09e-216	609
1final:k127_68279	gb|AAC76364.1|ARO:3003370|Ecol_EFTu_ENC	76.5	395	91	2	69	1253	1	393	3.09e-216	609
1final:k127_68279	gb|AAN82549.1|ARO:3003369|Ecol_EFTu_PLV	76.0	396	93	2	66	1253	15	408	1.52e-215	608
1final:k127_68279	gb|AAB39605.1|ARO:3003361|Pros_EFTu_GE2A	74.1	397	102	1	69	1256	1	397	3.93e-210	594
1final:k127_68279	gb|CAA67349.1|ARO:3003359|Scin_EFTu_ELF	73.9	402	94	2	69	1256	1	397	3.93e-210	594
1final:k127_68279	gb|AXU66539.1|ARO:3003357|Cdif_EFTu_ELF	73.0	397	106	1	69	1256	1	397	1.68e-206	585
1final:k127_91014	gb|AAL82403.1|ARO:3003297|Bbac_gyrA_FLO	78.6	56	12	0	62	229	75	130	4.40e-21	94.7
1final:k127_91014	gb|CBW16027.1|ARO:3003924|Hpin_gyrA_FLO	71.4	56	16	0	62	229	68	123	1.75e-20	92.8
1final:k127_91014	gb|AJY14066.1|ARO:3004860|Bdol_gyrA_FLO	71.4	56	16	0	62	229	67	122	7.13e-20	90.9
1final:k127_91014	gb|AAW89357.1|ARO:3003928|Ngon_gyrA_FLO	71.4	56	16	0	62	229	75	130	7.02e-19	87.8
1final:k127_223668	gb|NP_215196.1|ARO:3003395|Mtub_rpsL_STR	71.9	89	25	0	1274	1540	27	115	5.38e-35	129
1final:k127_334450	gb|VWQ04090.1|ARO:3005042|mlaD	72.4	163	42	2	791	1273	1	162	2.08e-73	236
1final:k127_135358	-_1	71.4	276	79	0	4494	5321	67	342	4.32e-103	354
1final:k127_135358	+_1	70.2	228	67	1	6022	5339	392	618	3.95e-83	294
1final:k127_135358	+_1	70.2	228	67	1	6022	5339	392	618	3.95e-83	294
1final:k127_135358	+_1	70.2	228	67	1	6022	5339	392	618	3.95e-83	294
1final:k127_135358	+_1	70.2	228	67	1	6022	5339	392	618	3.95e-83	294
1final:k127_135358	+_1	70.2	228	67	1	6022	5339	392	618	3.95e-83	294
1final:k127_135358	+_1	78.7	94	20	0	4804	4523	798	891	4.38e-35	144
1final:k127_135358	+_1	72.6	95	26	0	4804	4520	801	895	2.12e-32	135
1final:k127_135358	+_1	71.9	96	27	0	4804	4517	801	896	2.12e-31	132
1final:k127_135358	+_1	78.0	82	18	0	4848	4603	863	944	1.62e-28	123
1final:k127_135358	+_1	74.4	82	21	0	4848	4603	855	936	1.07e-27	120
1final:k127_135358	+_1	73.2	82	22	0	4851	4606	795	876	6.75e-27	117
1final:k127_135358	+_1	75.6	82	20	0	4851	4606	777	858	4.44e-26	115
1final:k127_489811	gb|BAE77933.1|ARO:3000518|CRP	98.6	210	3	0	2003	1374	1	210	8.04e-141	416
1final:k127_113660	gb|AAW90462.1|ARO:3003930|rpsJ	70.6	102	30	0	1718	1413	1	102	1.95e-41	144
1final:k127_534300	gb|NP_215196.1|ARO:3003395|Mtub_rpsL_STR	78.5	121	26	0	4619	4981	1	121	9.27e-57	190
1final:k127_92202	gb|AFK57679.1|ARO:3003438|Efac_EFTu_GE2A	79.4	339	70	0	1496	2512	29	367	3.91e-196	563
1final:k127_92202	gb|AAN82549.1|ARO:3003369|Ecol_EFTu_PLV	80.5	339	65	1	1496	2512	16	353	9.83e-193	553
1final:k127_92202	gb|AAA50993.1|ARO:3003368|Ecol_EFTu_KIR	80.2	339	66	1	1496	2512	1	338	1.62e-192	552
1final:k127_92202	gb|AAC76364.1|ARO:3003370|Ecol_EFTu_ENC	80.2	339	66	1	1496	2512	1	338	1.62e-192	552
1final:k127_92202	gb|AXU66539.1|ARO:3003357|Cdif_EFTu_ELF	74.8	341	84	2	1496	2512	1	341	2.32e-179	519
1final:k127_92202	gb|CAA67349.1|ARO:3003359|Scin_EFTu_ELF	71.6	341	95	1	1496	2512	1	341	2.38e-176	511
1final:k127_92202	gb|AAB39605.1|ARO:3003361|Pros_EFTu_GE2A	71.6	341	95	1	1496	2512	1	341	3.43e-173	503
1final:k127_26204	+_1	78.8	80	17	0	2	241	844	923	8.67e-31	130
1final:k127_26204	+_1	78.8	80	17	0	2	241	840	919	2.64e-28	122
1final:k127_26204	+_1	77.5	80	18	0	2	241	916	995	1.48e-27	119
1final:k127_26204	+_1	81.2	69	13	0	2	208	849	917	9.26e-27	117
1final:k127_26204	+_1	73.1	78	21	0	2	235	864	941	8.25e-26	114
1final:k127_26204	+_1	73.8	80	21	0	2	241	908	987	8.63e-26	114
1final:k127_26204	+_1	77.1	70	16	0	2	211	831	900	1.60e-24	109
1final:k127_26204	-_1	74.6	71	18	0	215	3	61	131	1.28e-22	103
1final:k127_26204	-_1	70.8	72	21	0	218	3	57	128	6.38e-20	94.7
1final:k127_26204	-_1	71.9	57	16	0	288	118	34	90	7.71e-13	71.6
1final:k127_468938	-_1	80.0	45	8	1	2	133	654	698	1.19e-14	75.1
1final:k127_468938	+_1	72.1	43	11	1	131	3	567	608	9.24e-08	52.8
1final:k127_70343	+_1	72.7	55	13	2	462	623	136	189	4.14e-15	77.0
1final:k127_70343	-_1	70.6	51	15	0	2322	2170	295	345	2.66e-11	64.7
1final:k127_70425	+_1	70.6	68	20	0	1171	1374	327	394	6.51e-17	82.8
1final:k127_70425	+_1	76.8	56	13	0	1177	1344	325	380	1.95e-16	81.3
1final:k127_70425	+_1	76.8	56	13	0	1177	1344	325	380	1.95e-16	81.3
1final:k127_70425	+_1	76.8	56	13	0	1177	1344	325	380	1.95e-16	81.3
1final:k127_70425	+_1	76.8	56	13	0	1177	1344	325	380	1.95e-16	81.3
1final:k127_70425	+_1	76.8	56	13	0	1177	1344	325	380	1.95e-16	81.3
1final:k127_92771	gb|YP_177995.1|ARO:3004957|Mtub_clpC1_PZA	73.8	141	37	0	10413	10835	1	141	1.46e-57	215
1final:k127_447137	gb|YP_177995.1|ARO:3004957|Mtub_clpC1_PZA	76.2	42	10	0	2033	2158	213	254	2.79e-12	67.8
1final:k127_292962	gb|YP_177995.1|ARO:3004957|Mtub_clpC1_PZA	77.3	44	10	0	13264	13395	1	44	6.92e-13	72.8
1final:k127_181627	gb|AFK57679.1|ARO:3003438|Efac_EFTu_GE2A	71.1	38	11	0	4177	4064	384	421	3.46e-09	58.2
1final:k127_403290	+_1	70.5	156	46	0	588	121	784	939	1.67e-53	200
1final:k127_403290	+_1	70.5	112	33	0	523	188	867	978	9.00e-40	157
1final:k127_403290	-_1	71.0	100	29	0	461	162	818	917	4.39e-28	119
1final:k127_403290	+_1	70.0	100	30	0	461	162	888	987	4.23e-27	116
1final:k127_5509	gb|NP_215181.1|ARO:3003283|Mtub_rpoB_RIF	78.6	519	95	1	3	1559	401	903	3.14e-287	810
1final:k127_5509	gb|CAC30845.1|ARO:3003284|Mlep_rpoB_RIF	77.8	519	99	1	3	1559	407	909	4.50e-283	800
1final:k127_5509	gb|BAD59497.1|ARO:3000501|rpoB2	78.2	519	97	1	3	1559	394	896	8.88e-282	796
1final:k127_249262	gb|AAC73564.1|ARO:3000216|acrB	80.7	296	57	0	1777	890	754	1049	3.72e-154	467
1final:k127_249262	gb|AAA74437.1|ARO:3000378|MexB	77.6	272	60	1	1777	962	753	1023	4.24e-138	425
1final:k127_249262	gb|AAC76298.1|ARO:3000502|AcrF	79.3	271	56	0	1774	962	754	1024	3.99e-135	417
1final:k127_249262	gb|AAC76539.1|ARO:3000796|mdtF	77.2	272	62	0	1777	962	752	1023	5.16e-132	409
1final:k127_249262	gb|BAA16344.1|ARO:3000491|acrD	74.6	272	68	1	1777	962	752	1022	6.92e-127	395
1final:k127_226138	gb|AAC74370.1|ARO:3004045|Ecol_fabI_MULT	91.2	262	23	0	323	1108	1	262	7.75e-168	472
1final:k127_337325	gb|BAE77595.1|ARO:3003303|Ecol_gyrB_AMU	94.3	599	34	0	1798	2	1	599	0.0	1130
1final:k127_337325	gb|AAL22694.1|ARO:3003307|Sser_gyrB_FLO	94.3	599	34	0	1798	2	1	599	0.0	1129
1final:k127_337325	gb|WP_000072047.1|ARO:3007752|Sisa_gyrB_FLO	94.3	599	34	0	1798	2	1	599	0.0	1129
1final:k127_337325	gb|AGG29535.1|ARO:3003306|Mmor_gyrB_FLO	85.3	599	88	0	1798	2	1	599	0.0	1031
1final:k127_160224	gb|AHA41504.1|ARO:3002941|vanS_in_vanO_cl	81.5	54	10	0	3538	3377	290	343	1.88e-18	85.9
1final:k127_116204	gb|NP_215181.1|ARO:3003283|Mtub_rpoB_RIF	81.8	44	8	0	132	1	438	481	1.36e-16	80.9
1final:k127_116204	gb|CAC30845.1|ARO:3003284|Mlep_rpoB_RIF	81.8	44	8	0	132	1	444	487	1.36e-16	80.9
1final:k127_116204	gb|CAG39568.1|ARO:3003285|Saur_rpoB_RIF	70.4	54	16	0	162	1	464	517	1.26e-15	77.8
1final:k127_116204	gb|CAG39568.1|ARO:3003287|Saur_rpoB_DAP	70.4	54	16	0	162	1	464	517	1.26e-15	77.8
1final:k127_116204	gb|CAB11883.2|ARO:3007073|Bsub_rpoB_RIF	70.4	54	16	0	162	1	465	518	1.67e-15	77.4
1final:k127_116204	gb|BAB38333.1|ARO:3003288|Ecol_rpoB_RIF	77.3	44	10	0	132	1	519	562	2.29e-15	77.0
1final:k127_116204	gb|WP_041777404.1|ARO:3004480|Bado_rpoB_RIF	75.0	44	11	0	132	1	440	483	6.67e-15	75.5
1final:k127_116204	gb|WP_011079201.1|ARO:3007794|Vvul_rpoB_RIF	75.0	44	11	0	132	1	519	562	2.76e-14	73.6
1final:k127_116204	gb|BAD59497.1|ARO:3000501|rpoB2	77.3	44	10	0	132	1	431	474	3.50e-14	73.2
1final:k127_72059	+_1	74.7	95	24	0	46953	46669	809	903	1.52e-34	145
1final:k127_72059	+_1	72.9	96	26	0	46956	46669	784	879	6.63e-33	140
1final:k127_72059	+_1	74.7	91	23	0	46947	46675	863	953	7.60e-33	140
1final:k127_72059	+_1	70.7	92	27	0	46947	46672	796	887	5.31e-31	134
1final:k127_72059	+_1	74.1	81	21	0	46903	46661	798	878	1.59e-26	119
1final:k127_72059	+_1	70.7	82	24	0	46903	46658	867	948	1.15e-25	117
1final:k127_72059	+_1	70.0	70	21	0	46925	46716	789	858	6.13e-16	85.1
1final:k127_72059	+_1	70.0	70	21	0	46925	46716	789	858	6.13e-16	85.1
1final:k127_72059	+_1	70.0	70	21	0	46925	46716	789	858	6.13e-16	85.1
1final:k127_72059	+_1	70.0	70	21	0	46925	46716	789	858	6.13e-16	85.1
1final:k127_72059	+_1	70.0	70	21	0	46925	46716	789	858	6.13e-16	85.1
1final:k127_471566	gb|YP_177995.1|ARO:3004957|Mtub_clpC1_PZA	88.9	36	4	0	988	1095	1	36	7.49e-12	65.5
1final:k127_160472	+_1	78.1	32	7	0	8	103	960	991	2.67e-09	57.4
1final:k127_160472	+_1	75.0	32	8	0	8	103	954	985	1.82e-08	54.7
1final:k127_160472	+_1	75.0	32	8	0	8	103	954	985	1.82e-08	54.7
1final:k127_160472	+_1	75.0	32	8	0	8	103	956	987	1.83e-08	54.7
1final:k127_160472	+_1	75.0	32	8	0	8	103	954	985	7.23e-08	52.8
1final:k127_6175	gb|AAA50993.1|ARO:3003368|Ecol_EFTu_KIR	75.5	396	94	2	3038	1851	1	393	6.94e-209	613
1final:k127_6175	gb|AAC76364.1|ARO:3003370|Ecol_EFTu_ENC	75.5	396	94	2	3038	1851	1	393	6.94e-209	613
1final:k127_6175	gb|AAN82549.1|ARO:3003369|Ecol_EFTu_PLV	74.9	398	97	2	3044	1851	14	408	1.69e-208	613
1final:k127_6175	gb|AFK57679.1|ARO:3003438|Efac_EFTu_GE2A	74.9	395	97	1	3038	1854	29	421	7.86e-208	612
1final:k127_6175	gb|AAB39605.1|ARO:3003361|Pros_EFTu_GE2A	74.3	397	102	0	3038	1848	1	397	1.68e-207	610
1final:k127_6175	gb|CAA67349.1|ARO:3003359|Scin_EFTu_ELF	74.3	397	102	0	3038	1848	1	397	2.00e-205	604
1final:k127_6175	gb|AXU66539.1|ARO:3003357|Cdif_EFTu_ELF	72.4	399	106	3	3038	1848	1	397	4.28e-196	580
1final:k127_250265	+_1	70.1	87	26	0	536	276	600	686	1.53e-27	117
1final:k127_250265	-_1	91.1	45	4	0	2707	2841	1	45	1.25e-18	87.8
1final:k127_250265	-_1	91.1	45	4	0	2707	2841	1	45	1.25e-18	87.8
1final:k127_250265	-_1	91.1	45	4	0	2707	2841	1	45	1.25e-18	87.8
1final:k127_250265	-_1	91.1	45	4	0	2707	2841	1	45	1.25e-18	87.8
1final:k127_250265	+_1	83.3	48	8	0	2851	2708	462	509	8.48e-17	82.0
1final:k127_250265	+_1	83.3	48	8	0	2851	2708	462	509	8.48e-17	82.0
1final:k127_250265	+_1	83.3	48	8	0	2851	2708	462	509	8.48e-17	82.0
1final:k127_250265	+_1	83.3	48	8	0	2851	2708	462	509	8.48e-17	82.0
1final:k127_250265	+_1	93.8	32	2	0	2803	2708	481	512	1.80e-11	65.1
1final:k127_250265	+_1	93.8	32	2	0	2803	2708	481	512	1.80e-11	65.1
1final:k127_250265	+_1	93.8	32	2	0	2803	2708	481	512	1.80e-11	65.1
1final:k127_250265	+_1	93.8	32	2	0	2803	2708	481	512	1.80e-11	65.1
1final:k127_250265	+_1	93.8	32	2	0	2803	2708	481	512	1.80e-11	65.1
1final:k127_250265	+_1	93.8	32	2	0	2803	2708	481	512	1.80e-11	65.1
1final:k127_250265	+_1	93.8	32	2	0	2803	2708	481	512	1.80e-11	65.1
1final:k127_250265	+_1	86.8	38	5	0	2852	2739	448	485	3.59e-10	60.8
1final:k127_250265	+_1	96.6	29	1	0	2801	2715	473	501	1.95e-09	58.5
1final:k127_250265	+_1	96.6	29	1	0	2801	2715	473	501	1.95e-09	58.5
1final:k127_250265	+_1	96.6	29	1	0	2801	2715	473	501	1.95e-09	58.5
1final:k127_250265	+_1	96.6	29	1	0	2801	2715	473	501	1.95e-09	58.5
1final:k127_250265	+_1	96.6	29	1	0	2801	2715	473	501	1.95e-09	58.5
1final:k127_250265	+_1	83.9	31	5	0	2259	2167	24	54	2.82e-09	58.5
1final:k127_29381	gb|AAA50993.1|ARO:3003368|Ecol_EFTu_KIR	79.3	213	43	1	11396	12034	1	212	1.43e-100	328
1final:k127_29381	gb|AAC76364.1|ARO:3003370|Ecol_EFTu_ENC	79.3	213	43	1	11396	12034	1	212	1.43e-100	328
1final:k127_29381	gb|AAN82549.1|ARO:3003369|Ecol_EFTu_PLV	78.9	213	44	1	11396	12034	16	227	7.95e-100	326
1final:k127_29381	gb|AFK57679.1|ARO:3003438|Efac_EFTu_GE2A	76.5	213	49	1	11396	12034	29	240	1.07e-98	323
1final:k127_29381	gb|AAB39605.1|ARO:3003361|Pros_EFTu_GE2A	75.2	214	52	1	11396	12034	1	214	5.48e-98	320
1final:k127_29381	gb|AXU66539.1|ARO:3003357|Cdif_EFTu_ELF	75.7	214	51	1	11396	12034	1	214	2.21e-96	316
1final:k127_29381	gb|CAA67349.1|ARO:3003359|Scin_EFTu_ELF	74.8	214	53	1	11396	12034	1	214	3.01e-96	315
1final:k127_29381	gb|NP_215196.1|ARO:3003395|Mtub_rpsL_STR	71.9	121	34	0	8389	8751	1	121	6.83e-51	174
1final:k127_537728	gb|AFK57679.1|ARO:3003438|Efac_EFTu_GE2A	73.8	42	11	0	3	128	381	422	8.27e-14	71.6
1final:k127_537728	gb|AAB39605.1|ARO:3003361|Pros_EFTu_GE2A	70.7	41	12	0	3	125	355	395	1.20e-11	64.7
1final:k127_537728	gb|AAA50993.1|ARO:3003368|Ecol_EFTu_KIR	70.7	41	12	0	3	125	352	392	2.09e-11	63.9
1final:k127_537728	gb|AAC76364.1|ARO:3003370|Ecol_EFTu_ENC	70.7	41	12	0	3	125	352	392	2.09e-11	63.9
1final:k127_537728	gb|AAN82549.1|ARO:3003369|Ecol_EFTu_PLV	70.7	41	12	0	3	125	367	407	2.22e-11	63.9
1final:k127_51446	gb|AHA41505.1|ARO:3002930|vanR_in_vanO_cl	85.7	35	5	0	1750	1854	3	37	7.96e-11	60.1
1final:k127_404926	gb|AHA41499.1|ARO:3002948|vanH_in_vanO_cl	73.5	332	88	0	1522	527	14	345	9.83e-176	496
1final:k127_404926	gb|AHA41500.1|ARO:3002913|vanO	76.0	171	41	0	513	1	1	171	2.62e-94	288
1final:k127_404926	gb|KTE89608.1|ARO:3003723|vanI	74.9	171	43	0	513	1	1	171	9.38e-89	274
1final:k127_51515	gb|ADF62940.1|ARO:3000828|baeR	76.5	238	54	1	360	1067	2	239	7.76e-120	357
1final:k127_206342	gb|AAB39605.1|ARO:3003361|Pros_EFTu_GE2A	77.6	49	11	0	48896	48750	347	395	1.85e-16	84.3
1final:k127_206342	gb|AAA50993.1|ARO:3003368|Ecol_EFTu_KIR	77.6	49	11	0	48896	48750	344	392	4.26e-16	83.2
1final:k127_206342	gb|AAC76364.1|ARO:3003370|Ecol_EFTu_ENC	77.6	49	11	0	48896	48750	344	392	4.26e-16	83.2
1final:k127_206342	gb|AAN82549.1|ARO:3003369|Ecol_EFTu_PLV	77.6	49	11	0	48896	48750	359	407	4.88e-16	83.2
1final:k127_206342	gb|CAA67349.1|ARO:3003359|Scin_EFTu_ELF	79.6	49	10	0	48896	48750	347	395	7.79e-16	82.4
1final:k127_317214	gb|AAB39605.1|ARO:3003361|Pros_EFTu_GE2A	77.6	397	88	1	1	1188	1	397	5.62e-224	623
1final:k127_317214	gb|CAA67349.1|ARO:3003359|Scin_EFTu_ELF	75.8	397	95	1	1	1188	1	397	1.61e-223	622
1final:k127_317214	gb|AFK57679.1|ARO:3003438|Efac_EFTu_GE2A	74.4	394	100	1	1	1182	29	421	2.50e-212	595
1final:k127_317214	gb|AAA50993.1|ARO:3003368|Ecol_EFTu_KIR	73.4	395	103	2	1	1185	1	393	2.02e-211	591
1final:k127_317214	gb|AAC76364.1|ARO:3003370|Ecol_EFTu_ENC	73.4	395	103	2	1	1185	1	393	2.02e-211	591
1final:k127_317214	gb|AAN82549.1|ARO:3003369|Ecol_EFTu_PLV	73.2	395	104	2	1	1185	16	408	1.41e-210	590
1final:k127_317214	gb|AXU66539.1|ARO:3003357|Cdif_EFTu_ELF	72.1	398	108	2	1	1188	1	397	1.75e-203	571
1final:k127_538378	gb|KTE89608.1|ARO:3003723|vanI	71.8	238	67	0	714	1	1	238	1.36e-114	353
1final:k127_538378	gb|AHA41500.1|ARO:3002913|vanO	71.0	238	69	0	714	1	1	238	2.50e-114	352
1final:k127_516491	gb|AJP09758.1|ARO:3004681|Cdif_rpoC_VAN	74.4	375	89	3	1124	3	166	534	2.00e-178	532
1final:k127_228536	gb|APB03222.1|ARO:3003992|rphB	73.4	885	219	2	54252	51640	1	883	0.0	1283
1final:k127_118501	gb|AFK57679.1|ARO:3003438|Efac_EFTu_GE2A	74.7	198	50	0	1583	990	224	421	1.05e-105	320
1final:k127_118501	gb|AAB39605.1|ARO:3003361|Pros_EFTu_GE2A	73.5	200	53	0	1583	984	198	397	3.65e-102	310
1final:k127_118501	gb|AAA50993.1|ARO:3003368|Ecol_EFTu_KIR	74.4	199	50	1	1583	987	196	393	4.69e-102	310
1final:k127_118501	gb|AAC76364.1|ARO:3003370|Ecol_EFTu_ENC	74.4	199	50	1	1583	987	196	393	4.69e-102	310
1final:k127_118501	gb|AAN82549.1|ARO:3003369|Ecol_EFTu_PLV	74.4	199	50	1	1583	987	211	408	7.48e-102	310
1final:k127_118501	gb|CAA67349.1|ARO:3003359|Scin_EFTu_ELF	72.0	200	56	0	1583	984	198	397	1.80e-99	303
1final:k127_516719	gb|YP_177995.1|ARO:3004957|Mtub_clpC1_PZA	76.8	729	165	2	3015	838	81	808	0.0	1074
1final:k127_339853	gb|NP_216424.1|ARO:3003392|Mtub_katG_INH	79.3	261	54	0	630	1412	35	295	2.56e-153	453
1final:k127_339853	gb|NP_216424.1|ARO:3005102|Mtub_katG_PTO	79.3	261	54	0	630	1412	35	295	2.56e-153	453
1final:k127_274076	+_1	78.8	208	44	0	458	1081	788	995	6.34e-90	295
1final:k127_274076	+_1	75.5	208	51	0	458	1081	780	987	5.00e-86	284
1final:k127_274076	+_1	74.4	164	42	0	560	1051	737	900	1.40e-65	226
1final:k127_274076	-_1	72.3	137	38	0	1106	696	39	175	6.24e-49	179
1final:k127_274076	+_1	84.9	53	8	0	212	370	694	746	1.39e-19	90.1
1final:k127_274076	+_1	84.9	53	8	0	212	370	694	746	1.39e-19	90.1
1final:k127_274076	+_1	87.5	32	4	0	993	1088	956	987	1.80e-11	64.3
1final:k127_274076	+_1	81.3	32	6	0	993	1088	960	991	1.14e-09	58.5
1final:k127_516811	gb|AHA41504.1|ARO:3002941|vanS_in_vanO_cl	70.6	160	47	0	1	480	185	344	3.46e-62	214
1final:k127_207530	gb|AAC74000.1|ARO:3003950|msbA	87.3	395	50	0	1185	1	1	395	8.34e-235	662
1final:k127_208021	+_1	71.5	253	67	1	1464	2222	716	963	4.35e-98	335
1final:k127_208021	+_1	79.7	128	26	0	1741	2124	819	946	7.05e-50	190
1final:k127_208021	+_1	78.2	119	26	0	1768	2124	820	938	1.14e-45	177
1final:k127_208021	+_1	73.2	123	33	0	1756	2124	739	861	5.41e-43	168
1final:k127_9028	gb|AJP09758.1|ARO:3004681|Cdif_rpoC_VAN	78.0	141	31	0	960	538	1	141	2.58e-67	248
1final:k127_9028	gb|CAG39569.1|ARO:3003291|Saur_rpoC_DAP	79.7	138	28	0	960	547	1	138	1.06e-66	246
1final:k127_75565	+_1	77.5	40	9	0	3448	3567	375	414	1.24e-10	63.5
1final:k127_75565	+_1	77.5	40	9	0	3448	3567	375	414	1.24e-10	63.5
1final:k127_75565	+_1	75.0	40	10	0	3448	3567	382	421	4.84e-10	61.6
1final:k127_407411	gb|AFK57679.1|ARO:3003438|Efac_EFTu_GE2A	70.5	403	113	2	2933	1728	24	421	7.22e-196	568
1final:k127_75852	gb|AAC76093.1|ARO:3002986|bacA	83.5	272	44	1	4300	3488	1	272	1.57e-145	445
1final:k127_452661	gb|ACL19707.1|ARO:3003725|vanX_in_vanI_cl	79.1	201	42	0	1249	647	1	201	6.62e-118	345
1final:k127_452661	gb|AHA41501.1|ARO:3002954|vanX_in_vanO_cl	77.7	202	45	0	1249	644	1	202	3.75e-117	343
1final:k127_452661	gb|KTE89608.1|ARO:3003723|vanI	78.0	168	37	0	1761	1258	176	343	3.26e-84	264
1final:k127_452661	gb|AHA41500.1|ARO:3002913|vanO	71.9	171	48	0	1761	1249	176	346	4.28e-80	253
1final:k127_452843	gb|AHA41500.1|ARO:3002913|vanO	76.0	346	83	0	14540	13503	1	346	1.68e-177	547
1final:k127_452843	gb|KTE89608.1|ARO:3003723|vanI	76.7	343	80	0	14540	13512	1	343	3.12e-172	532
1final:k127_452843	gb|AHA41499.1|ARO:3002948|vanH_in_vanO_cl	71.3	331	95	0	15546	14554	15	345	3.79e-155	483
1final:k127_452843	gb|AHA41501.1|ARO:3002954|vanX_in_vanO_cl	75.2	202	50	0	13503	12898	1	202	1.53e-106	337
1final:k127_452843	gb|ACL19707.1|ARO:3003725|vanX_in_vanI_cl	74.8	202	51	0	13503	12898	1	202	1.90e-103	328
1final:k127_452843	gb|AHA41505.1|ARO:3002930|vanR_in_vanO_cl	79.5	39	8	0	16985	17101	4	42	4.68e-10	61.2
1final:k127_541056	gb|BAB38260.1|ARO:3000830|cpxA	87.6	306	38	0	1495	2412	1	306	2.49e-182	528
1final:k127_209389	gb|AHA41505.1|ARO:3002930|vanR_in_vanO_cl	90.2	123	12	0	1536	1168	99	221	1.00e-70	223
1final:k127_209466	gb|NP_215182.1|ARO:3004994|Mtub_rpoC_RIF	70.2	171	51	0	1482	1994	2	172	7.86e-75	265
1final:k127_209466	gb|CAG39569.1|ARO:3003291|Saur_rpoC_DAP	77.0	135	31	0	1482	1886	2	136	7.66e-67	240
1final:k127_209466	gb|AJP09758.1|ARO:3004681|Cdif_rpoC_VAN	74.1	135	35	0	1482	1886	2	136	5.13e-66	238
1final:k127_409098	gb|CDJ72593.1|ARO:3003889|Ecol_GlpT_FOF	87.4	445	56	0	1067	2401	1	445	5.06e-283	806
1final:k127_409098	+_1	75.0	40	10	0	4217	4336	805	844	2.70e-11	65.9
1final:k127_409098	+_1	76.9	39	9	0	4220	4336	872	910	3.63e-11	65.5
1final:k127_409098	+_1	78.9	38	8	0	4217	4330	802	839	4.63e-11	65.1
1final:k127_409098	+_1	72.5	40	11	0	4217	4336	805	844	1.34e-10	63.5
1final:k127_254968	+_1	77.6	67	15	0	843	643	327	393	7.43e-21	95.1
1final:k127_254968	+_1	76.8	56	13	0	837	670	325	380	1.55e-16	81.3
1final:k127_254968	+_1	76.8	56	13	0	837	670	325	380	1.55e-16	81.3
1final:k127_254968	+_1	76.8	56	13	0	837	670	325	380	1.55e-16	81.3
1final:k127_254968	+_1	76.8	56	13	0	837	670	325	380	1.55e-16	81.3
1final:k127_254968	+_1	76.8	56	13	0	837	670	325	380	1.55e-16	81.3
1final:k127_254968	+_1	71.9	57	16	0	840	670	339	395	2.44e-15	77.4
1final:k127_121832	+_1	78.8	80	17	0	3007	2768	916	995	3.80e-28	120
1final:k127_121832	+_1	77.5	80	18	0	3007	2768	844	923	4.61e-28	120
1final:k127_121832	+_1	76.6	77	18	0	3007	2777	864	940	8.12e-28	119
1final:k127_121832	+_1	73.8	80	21	0	3007	2768	840	919	1.61e-26	115
1final:k127_121832	+_1	72.5	80	22	0	3007	2768	908	987	2.63e-25	111
1final:k127_121832	-_1	77.8	72	16	0	2794	3009	61	132	4.39e-25	110
1final:k127_121832	+_1	75.4	69	17	0	3007	2801	849	917	5.05e-24	107
1final:k127_121832	-_1	72.6	73	20	0	2791	3009	57	129	9.97e-23	102
1final:k127_121832	+_1	71.4	70	20	0	3007	2798	831	900	7.86e-21	96.7
1final:k127_121832	+_1	77.2	57	13	0	3008	2838	905	961	1.46e-18	89.4
1final:k127_121832	+_1	77.2	57	13	0	3008	2838	836	892	1.23e-17	86.3
1final:k127_34300	+_1	72.2	97	27	0	1731	1441	132	228	2.26e-34	139
1final:k127_453993	gb|AAF67494.2|ARO:3002522|novA	85.7	42	6	0	134	9	437	478	2.90e-13	70.1
1final:k127_409856	gb|BAB38333.1|ARO:3003288|Ecol_rpoB_RIF	95.5	665	30	0	5361	7355	1	665	0.0	1261
1final:k127_409856	gb|WP_011079201.1|ARO:3007794|Vvul_rpoB_RIF	84.4	665	104	0	5361	7355	1	665	0.0	1134
1final:k127_409856	gb|AAN82549.1|ARO:3003369|Ecol_EFTu_PLV	89.0	399	44	0	94	1290	10	408	1.84e-242	724
1final:k127_409856	gb|AAA50993.1|ARO:3003368|Ecol_EFTu_KIR	90.3	393	38	0	112	1290	1	393	1.07e-241	721
1final:k127_409856	gb|AAC76364.1|ARO:3003370|Ecol_EFTu_ENC	90.3	393	38	0	112	1290	1	393	1.07e-241	721
1final:k127_409856	gb|AFK57679.1|ARO:3003438|Efac_EFTu_GE2A	76.7	403	92	2	85	1287	19	421	4.30e-206	626
1final:k127_409856	gb|AXU66539.1|ARO:3003357|Cdif_EFTu_ELF	74.0	396	100	3	112	1290	1	396	1.44e-192	588
1final:k127_409856	gb|AAB39605.1|ARO:3003361|Pros_EFTu_GE2A	71.2	396	111	2	112	1290	1	396	8.17e-188	575
1final:k127_409856	gb|CAA67349.1|ARO:3003359|Scin_EFTu_ELF	70.1	395	115	2	112	1287	1	395	7.74e-187	572
1final:k127_232419	+_1	70.1	127	38	0	1575	1195	104	230	9.42e-46	166
1final:k127_232419	+_1	70.0	80	24	0	1383	1622	349	428	1.12e-27	114
1final:k127_277886	gb|CDO13981.1|ARO:3003585|Kleb_PhoP_CST	83.3	222	37	0	784	119	1	222	2.96e-128	372
1final:k127_278168	-_1	82.7	98	17	0	25	318	346	443	3.94e-40	153
1final:k127_278168	-_1	82.7	98	17	0	25	318	346	443	3.94e-40	153
1final:k127_278168	-_1	82.7	98	17	0	25	318	346	443	3.94e-40	153
1final:k127_278168	-_1	82.7	98	17	0	25	318	346	443	3.94e-40	153
1final:k127_278168	+_1	70.1	97	29	0	419	129	22	118	9.75e-33	130
1final:k127_278168	+_1	70.1	97	29	0	419	129	22	118	9.75e-33	130
1final:k127_278168	+_1	70.1	97	29	0	419	129	22	118	9.75e-33	130
1final:k127_278168	+_1	70.1	97	29	0	419	129	22	118	9.75e-33	130
1final:k127_278168	+_1	70.1	97	29	0	419	129	22	118	9.75e-33	130
1final:k127_278168	+_1	79.7	69	14	0	310	104	70	138	9.01e-27	113
1final:k127_278168	+_1	79.7	69	14	0	310	104	70	138	9.01e-27	113
1final:k127_278168	+_1	79.7	69	14	0	310	104	70	138	9.01e-27	113
1final:k127_278168	+_1	79.7	69	14	0	310	104	70	138	9.01e-27	113
1final:k127_278168	+_1	78.6	70	15	0	313	104	64	133	1.12e-26	112
1final:k127_278168	+_1	78.6	70	15	0	313	104	64	133	1.12e-26	112
1final:k127_278168	+_1	78.6	70	15	0	313	104	64	133	1.12e-26	112
1final:k127_278168	+_1	78.6	70	15	0	313	104	64	133	1.12e-26	112
1final:k127_278168	+_1	78.6	70	15	0	313	104	64	133	1.12e-26	112
1final:k127_278168	+_1	75.7	70	17	0	313	104	66	135	8.02e-25	107
1final:k127_278168	+_1	75.0	56	13	1	280	113	81	135	2.39e-18	87.0
1final:k127_278168	+_1	75.0	56	13	1	280	113	81	135	2.39e-18	87.0
1final:k127_278168	+_1	75.0	56	13	1	280	113	81	135	2.39e-18	87.0
1final:k127_278168	+_1	75.0	56	13	1	280	113	81	135	2.39e-18	87.0
1final:k127_278168	+_1	75.0	56	13	1	280	113	81	135	2.39e-18	87.0
1final:k127_278168	+_1	75.0	56	13	1	280	113	81	135	2.39e-18	87.0
1final:k127_278168	+_1	75.0	56	13	1	280	113	81	135	2.39e-18	87.0
1final:k127_278168	+_1	75.0	56	13	1	280	113	81	135	2.39e-18	87.0
1final:k127_278168	+_1	75.0	56	13	1	280	113	81	135	2.39e-18	87.0
1final:k127_278168	+_1	75.0	56	13	1	280	113	81	135	2.39e-18	87.0
1final:k127_278168	+_1	75.0	56	13	1	280	113	81	135	2.39e-18	87.0
1final:k127_278168	+_1	75.0	56	13	1	280	113	81	135	2.39e-18	87.0
1final:k127_278168	+_1	75.0	56	13	1	280	113	81	135	2.39e-18	87.0
1final:k127_278168	+_1	75.0	56	13	1	280	113	81	135	2.39e-18	87.0
1final:k127_278168	+_1	75.0	56	13	1	280	113	81	135	2.39e-18	87.0
1final:k127_278168	+_1	78.0	41	9	0	256	134	80	120	4.21e-11	63.9
1final:k127_35719	+_1	70.7	41	12	0	2575	2453	212	252	5.56e-09	60.8
1final:k127_35719	+_1	70.7	41	12	0	2575	2453	214	254	1.66e-08	59.3
1final:k127_35719	+_1	70.7	41	12	0	2575	2453	214	254	1.66e-08	59.3
1final:k127_35719	+_1	70.7	41	12	0	2575	2453	214	254	1.66e-08	59.3
1final:k127_35719	+_1	70.7	41	12	0	2575	2453	214	254	1.66e-08	59.3
1final:k127_35719	+_1	70.7	41	12	0	2575	2453	214	254	1.66e-08	59.3
1final:k127_35719	+_1	76.5	34	8	0	2943	2842	99	132	6.75e-08	57.4
1final:k127_479290	gb|AHA41504.1|ARO:3002941|vanS_in_vanO_cl	78.4	296	64	0	249	1136	45	340	2.06e-151	434
1final:k127_78820	gb|ABG77965.1|ARO:3004042|Eclo_acrA	73.0	397	107	0	1470	280	1	397	3.04e-194	546
1final:k127_78820	gb|AAC73565.1|ARO:3004043|Ecol_acrA	72.8	397	106	1	1470	286	1	397	3.04e-194	546
1final:k127_78820	gb|NP_706356.2|ARO:3007509|Sfle_acrA	72.5	397	107	1	1470	286	1	397	3.51e-193	543
1final:k127_78820	gb|CAC41008.1|ARO:3004041|Kpne_acrA	72.7	385	102	2	1470	322	1	384	3.23e-184	521
1final:k127_78820	gb|AAC73564.1|ARO:3000216|acrB	76.7	86	20	0	260	3	1	86	5.17e-34	135
1final:k127_78820	gb|AAC76298.1|ARO:3000502|AcrF	73.3	86	23	0	260	3	1	86	9.35e-33	131
1final:k127_78820	gb|AAC76539.1|ARO:3000796|mdtF	70.9	86	25	0	260	3	1	86	9.37e-33	131
1final:k127_78820	gb|CAC14595.1|ARO:3003056|smeE	70.9	86	25	0	260	3	1	86	4.00e-32	129
1final:k127_12807	gb|YP_177995.1|ARO:3004957|Mtub_clpC1_PZA	70.6	126	37	0	1628	2005	1	126	1.76e-49	183
1final:k127_521695	gb|AIA35096.1|ARO:3005059|LptD	74.8	333	77	3	995	3	1	328	7.99e-176	513
1final:k127_102417	gb|AAB39605.1|ARO:3003361|Pros_EFTu_GE2A	86.1	36	5	0	3728	3621	362	397	1.77e-11	65.1
1final:k127_102417	gb|CAA67349.1|ARO:3003359|Scin_EFTu_ELF	86.1	36	5	0	3728	3621	362	397	1.68e-10	62.0
1final:k127_102417	gb|AAA50993.1|ARO:3003368|Ecol_EFTu_KIR	74.3	35	9	0	3728	3624	359	393	3.41e-08	54.7
1final:k127_102417	gb|AAC76364.1|ARO:3003370|Ecol_EFTu_ENC	74.3	35	9	0	3728	3624	359	393	3.41e-08	54.7
1final:k127_102417	gb|AAN82549.1|ARO:3003369|Ecol_EFTu_PLV	74.3	35	9	0	3728	3624	374	408	3.56e-08	54.7
1final:k127_167940	gb|NP_215196.1|ARO:3003395|Mtub_rpsL_STR	74.4	121	31	0	1940	1578	1	121	1.86e-54	183
1final:k127_324406	gb|AHA41505.1|ARO:3002930|vanR_in_vanO_cl	89.6	230	22	1	19437	18754	4	233	1.39e-127	400
1final:k127_370124	gb|AHA41505.1|ARO:3002930|vanR_in_vanO_cl	90.5	105	10	0	316	2	3	107	5.41e-55	189
1final:k127_14422	+_1	92.9	28	2	0	3	86	846	873	4.63e-10	60.1
1final:k127_14422	+_1	88.9	27	3	0	3	83	923	949	2.20e-08	54.7
1final:k127_14422	-_1	96.6	29	1	0	87	1	91	119	2.85e-08	54.3
1final:k127_346515	gb|VWQ04088.1|ARO:3005041|mlaF	73.5	132	35	0	397	2	1	132	1.70e-62	202
1final:k127_259062	+_1	73.5	102	27	0	1300	995	379	480	2.66e-39	147
1final:k127_259062	+_1	73.5	102	27	0	1300	995	379	480	2.66e-39	147
1final:k127_259062	+_1	73.5	102	27	0	1300	995	379	480	2.66e-39	147
1final:k127_259062	+_1	73.5	102	27	0	1300	995	379	480	2.66e-39	147
1final:k127_259062	+_1	73.5	102	27	0	1300	995	379	480	2.66e-39	147
1final:k127_259062	+_1	73.5	102	27	0	1300	995	379	480	2.66e-39	147
1final:k127_259062	+_1	73.5	102	27	0	1300	995	379	480	2.66e-39	147
1final:k127_259062	+_1	70.1	87	26	0	1254	994	379	465	4.65e-30	120
1final:k127_259062	+_1	70.1	87	26	0	1254	994	379	465	4.65e-30	120
1final:k127_259062	+_1	70.1	87	26	0	1254	994	379	465	4.65e-30	120
1final:k127_259062	+_1	70.1	87	26	0	1254	994	379	465	4.65e-30	120
1final:k127_259062	+_1	70.1	87	26	0	1254	994	379	465	4.65e-30	120
1final:k127_259062	-_1	73.6	53	14	0	40	198	783	835	6.54e-17	81.6
1final:k127_259062	+_1	72.2	54	15	0	1156	995	410	463	1.40e-15	76.6
1final:k127_259062	+_1	85.4	41	6	0	1568	1446	292	332	1.10e-14	73.9
1final:k127_259062	+_1	85.4	41	6	0	1568	1446	292	332	1.10e-14	73.9
1final:k127_259062	+_1	85.4	41	6	0	1568	1446	292	332	1.10e-14	73.9
1final:k127_259062	+_1	85.4	41	6	0	1568	1446	292	332	1.10e-14	73.9
1final:k127_259062	+_1	85.4	41	6	0	1568	1446	292	332	1.10e-14	73.9
1final:k127_259062	+_1	85.4	41	6	0	1568	1446	292	332	1.10e-14	73.9
1final:k127_259062	+_1	85.4	41	6	0	1568	1446	292	332	1.10e-14	73.9
1final:k127_259062	+_1	85.4	41	6	0	1568	1446	292	332	1.10e-14	73.9
1final:k127_259062	+_1	85.4	41	6	0	1568	1446	292	332	1.10e-14	73.9
1final:k127_259062	+_1	85.4	41	6	0	1568	1446	292	332	1.10e-14	73.9
1final:k127_259062	+_1	85.4	41	6	0	1568	1446	292	332	1.10e-14	73.9
1final:k127_259062	+_1	85.4	41	6	0	1568	1446	292	332	1.10e-14	73.9
1final:k127_259062	+_1	85.4	41	6	0	1568	1446	292	332	1.10e-14	73.9
1final:k127_259062	+_1	85.4	41	6	0	1568	1446	292	332	1.10e-14	73.9
1final:k127_259062	+_1	85.4	41	6	0	1568	1446	292	332	1.10e-14	73.9
1final:k127_235626	-_1	93.1	29	2	0	152	66	1	29	3.07e-10	60.1
1final:k127_235626	-_1	93.1	29	2	0	152	66	1	29	3.07e-10	60.1
1final:k127_235626	-_1	93.1	29	2	0	152	66	1	29	3.07e-10	60.1
1final:k127_235626	-_1	93.1	29	2	0	152	66	1	29	3.07e-10	60.1
1final:k127_235626	+_1	93.3	30	2	0	62	151	483	512	9.43e-10	58.5
1final:k127_235626	+_1	93.3	30	2	0	62	151	483	512	9.43e-10	58.5
1final:k127_235626	+_1	93.3	30	2	0	62	151	483	512	9.43e-10	58.5
1final:k127_235626	+_1	93.3	30	2	0	62	151	483	512	9.43e-10	58.5
1final:k127_235626	+_1	93.3	30	2	0	62	151	483	512	9.43e-10	58.5
1final:k127_235626	+_1	93.3	30	2	0	62	151	483	512	9.43e-10	58.5
1final:k127_235626	+_1	93.3	30	2	0	62	151	483	512	9.43e-10	58.5
1final:k127_546296	gb|AFK57679.1|ARO:3003438|Efac_EFTu_GE2A	73.8	42	11	0	3	128	381	422	3.37e-13	71.2
1final:k127_546296	gb|AAB39605.1|ARO:3003361|Pros_EFTu_GE2A	70.7	41	12	0	3	125	355	395	3.56e-11	64.7
1final:k127_546296	gb|AAA50993.1|ARO:3003368|Ecol_EFTu_KIR	70.7	41	12	0	3	125	352	392	6.17e-11	63.9
1final:k127_546296	gb|AAC76364.1|ARO:3003370|Ecol_EFTu_ENC	70.7	41	12	0	3	125	352	392	6.17e-11	63.9
1final:k127_546296	gb|AAN82549.1|ARO:3003369|Ecol_EFTu_PLV	70.7	41	12	0	3	125	367	407	6.59e-11	63.9
1final:k127_546296	gb|CAA67349.1|ARO:3003359|Scin_EFTu_ELF	70.7	41	12	0	3	125	355	395	1.93e-10	62.4
1final:k127_60694	gb|ADK17136.1|ARO:3004563|Cdif_rpoB_RIF	72.5	222	61	0	2245	1580	936	1157	5.81e-103	340
1final:k127_125970	gb|BAB38260.1|ARO:3000830|cpxA	82.1	162	29	0	1	486	293	454	2.74e-89	279
1final:k127_39459	gb|NP_215196.1|ARO:3003395|Mtub_rpsL_STR	82.4	34	6	0	1669	1568	87	120	2.65e-12	61.6
1final:k127_148861	gb|AAC16242.1|ARO:3005069|rsmA	89.7	58	6	0	785	958	1	58	1.20e-26	101
1final:k127_126943	+_1	70.2	235	70	0	2311	3015	652	886	9.39e-89	306
1final:k127_126943	+_1	86.7	166	22	0	2610	3107	744	909	3.94e-86	299
1final:k127_126943	+_1	79.7	69	14	0	210	4	4	72	1.25e-29	122
1final:k127_126943	+_1	83.7	43	7	0	46	174	458	500	2.98e-13	71.2
1final:k127_126943	+_1	83.7	43	7	0	46	174	458	500	2.98e-13	71.2
1final:k127_126943	+_1	83.7	43	7	0	46	174	458	500	2.98e-13	71.2
1final:k127_126943	+_1	83.7	43	7	0	46	174	458	500	2.98e-13	71.2
1final:k127_126943	+_1	83.7	43	7	0	46	174	458	500	2.98e-13	71.2
1final:k127_126943	+_1	83.7	43	7	0	46	174	458	500	2.98e-13	71.2
1final:k127_126943	+_1	83.7	43	7	0	46	174	458	500	2.98e-13	71.2
1final:k127_126943	+_1	83.7	43	7	0	46	174	458	500	2.98e-13	71.2
1final:k127_126943	+_1	83.7	43	7	0	46	174	458	500	2.98e-13	71.2
1final:k127_126943	+_1	83.7	43	7	0	46	174	458	500	2.98e-13	71.2
1final:k127_126943	+_1	83.7	43	7	0	46	174	458	500	2.98e-13	71.2
1final:k127_126943	+_1	83.7	43	7	0	46	174	458	500	2.98e-13	71.2
1final:k127_126943	+_1	83.7	43	7	0	46	174	458	500	2.98e-13	71.2
1final:k127_126943	+_1	83.7	43	7	0	46	174	458	500	2.98e-13	71.2
1final:k127_126943	+_1	83.7	43	7	0	46	174	458	500	2.98e-13	71.2
1final:k127_282010	gb|NP_215196.1|ARO:3003395|Mtub_rpsL_STR	78.4	74	16	0	2	223	50	123	3.85e-33	121
1final:k127_105102	gb|AHA41504.1|ARO:3002941|vanS_in_vanO_cl	74.9	243	61	0	2506	1778	99	341	4.11e-111	341
1final:k127_460058	gb|AAC76209.2|ARO:3003386|Ecol_folP_SLF	80.8	276	53	0	1360	533	1	276	5.16e-151	446
1final:k127_460058	gb|WMC40549.1|ARO:3007749|Sgal_folP_SLF	80.1	277	55	0	1360	530	1	277	6.30e-149	440
1final:k127_483767	gb|AAA50993.1|ARO:3003368|Ecol_EFTu_KIR	78.1	96	20	1	1556	1843	1	95	1.59e-43	158
1final:k127_483767	gb|AAC76364.1|ARO:3003370|Ecol_EFTu_ENC	78.1	96	20	1	1556	1843	1	95	1.59e-43	158
1final:k127_483767	gb|AAN82549.1|ARO:3003369|Ecol_EFTu_PLV	77.1	96	21	1	1556	1843	16	110	7.79e-43	156
1final:k127_483767	gb|AAB39605.1|ARO:3003361|Pros_EFTu_GE2A	75.3	97	23	1	1556	1843	1	97	2.02e-41	152
1final:k127_483767	gb|AXU66539.1|ARO:3003357|Cdif_EFTu_ELF	72.9	96	26	0	1556	1843	1	96	5.22e-41	151
1final:k127_483767	gb|CAA67349.1|ARO:3003359|Scin_EFTu_ELF	73.2	97	25	1	1556	1843	1	97	6.56e-40	148
1final:k127_415690	gb|AHA41505.1|ARO:3002930|vanR_in_vanO_cl	90.1	232	22	1	762	67	3	233	2.12e-140	405
1final:k127_438655	gb|AAC73788.1|ARO:3003841|kdpE	73.4	139	36	1	416	3	1	139	3.06e-62	209
1final:k127_350263	+_1	72.0	82	23	0	246	1	81	162	1.63e-23	104
1final:k127_350263	+_1	72.0	82	23	0	246	1	81	162	1.63e-23	104
1final:k127_350263	+_1	72.0	82	23	0	246	1	81	162	1.63e-23	104
1final:k127_350263	+_1	72.0	82	23	0	246	1	81	162	1.63e-23	104
1final:k127_350263	+_1	72.0	82	23	0	246	1	81	162	1.63e-23	104
1final:k127_350263	+_1	72.0	82	23	0	246	1	81	162	1.63e-23	104
1final:k127_350263	+_1	72.0	82	23	0	246	1	81	162	1.63e-23	104
1final:k127_350263	+_1	72.0	82	23	0	246	1	81	162	1.63e-23	104
1final:k127_350263	+_1	72.0	82	23	0	246	1	81	162	1.63e-23	104
1final:k127_350263	+_1	72.0	82	23	0	246	1	81	162	1.63e-23	104
1final:k127_350263	+_1	72.0	82	23	0	246	1	81	162	1.63e-23	104
1final:k127_350263	+_1	72.0	82	23	0	246	1	81	162	1.63e-23	104
1final:k127_350263	+_1	72.0	82	23	0	246	1	81	162	1.63e-23	104
1final:k127_350263	+_1	72.0	82	23	0	246	1	81	162	1.63e-23	104
1final:k127_350263	+_1	72.0	82	23	0	246	1	81	162	1.63e-23	104
1final:k127_350263	+_1	88.1	42	5	0	228	103	79	120	1.53e-13	73.2
1final:k127_350263	+_1	70.7	58	17	0	271	98	73	130	1.98e-12	69.7
1final:k127_350263	+_1	77.6	49	11	0	244	98	84	132	4.55e-12	68.6
1final:k127_350263	+_1	75.0	44	11	0	46	177	369	412	7.87e-12	67.8
1final:k127_350263	+_1	72.3	47	12	1	164	24	108	153	9.36e-11	64.3
1final:k127_350263	+_1	72.3	47	12	1	164	24	108	153	9.36e-11	64.3
1final:k127_350263	+_1	72.3	47	12	1	164	24	108	153	9.36e-11	64.3
1final:k127_350263	+_1	72.3	47	12	1	164	24	108	153	9.36e-11	64.3
1final:k127_350263	+_1	72.3	47	12	1	164	24	108	153	9.36e-11	64.3
1final:k127_350263	+_1	72.3	47	12	1	164	24	108	153	9.36e-11	64.3
1final:k127_350263	+_1	72.3	47	12	1	164	24	108	153	9.36e-11	64.3
1final:k127_350263	-_1	71.4	42	12	0	49	174	360	401	6.28e-10	61.6
1final:k127_195875	+_1	78.3	60	13	0	1667	1846	76	135	6.22e-22	97.1
1final:k127_195875	+_1	78.3	60	13	0	1667	1846	76	135	6.22e-22	97.1
1final:k127_195875	+_1	78.3	60	13	0	1667	1846	76	135	6.22e-22	97.1
1final:k127_195875	+_1	78.3	60	13	0	1667	1846	76	135	6.22e-22	97.1
1final:k127_195875	+_1	76.7	60	14	0	1667	1846	73	132	4.28e-21	94.4
1final:k127_195875	+_1	78.3	60	13	0	1667	1846	71	130	7.83e-21	93.6
1final:k127_195875	+_1	78.3	60	13	0	1667	1846	71	130	7.83e-21	93.6
1final:k127_195875	+_1	78.3	60	13	0	1667	1846	71	130	7.83e-21	93.6
1final:k127_195875	+_1	78.3	60	13	0	1667	1846	71	130	7.83e-21	93.6
1final:k127_195875	+_1	78.3	60	13	0	1667	1846	71	130	7.83e-21	93.6
1final:k127_195875	+_1	71.0	62	18	0	1661	1846	74	135	9.60e-17	80.9
1final:k127_195875	+_1	71.0	62	18	0	1661	1846	74	135	9.60e-17	80.9
1final:k127_195875	+_1	71.0	62	18	0	1661	1846	74	135	9.60e-17	80.9
1final:k127_195875	+_1	71.0	62	18	0	1661	1846	74	135	9.60e-17	80.9
1final:k127_195875	+_1	71.0	62	18	0	1661	1846	74	135	9.60e-17	80.9
1final:k127_195875	+_1	71.0	62	18	0	1661	1846	74	135	9.60e-17	80.9
1final:k127_195875	+_1	71.0	62	18	0	1661	1846	74	135	9.60e-17	80.9
1final:k127_195875	+_1	71.0	62	18	0	1661	1846	74	135	9.60e-17	80.9
1final:k127_195875	+_1	71.0	62	18	0	1661	1846	74	135	9.60e-17	80.9
1final:k127_195875	+_1	71.0	62	18	0	1661	1846	74	135	9.60e-17	80.9
1final:k127_195875	+_1	71.0	62	18	0	1661	1846	74	135	9.60e-17	80.9
1final:k127_195875	+_1	71.0	62	18	0	1661	1846	74	135	9.60e-17	80.9
1final:k127_195875	+_1	71.0	62	18	0	1661	1846	74	135	9.60e-17	80.9
1final:k127_195875	+_1	71.0	62	18	0	1661	1846	74	135	9.60e-17	80.9
1final:k127_195875	+_1	75.9	54	13	0	1685	1846	82	135	2.96e-16	79.3
1final:k127_195875	+_1	74.1	58	15	0	1657	1830	59	116	4.73e-16	78.6
1final:k127_195875	+_1	72.4	58	16	0	1657	1830	61	118	2.54e-15	76.3
1final:k127_195875	+_1	72.4	58	16	0	1657	1830	61	118	2.54e-15	76.3
1final:k127_195875	+_1	72.4	58	16	0	1657	1830	61	118	2.54e-15	76.3
1final:k127_195875	+_1	72.4	58	16	0	1657	1830	61	118	2.54e-15	76.3
1final:k127_195875	+_1	72.4	58	16	0	1657	1830	61	118	2.54e-15	76.3
1final:k127_195875	+_1	83.7	43	7	0	1700	1828	79	121	1.79e-13	70.5
1final:k127_195875	+_1	71.4	49	14	0	1669	1815	78	126	5.44e-12	65.9
1final:k127_375163	gb|AHA41505.1|ARO:3002930|vanR_in_vanO_cl	86.6	232	30	1	97	792	3	233	1.75e-131	384
1final:k127_375203	gb|CAA67349.1|ARO:3003359|Scin_EFTu_ELF	91.7	36	3	0	9371	9478	1	36	2.38e-13	72.4
1final:k127_375203	gb|AAB39605.1|ARO:3003361|Pros_EFTu_GE2A	91.7	36	3	0	9371	9478	1	36	4.20e-13	71.6
1final:k127_375203	gb|AAA50993.1|ARO:3003368|Ecol_EFTu_KIR	89.2	37	4	0	9371	9481	1	37	5.47e-13	71.2
1final:k127_375203	gb|AAC76364.1|ARO:3003370|Ecol_EFTu_ENC	89.2	37	4	0	9371	9481	1	37	5.47e-13	71.2
1final:k127_375203	gb|AAN82549.1|ARO:3003369|Ecol_EFTu_PLV	83.3	42	5	1	9362	9481	11	52	1.05e-12	70.5
1final:k127_375203	gb|AXU66539.1|ARO:3003357|Cdif_EFTu_ELF	86.1	36	5	0	9371	9478	1	36	1.73e-12	69.7
1final:k127_375203	gb|AFK57679.1|ARO:3003438|Efac_EFTu_GE2A	81.1	37	7	0	9371	9481	29	65	6.11e-12	68.2
1final:k127_65190	gb|NP_215196.1|ARO:3003395|Mtub_rpsL_STR	70.5	129	29	1	2898	3284	1	120	3.21e-53	179
1final:k127_285278	gb|AXU66539.1|ARO:3003357|Cdif_EFTu_ELF	73.2	82	20	2	114	356	1	81	2.00e-29	119
1final:k127_285278	gb|AAA50993.1|ARO:3003368|Ecol_EFTu_KIR	74.1	81	20	1	114	356	1	80	2.56e-29	119
1final:k127_285278	gb|AAC76364.1|ARO:3003370|Ecol_EFTu_ENC	74.1	81	20	1	114	356	1	80	2.56e-29	119
1final:k127_285278	gb|AFK57679.1|ARO:3003438|Efac_EFTu_GE2A	71.6	81	22	1	114	356	29	108	9.70e-29	117
1final:k127_285278	gb|AAN82549.1|ARO:3003369|Ecol_EFTu_PLV	72.8	81	21	1	114	356	16	95	1.06e-28	117
1final:k127_440959	gb|ADK17136.1|ARO:3004563|Cdif_rpoB_RIF	70.7	242	70	1	2332	1607	947	1187	6.63e-104	344
1final:k127_375985	gb|AFK57679.1|ARO:3003438|Efac_EFTu_GE2A	74.7	399	94	3	479	1672	29	421	2.93e-209	599
1final:k127_375985	gb|AAA50993.1|ARO:3003368|Ecol_EFTu_KIR	74.7	399	95	2	479	1675	1	393	9.29e-208	594
1final:k127_375985	gb|AAC76364.1|ARO:3003370|Ecol_EFTu_ENC	74.7	399	95	2	479	1675	1	393	9.29e-208	594
1final:k127_375985	gb|AAN82549.1|ARO:3003369|Ecol_EFTu_PLV	74.4	399	96	2	479	1675	16	408	6.43e-207	592
1final:k127_375985	gb|CAA67349.1|ARO:3003359|Scin_EFTu_ELF	71.2	399	110	4	479	1672	1	395	7.12e-200	574
1final:k127_375985	gb|AXU66539.1|ARO:3003357|Cdif_EFTu_ELF	71.8	401	108	3	479	1678	1	397	2.85e-199	572
1final:k127_375985	gb|AAB39605.1|ARO:3003361|Pros_EFTu_GE2A	70.6	401	113	3	479	1678	1	397	2.29e-198	570
1final:k127_108640	gb|BAB38333.1|ARO:3003288|Ecol_rpoB_RIF	81.3	48	9	0	3123	2980	884	931	1.28e-16	82.8
1final:k127_108640	gb|WP_011079201.1|ARO:3007794|Vvul_rpoB_RIF	77.1	48	11	0	3123	2980	884	931	1.12e-15	79.7
1final:k127_108640	gb|BAD59497.1|ARO:3000501|rpoB2	70.8	48	14	0	3123	2980	790	837	4.20e-13	71.2
1final:k127_108640	gb|NP_215181.1|ARO:3003283|Mtub_rpoB_RIF	70.8	48	14	0	3123	2980	797	844	4.22e-13	71.2
1final:k127_108640	gb|ADK17136.1|ARO:3004563|Cdif_rpoB_RIF	72.9	48	13	0	3123	2980	856	903	5.64e-13	70.9
1final:k127_85283	gb|AAL82403.1|ARO:3003297|Bbac_gyrA_FLO	74.0	77	20	0	1699	1929	131	207	1.21e-27	118
1final:k127_85283	gb|AER05434.1|ARO:3003974|Cacn_gyrA_FLO	75.0	68	17	0	1699	1902	141	208	5.76e-24	106
1final:k127_85283	gb|ABK64957.1|ARO:3007473|Mavi_gyrA_FLO	70.8	72	21	0	1699	1914	131	202	1.23e-23	105
1final:k127_240723	gb|ADK13120.1|ARO:3004562|Cdif_gyrB_FLO	72.7	132	36	0	1140	1535	9	140	5.61e-57	198
1final:k127_85441	gb|AFK57679.1|ARO:3003438|Efac_EFTu_GE2A	78.9	393	83	0	14309	15487	29	421	2.58e-209	642
1final:k127_85441	gb|AAN82549.1|ARO:3003369|Ecol_EFTu_PLV	78.9	394	82	1	14309	15490	16	408	8.82e-206	631
1final:k127_85441	gb|AAA50993.1|ARO:3003368|Ecol_EFTu_KIR	78.7	394	83	1	14309	15490	1	393	1.28e-205	630
1final:k127_85441	gb|AAC76364.1|ARO:3003370|Ecol_EFTu_ENC	78.7	394	83	1	14309	15490	1	393	1.28e-205	630
1final:k127_85441	gb|AXU66539.1|ARO:3003357|Cdif_EFTu_ELF	73.0	397	105	2	14309	15493	1	397	4.52e-191	588
1final:k127_85441	gb|AAB39605.1|ARO:3003361|Pros_EFTu_GE2A	71.8	397	110	1	14309	15493	1	397	8.39e-191	588
1final:k127_85441	gb|CAA67349.1|ARO:3003359|Scin_EFTu_ELF	71.1	395	112	1	14309	15487	1	395	8.39e-191	588
1final:k127_85441	gb|NP_215196.1|ARO:3003395|Mtub_rpsL_STR	71.3	129	28	1	9928	10314	1	120	2.76e-52	179
1final:k127_220942	gb|NP_215182.1|ARO:3004994|Mtub_rpoC_RIF	83.0	176	30	0	70	597	1	176	7.06e-91	319
1final:k127_220942	gb|CAG39569.1|ARO:3003291|Saur_rpoC_DAP	74.6	138	35	0	70	483	1	138	1.46e-65	241
1final:k127_220942	gb|AJP09758.1|ARO:3004681|Cdif_rpoC_VAN	70.9	141	41	0	70	492	1	141	3.66e-65	239
1final:k127_352687	+_1	70.3	155	46	0	1646	1182	778	932	9.36e-56	208
1final:k127_352687	-_1	70.2	161	48	0	1255	1737	55	215	2.66e-53	200
1final:k127_352687	+_1	78.5	135	29	0	1636	1232	789	923	5.07e-53	199
1final:k127_352687	+_1	75.4	134	33	0	1633	1232	786	919	2.32e-49	188
1final:k127_352687	+_1	73.1	134	36	0	1639	1238	808	941	1.37e-48	186
1final:k127_352687	-_1	76.6	128	30	0	1258	1641	61	188	2.46e-48	185
1final:k127_352687	+_1	76.4	127	30	0	1645	1265	791	917	3.05e-48	184
1final:k127_352687	-_1	71.1	149	43	0	1185	1631	34	182	4.76e-47	181
1final:k127_352687	-_1	72.1	129	36	0	1255	1641	57	185	1.07e-42	167
1final:k127_154114	gb|AML99881.1|ARO:3001327|MdtK	71.9	57	16	0	3637	3467	412	468	1.94e-18	87.4
1final:k127_265287	-_1	83.3	30	5	0	122	33	1	30	4.97e-09	58.2
1final:k127_265287	-_1	83.3	30	5	0	122	33	1	30	4.97e-09	58.2
1final:k127_265287	-_1	83.3	30	5	0	122	33	1	30	4.97e-09	58.2
1final:k127_265287	-_1	83.3	30	5	0	122	33	1	30	4.97e-09	58.2
1final:k127_529843	gb|AAC76055.1|ARO:3003308|Ecol_parC_FLO	74.7	288	72	1	2	865	465	751	1.14e-139	426
1final:k127_529843	gb|AAN44541.1|ARO:3003941|Sfle_parC_FLO	74.7	288	72	1	2	865	465	751	1.14e-139	426
1final:k127_529843	gb|AAL22048.1|ARO:3003939|Sent_parC_FLO	74.3	288	73	1	2	865	465	751	1.36e-137	421
1final:k127_353772	+_1	72.7	77	21	0	967	737	747	823	6.08e-24	106
1final:k127_353772	+_1	79.4	34	7	0	729	628	842	875	1.75e-09	59.3
1final:k127_353772	+_1	83.9	31	5	0	1278	1186	712	742	6.91e-09	57.4
1final:k127_353772	+_1	83.9	31	5	0	1278	1186	712	742	6.91e-09	57.4
1final:k127_243116	gb|AAA50993.1|ARO:3003368|Ecol_EFTu_KIR	73.6	345	91	0	1037	3	1	345	1.31e-187	532
1final:k127_243116	gb|AAC76364.1|ARO:3003370|Ecol_EFTu_ENC	73.6	345	91	0	1037	3	1	345	1.31e-187	532
1final:k127_243116	gb|AAN82549.1|ARO:3003369|Ecol_EFTu_PLV	72.9	347	94	0	1043	3	14	360	4.49e-187	531
1final:k127_243116	gb|AFK57679.1|ARO:3003438|Efac_EFTu_GE2A	73.7	346	90	1	1037	3	29	374	4.23e-186	530
1final:k127_88059	gb|CAG39573.1|ARO:3003735|Saur_fusA_FA	78.8	80	17	0	1437	1676	1	80	2.56e-33	132
7final:k127_40140	gb|AFK57679.1|ARO:3003438|Efac_EFTu_GE2A	75.2	399	92	3	55	1248	29	421	8.18e-209	601
7final:k127_40140	gb|AAA50993.1|ARO:3003368|Ecol_EFTu_KIR	75.7	399	91	2	55	1251	1	393	6.41e-208	598
7final:k127_40140	gb|AAC76364.1|ARO:3003370|Ecol_EFTu_ENC	75.7	399	91	2	55	1251	1	393	6.41e-208	598
7final:k127_40140	gb|AAN82549.1|ARO:3003369|Ecol_EFTu_PLV	75.5	400	92	2	52	1251	15	408	1.11e-207	598
7final:k127_40140	gb|AXU66539.1|ARO:3003357|Cdif_EFTu_ELF	71.8	401	108	3	55	1254	1	397	7.47e-199	575
7final:k127_26648	gb|NP_215196.1|ARO:3003395|Mtub_rpsL_STR	76.0	121	29	0	2076	1714	1	121	4.19e-55	183
7final:k127_26648	gb|AJP09758.1|ARO:3004681|Cdif_rpoC_VAN	71.1	83	24	0	2513	2265	1074	1156	5.95e-26	112
7final:k127_26648	gb|NP_215182.1|ARO:3004994|Mtub_rpoC_RIF	70.9	86	25	0	2522	2265	1187	1272	3.34e-25	110
7final:k127_34576	-_1	71.5	186	50	1	16	564	229	414	1.82e-67	241
7final:k127_34576	+_1	78.3	69	15	0	1897	1691	103	171	3.89e-25	109
7final:k127_34576	+_1	87.1	31	4	0	290	198	712	742	2.53e-09	58.5
7final:k127_34576	+_1	87.1	31	4	0	290	198	712	742	2.53e-09	58.5
7final:k127_34576	+_1	73.7	38	10	0	1819	1706	138	175	2.20e-08	55.5
7final:k127_34576	-_1	79.4	34	7	0	1743	1642	161	194	6.52e-08	53.9
2final:k127_158650	gb|AHA41504.1|ARO:3002941|vanS_in_vanO_cl	75.1	249	62	0	2	748	92	340	4.79e-111	340
2final:k127_35632	gb|AJF82744.1|ARO:3003817|Abau_gyrA_FLO	71.2	66	19	0	2098	2295	5	70	1.53e-22	100
2final:k127_35632	gb|AJY14066.1|ARO:3004860|Bdol_gyrA_FLO	71.4	63	18	0	2107	2295	10	72	1.22e-20	94.7
2final:k127_35632	gb|AAW89357.1|ARO:3003928|Ngon_gyrA_FLO	71.4	63	18	0	2107	2295	18	80	2.22e-20	94.0
2final:k127_141394	gb|AAA50993.1|ARO:3003368|Ecol_EFTu_KIR	74.4	39	10	0	3	119	354	392	8.83e-10	59.7
2final:k127_141394	gb|AAC76364.1|ARO:3003370|Ecol_EFTu_ENC	74.4	39	10	0	3	119	354	392	8.83e-10	59.7
2final:k127_141394	gb|AAN82549.1|ARO:3003369|Ecol_EFTu_PLV	74.4	39	10	0	3	119	369	407	9.32e-10	59.7
2final:k127_194422	+_1	71.4	77	17	1	3963	3748	344	420	1.19e-23	104
2final:k127_18348	gb|AFK57679.1|ARO:3003438|Efac_EFTu_GE2A	79.5	39	8	0	5558	5674	29	67	3.81e-14	74.3
2final:k127_18348	gb|AAA50993.1|ARO:3003368|Ecol_EFTu_KIR	78.9	38	8	0	5558	5671	1	38	2.33e-13	71.6
2final:k127_18348	gb|AAC76364.1|ARO:3003370|Ecol_EFTu_ENC	78.9	38	8	0	5558	5671	1	38	2.33e-13	71.6
2final:k127_18348	gb|AAB39605.1|ARO:3003361|Pros_EFTu_GE2A	79.5	39	8	0	5558	5674	1	39	2.37e-13	71.6
2final:k127_18348	gb|CAA67349.1|ARO:3003359|Scin_EFTu_ELF	83.3	36	6	0	5558	5665	1	36	2.37e-13	71.6
2final:k127_18348	gb|AAN82549.1|ARO:3003369|Ecol_EFTu_PLV	74.4	39	10	0	5555	5671	15	53	5.95e-13	70.5
2final:k127_18348	gb|AXU66539.1|ARO:3003357|Cdif_EFTu_ELF	71.8	39	11	0	5558	5674	1	39	1.30e-12	69.3
2final:k127_115112	+_1	82.5	40	7	0	4738	4619	419	458	5.52e-12	71.2
2final:k127_115118	gb|AAA50993.1|ARO:3003368|Ecol_EFTu_KIR	75.0	56	14	0	2621	2788	1	56	3.11e-18	85.5
2final:k127_115118	gb|AAC76364.1|ARO:3003370|Ecol_EFTu_ENC	75.0	56	14	0	2621	2788	1	56	3.11e-18	85.5
2final:k127_115118	gb|AAN82549.1|ARO:3003369|Ecol_EFTu_PLV	70.0	60	18	0	2609	2788	12	71	4.73e-18	85.1
2final:k127_115118	gb|AFK57679.1|ARO:3003438|Efac_EFTu_GE2A	71.4	56	16	0	2621	2788	29	84	7.03e-18	84.7
2final:k127_115118	gb|CAA67349.1|ARO:3003359|Scin_EFTu_ELF	70.7	58	15	1	2621	2788	1	58	3.22e-16	79.3
2final:k127_97770	gb|APB03222.1|ARO:3003992|rphB	83.3	144	24	0	8373	7942	741	884	3.11e-69	250
2final:k127_18501	gb|AAA50993.1|ARO:3003368|Ecol_EFTu_KIR	85.2	27	4	0	83	3	1	27	1.32e-08	55.8
2final:k127_18501	gb|AAC76364.1|ARO:3003370|Ecol_EFTu_ENC	85.2	27	4	0	83	3	1	27	1.32e-08	55.8
2final:k127_18501	gb|CAA67349.1|ARO:3003359|Scin_EFTu_ELF	85.2	27	4	0	83	3	1	27	1.76e-08	55.5
2final:k127_18501	gb|AAB39605.1|ARO:3003361|Pros_EFTu_GE2A	85.2	27	4	0	83	3	1	27	3.07e-08	54.7
2final:k127_18501	gb|AXU66539.1|ARO:3003357|Cdif_EFTu_ELF	81.5	27	5	0	83	3	1	27	4.06e-08	54.3
2final:k127_18501	gb|AAN82549.1|ARO:3003369|Ecol_EFTu_PLV	81.5	27	5	0	83	3	16	42	4.19e-08	54.3
2final:k127_27395	gb|YP_177995.1|ARO:3004957|Mtub_clpC1_PZA	71.8	149	42	0	2951	3397	1	149	1.38e-55	207
2final:k127_27424	-_1	72.3	65	18	0	196	2	49	113	7.57e-17	84.3
2final:k127_194878	gb|NP_216146.1|ARO:3004721|Mtub_rpsA_PZA	76.1	88	21	0	2	265	185	272	6.52e-32	127
2final:k127_27548	gb|AAB39605.1|ARO:3003361|Pros_EFTu_GE2A	76.2	42	10	0	2125	2000	355	396	6.67e-14	71.6
2final:k127_27548	gb|CAA67349.1|ARO:3003359|Scin_EFTu_ELF	75.6	41	10	0	2125	2003	355	395	1.53e-12	67.4
2final:k127_36457	gb|ADK17136.1|ARO:3004563|Cdif_rpoB_RIF	72.1	233	64	1	4	702	955	1186	1.12e-95	335
2final:k127_177231	gb|AAA50993.1|ARO:3003368|Ecol_EFTu_KIR	74.9	394	98	1	82151	80970	1	393	2.44e-200	617
2final:k127_177231	gb|AAC76364.1|ARO:3003370|Ecol_EFTu_ENC	74.9	394	98	1	82151	80970	1	393	2.44e-200	617
2final:k127_177231	gb|AAN82549.1|ARO:3003369|Ecol_EFTu_PLV	74.7	395	99	1	82154	80970	15	408	4.26e-200	617
2final:k127_177231	gb|AFK57679.1|ARO:3003438|Efac_EFTu_GE2A	76.6	394	90	2	82151	80973	29	421	1.80e-199	616
2final:k127_177231	gb|AXU66539.1|ARO:3003357|Cdif_EFTu_ELF	71.9	398	108	3	82151	80967	1	397	2.43e-188	583
2final:k127_177231	gb|AAB39605.1|ARO:3003361|Pros_EFTu_GE2A	70.8	397	114	2	82151	80967	1	397	3.30e-188	582
2final:k127_177231	gb|CAA67349.1|ARO:3003359|Scin_EFTu_ELF	71.4	395	111	2	82151	80973	1	395	3.30e-188	582
2final:k127_177231	+_1	71.4	42	12	0	2699	2574	141	182	1.94e-08	61.2
2final:k127_151130	gb|AHA41505.1|ARO:3002930|vanR_in_vanO_cl	87.9	206	25	0	618	1	4	209	8.41e-119	358
2final:k127_142239	gb|AFK57679.1|ARO:3003438|Efac_EFTu_GE2A	77.5	40	9	0	10126	10245	28	67	7.36e-14	74.3
2final:k127_142239	gb|AAA50993.1|ARO:3003368|Ecol_EFTu_KIR	78.9	38	8	0	10129	10242	1	38	5.95e-13	71.2
2final:k127_142239	gb|AAC76364.1|ARO:3003370|Ecol_EFTu_ENC	78.9	38	8	0	10129	10242	1	38	5.95e-13	71.2
2final:k127_142239	gb|AAB39605.1|ARO:3003361|Pros_EFTu_GE2A	79.5	39	8	0	10129	10245	1	39	6.06e-13	71.2
2final:k127_142239	gb|CAA67349.1|ARO:3003359|Scin_EFTu_ELF	83.3	36	6	0	10129	10236	1	36	6.06e-13	71.2
2final:k127_142239	gb|AAN82549.1|ARO:3003369|Ecol_EFTu_PLV	76.3	38	9	0	10129	10242	16	53	2.01e-12	69.7
2final:k127_142239	gb|AXU66539.1|ARO:3003357|Cdif_EFTu_ELF	71.8	39	11	0	10129	10245	1	39	3.31e-12	68.9
2final:k127_45642	gb|EEK14408.1|ARO:3003931|Cgin_gyrA_FLO	71.5	158	45	0	113837	114310	7	164	3.28e-64	238
2final:k127_45642	gb|AAL82403.1|ARO:3003297|Bbac_gyrA_FLO	70.3	158	47	0	113837	114310	16	173	6.48e-62	233
2final:k127_142470	gb|AHA41504.1|ARO:3002941|vanS_in_vanO_cl	73.7	198	52	0	3	596	144	341	2.07e-88	275
2final:k127_10623	+_1	78.8	137	29	0	1476	1066	336	472	2.11e-65	220
2final:k127_10623	+_1	78.8	137	29	0	1476	1066	336	472	2.11e-65	220
2final:k127_10623	+_1	78.8	137	29	0	1476	1066	336	472	2.11e-65	220
2final:k127_10623	+_1	78.8	137	29	0	1476	1066	336	472	2.11e-65	220
2final:k127_10623	+_1	78.8	137	29	0	1476	1066	336	472	2.11e-65	220
2final:k127_10623	+_1	72.7	139	38	0	1473	1057	340	478	1.40e-57	199
2final:k127_10623	+_1	70.2	104	31	0	1473	1162	346	449	9.72e-41	152
2final:k127_10623	+_1	70.2	104	31	0	1473	1162	346	449	9.72e-41	152
2final:k127_10623	+_1	85.2	81	12	0	1476	1234	341	421	2.81e-39	148
2final:k127_10623	+_1	85.2	81	12	0	1476	1234	341	421	2.81e-39	148
2final:k127_10623	+_1	85.2	81	12	0	1476	1234	341	421	2.81e-39	148
2final:k127_10623	+_1	85.2	81	12	0	1476	1234	341	421	2.81e-39	148
2final:k127_10623	+_1	76.5	34	8	0	1473	1372	349	382	1.02e-09	58.5
2final:k127_213566	+_1	71.8	156	44	0	2382	2849	784	939	3.89e-56	208
2final:k127_213616	gb|ADK17136.1|ARO:3004563|Cdif_rpoB_RIF	73.0	163	43	1	2301	1813	1026	1187	2.49e-68	243
2final:k127_213616	gb|CAB11883.2|ARO:3007073|Bsub_rpoB_RIF	73.0	163	41	2	2298	1816	1014	1175	2.13e-65	234
2final:k127_213616	gb|CAG39568.1|ARO:3003285|Saur_rpoB_RIF	72.8	151	41	0	2301	1849	1013	1163	8.14e-63	226
2final:k127_213616	gb|CAG39568.1|ARO:3003287|Saur_rpoB_DAP	72.8	151	41	0	2301	1849	1013	1163	8.14e-63	226
2final:k127_213616	gb|BAB38333.1|ARO:3003288|Ecol_rpoB_RIF	74.3	136	35	0	2304	1897	1207	1342	3.24e-57	209
2final:k127_213616	gb|WP_011079201.1|ARO:3007794|Vvul_rpoB_RIF	73.4	139	35	1	2304	1888	1206	1342	1.40e-56	207
2final:k127_72494	gb|NP_214519.2|ARO:3003459|Mtub_gyrB_FLO	75.6	45	11	0	1614	1748	11	55	3.37e-15	76.3
2final:k127_72494	gb|CAC29513.1|ARO:3003304|Mlep_gyrB_FLO	71.1	45	13	0	1614	1748	10	54	1.03e-14	74.7
2final:k127_72494	gb|CNT74515.1|ARO:3004859|Ngon_gyrB_ZOL	70.2	47	13	1	1611	1748	7	53	1.83e-13	70.9
2final:k127_10797	gb|CAA67349.1|ARO:3003359|Scin_EFTu_ELF	81.8	121	21	1	361	2	1	121	2.93e-60	201
2final:k127_10797	gb|AFK57679.1|ARO:3003438|Efac_EFTu_GE2A	82.5	120	20	1	361	2	29	147	5.61e-60	201
2final:k127_10797	gb|AAB39605.1|ARO:3003361|Pros_EFTu_GE2A	80.2	121	23	1	361	2	1	121	3.18e-58	196
2final:k127_10797	gb|AXU66539.1|ARO:3003357|Cdif_EFTu_ELF	78.3	120	26	0	361	2	1	120	1.74e-56	191
2final:k127_10797	gb|AAA50993.1|ARO:3003368|Ecol_EFTu_KIR	79.2	120	24	1	361	2	1	119	2.26e-56	191
2final:k127_10797	gb|AAC76364.1|ARO:3003370|Ecol_EFTu_ENC	79.2	120	24	1	361	2	1	119	2.26e-56	191
2final:k127_10797	gb|AAN82549.1|ARO:3003369|Ecol_EFTu_PLV	72.6	135	30	2	406	2	7	134	6.34e-56	190
2final:k127_20017	+_1	74.6	63	16	0	1590	1778	359	421	4.90e-19	90.1
2final:k127_20017	-_1	85.0	40	6	0	2626	2507	301	340	1.04e-13	72.8
2final:k127_20017	+_1	79.5	39	8	0	1604	1720	354	392	9.65e-11	63.2
2final:k127_20017	+_1	76.9	39	9	0	1604	1720	354	392	2.87e-10	61.6
2final:k127_213701	+_1	72.7	77	21	0	1080	1310	747	823	4.28e-25	107
2final:k127_213701	+_1	82.4	34	6	0	1318	1419	842	875	1.15e-10	61.6
2final:k127_213701	+_1	83.9	31	5	0	769	861	712	742	2.44e-09	57.4
2final:k127_213701	+_1	83.9	31	5	0	769	861	712	742	2.44e-09	57.4
2final:k127_55015	gb|NP_216424.1|ARO:3003392|Mtub_katG_INH	77.5	275	62	0	4617	5441	35	309	4.17e-145	464
2final:k127_55015	gb|NP_216424.1|ARO:3005102|Mtub_katG_PTO	77.5	275	62	0	4617	5441	35	309	4.17e-145	464
2final:k127_10859	gb|ABC24999.1|ARO:3007476|Mabs_atpE_BDQ	72.5	69	19	0	285	491	8	76	1.79e-21	86.7
2final:k127_37500	gb|AAB39605.1|ARO:3003361|Pros_EFTu_GE2A	76.2	42	10	0	11668	11543	355	396	5.24e-13	71.6
2final:k127_37500	gb|CAA67349.1|ARO:3003359|Scin_EFTu_ELF	75.6	41	10	0	11668	11546	355	395	1.18e-11	67.4
2final:k127_90193	gb|AFK57679.1|ARO:3003438|Efac_EFTu_GE2A	75.0	136	34	0	1	408	288	423	3.43e-63	218
2final:k127_90193	gb|AAA50993.1|ARO:3003368|Ecol_EFTu_KIR	73.9	134	35	0	1	402	259	392	5.56e-63	217
2final:k127_90193	gb|AAC76364.1|ARO:3003370|Ecol_EFTu_ENC	73.9	134	35	0	1	402	259	392	5.56e-63	217
2final:k127_90193	gb|AAN82549.1|ARO:3003369|Ecol_EFTu_PLV	73.9	134	35	0	1	402	274	407	8.29e-63	217
2final:k127_90193	gb|AXU66539.1|ARO:3003357|Cdif_EFTu_ELF	73.1	134	36	0	1	402	262	395	9.99e-62	213
2final:k127_81586	gb|YP_177995.1|ARO:3004957|Mtub_clpC1_PZA	79.1	148	31	0	4042	4485	2	149	2.84e-63	231
2final:k127_46817	-_1	74.8	111	28	0	1385	1053	38	148	3.65e-40	154
2final:k127_55661	gb|AAN82549.1|ARO:3003369|Ecol_EFTu_PLV	72.0	107	26	2	1428	1739	3	108	1.01e-43	158
2final:k127_55661	gb|AFK57679.1|ARO:3003438|Efac_EFTu_GE2A	78.7	94	19	1	1458	1739	29	121	1.84e-43	158
2final:k127_55661	gb|AAA50993.1|ARO:3003368|Ecol_EFTu_KIR	78.7	94	19	1	1458	1739	1	93	1.94e-43	157
2final:k127_55661	gb|AAC76364.1|ARO:3003370|Ecol_EFTu_ENC	78.7	94	19	1	1458	1739	1	93	1.94e-43	157
2final:k127_55661	gb|AXU66539.1|ARO:3003357|Cdif_EFTu_ELF	77.7	94	21	0	1458	1739	1	94	3.92e-43	156
2final:k127_55661	gb|CAA67349.1|ARO:3003359|Scin_EFTu_ELF	77.9	95	20	1	1458	1739	1	95	5.41e-43	156
2final:k127_55661	gb|AAB39605.1|ARO:3003361|Pros_EFTu_GE2A	74.7	95	23	1	1458	1739	1	95	2.53e-41	151
2final:k127_100162	gb|NP_215196.1|ARO:3003395|Mtub_rpsL_STR	70.7	123	36	0	10229	10597	1	123	2.30e-51	176
2final:k127_100162	gb|AFK57679.1|ARO:3003438|Efac_EFTu_GE2A	73.2	82	21	1	13611	13856	24	104	8.08e-29	120
2final:k127_100162	gb|AAA50993.1|ARO:3003368|Ecol_EFTu_KIR	72.7	77	20	1	13626	13856	1	76	1.32e-27	116
2final:k127_100162	gb|AAC76364.1|ARO:3003370|Ecol_EFTu_ENC	72.7	77	20	1	13626	13856	1	76	1.32e-27	116
2final:k127_100162	gb|CAA67349.1|ARO:3003359|Scin_EFTu_ELF	70.5	78	22	1	13626	13856	1	78	3.38e-27	115
2final:k127_100162	gb|AAN82549.1|ARO:3003369|Ecol_EFTu_PLV	71.4	77	21	1	13626	13856	16	91	5.49e-27	114
2final:k127_100162	gb|AXU66539.1|ARO:3003357|Cdif_EFTu_ELF	70.1	77	23	0	13626	13856	1	77	2.00e-26	112
2final:k127_144149	gb|AFK57679.1|ARO:3003438|Efac_EFTu_GE2A	79.8	84	17	0	9366	9115	173	256	6.46e-34	135
2final:k127_144149	gb|AAA50993.1|ARO:3003368|Ecol_EFTu_KIR	74.7	83	21	0	9366	9118	145	227	2.73e-31	126
2final:k127_144149	gb|AAC76364.1|ARO:3003370|Ecol_EFTu_ENC	74.7	83	21	0	9366	9118	145	227	2.73e-31	126
2final:k127_144149	gb|AAN82549.1|ARO:3003369|Ecol_EFTu_PLV	74.7	83	21	0	9366	9118	160	242	3.57e-31	126
2final:k127_144149	gb|AXU66539.1|ARO:3003357|Cdif_EFTu_ELF	74.1	85	21	1	9366	9115	146	230	2.03e-28	118
2final:k127_82397	gb|AAA50993.1|ARO:3003368|Ecol_EFTu_KIR	73.7	38	10	0	2	115	355	392	4.33e-09	58.2
2final:k127_82397	gb|AAC76364.1|ARO:3003370|Ecol_EFTu_ENC	73.7	38	10	0	2	115	355	392	4.33e-09	58.2
2final:k127_82397	gb|AAN82549.1|ARO:3003369|Ecol_EFTu_PLV	73.7	38	10	0	2	115	370	407	4.56e-09	58.2
2final:k127_188011	gb|AAA50993.1|ARO:3003368|Ecol_EFTu_KIR	75.0	56	14	0	169	2	1	56	5.92e-18	86.3
2final:k127_188011	gb|AAC76364.1|ARO:3003370|Ecol_EFTu_ENC	75.0	56	14	0	169	2	1	56	5.92e-18	86.3
2final:k127_188011	gb|AFK57679.1|ARO:3003438|Efac_EFTu_GE2A	71.4	56	16	0	169	2	29	84	1.37e-17	85.5
2final:k127_188011	gb|AAN82549.1|ARO:3003369|Ecol_EFTu_PLV	73.2	56	15	0	169	2	16	71	2.16e-17	84.7
2final:k127_188011	gb|CAA67349.1|ARO:3003359|Scin_EFTu_ELF	70.7	58	15	1	169	2	1	58	6.11e-16	80.1
2final:k127_206134	+_1	78.6	42	8	1	42981	43103	345	386	1.49e-10	66.6
2final:k127_206307	gb|AAC73788.1|ARO:3003841|kdpE	71.4	49	14	0	1	147	70	118	8.35e-15	71.6
2final:k127_162219	gb|AFK57679.1|ARO:3003438|Efac_EFTu_GE2A	79.0	100	21	0	1	300	322	421	2.76e-45	171
2final:k127_162219	gb|AAA50993.1|ARO:3003368|Ecol_EFTu_KIR	70.3	101	30	0	1	303	293	393	2.02e-42	162
2final:k127_162219	gb|AAC76364.1|ARO:3003370|Ecol_EFTu_ENC	70.3	101	30	0	1	303	293	393	2.02e-42	162
2final:k127_162219	gb|AAN82549.1|ARO:3003369|Ecol_EFTu_PLV	70.3	101	30	0	1	303	308	408	2.85e-42	162
2final:k127_162219	gb|CAA67349.1|ARO:3003359|Scin_EFTu_ELF	71.0	100	29	0	1	300	296	395	3.72e-40	155
2final:k127_162219	gb|AAW90462.1|ARO:3003930|rpsJ	70.6	102	29	1	312	617	1	101	2.72e-38	139
2final:k127_91654	gb|CAB11883.2|ARO:3007073|Bsub_rpoB_RIF	77.1	96	22	0	2406	2693	1061	1156	3.51e-39	155
2final:k127_91654	gb|CAG39568.1|ARO:3003285|Saur_rpoB_RIF	77.1	96	22	0	2406	2693	1061	1156	7.40e-38	150
2final:k127_91654	gb|CAG39568.1|ARO:3003287|Saur_rpoB_DAP	77.1	96	22	0	2406	2693	1061	1156	7.40e-38	150
2final:k127_91654	gb|ADK17136.1|ARO:3004563|Cdif_rpoB_RIF	77.7	94	21	0	2406	2687	1074	1167	1.36e-37	150
2final:k127_91654	gb|NP_215181.1|ARO:3003283|Mtub_rpoB_RIF	79.8	94	19	0	2406	2687	1048	1141	3.88e-37	148
2final:k127_91654	gb|CAC30845.1|ARO:3003284|Mlep_rpoB_RIF	79.8	94	19	0	2406	2687	1054	1147	3.90e-37	148
2final:k127_91654	gb|BAD59497.1|ARO:3000501|rpoB2	82.6	86	15	0	2406	2663	1038	1123	3.24e-35	142
2final:k127_91654	gb|WP_041777404.1|ARO:3004480|Bado_rpoB_RIF	75.0	88	22	0	2406	2669	1055	1142	1.90e-32	133
2final:k127_91654	gb|WP_011079201.1|ARO:3007794|Vvul_rpoB_RIF	70.0	90	25	1	2406	2675	1255	1342	5.72e-31	129
2final:k127_91654	gb|BAB38333.1|ARO:3003288|Ecol_rpoB_RIF	71.4	84	24	0	2406	2657	1256	1339	2.26e-30	127
2final:k127_144725	gb|ADK17136.1|ARO:3004563|Cdif_rpoB_RIF	75.1	696	170	2	12400	10322	473	1168	0.0	1034
2final:k127_144725	gb|CAB11883.2|ARO:3007073|Bsub_rpoB_RIF	70.6	737	207	3	12400	10220	453	1189	0.0	1032
2final:k127_144725	gb|CAG39568.1|ARO:3003285|Saur_rpoB_RIF	70.4	714	199	6	12400	10295	452	1165	8.91e-321	991
2final:k127_144725	gb|CAG39568.1|ARO:3003287|Saur_rpoB_DAP	70.4	714	199	6	12400	10295	452	1165	8.91e-321	991
2final:k127_3903	-_1	86.0	86	12	0	484	227	1	86	7.44e-41	155
2final:k127_3903	-_1	86.0	86	12	0	484	227	1	86	7.44e-41	155
2final:k127_3903	-_1	86.0	86	12	0	484	227	1	86	7.44e-41	155
2final:k127_3903	-_1	86.0	86	12	0	484	227	1	86	7.44e-41	155
2final:k127_3903	+_1	71.6	95	27	0	1522	1806	269	363	7.71e-34	137
2final:k127_3903	+_1	84.7	72	11	0	225	440	410	481	3.61e-29	119
2final:k127_3903	+_1	76.1	71	17	0	16	228	357	427	6.56e-24	103
2final:k127_3903	+_1	76.1	71	17	0	16	228	357	427	6.56e-24	103
2final:k127_3903	+_1	76.1	71	17	0	16	228	357	427	6.56e-24	103
2final:k127_3903	+_1	76.1	71	17	0	16	228	357	427	6.56e-24	103
2final:k127_3903	+_1	76.1	71	17	0	16	228	357	427	6.56e-24	103
2final:k127_3903	+_1	76.1	71	17	0	16	228	357	427	6.56e-24	103
2final:k127_3903	+_1	76.1	71	17	0	16	228	357	427	6.56e-24	103
2final:k127_3903	+_1	83.1	59	10	0	226	402	424	482	3.58e-23	101
2final:k127_3903	+_1	83.1	59	10	0	226	402	424	482	3.58e-23	101
2final:k127_3903	+_1	83.1	59	10	0	226	402	424	482	3.58e-23	101
2final:k127_3903	+_1	83.1	59	10	0	226	402	424	482	3.58e-23	101
2final:k127_3903	+_1	73.7	57	15	0	224	394	421	477	1.32e-14	74.7
2final:k127_39087	gb|YP_177995.1|ARO:3004957|Mtub_clpC1_PZA	76.2	592	137	1	1765	2	1	592	1.29e-278	853
2final:k127_118293	gb|NP_216424.1|ARO:3003392|Mtub_katG_INH	71.4	119	33	1	3	359	622	739	1.08e-46	179
2final:k127_118293	gb|NP_216424.1|ARO:3005102|Mtub_katG_PTO	71.4	119	33	1	3	359	622	739	1.08e-46	179
2final:k127_92326	gb|CAA67349.1|ARO:3003359|Scin_EFTu_ELF	91.7	36	3	0	3866	3973	1	36	1.17e-13	72.0
2final:k127_92326	gb|AAA50993.1|ARO:3003368|Ecol_EFTu_KIR	89.2	37	4	0	3866	3976	1	37	2.04e-13	71.2
2final:k127_92326	gb|AAC76364.1|ARO:3003370|Ecol_EFTu_ENC	89.2	37	4	0	3866	3976	1	37	2.04e-13	71.2
2final:k127_92326	gb|AAB39605.1|ARO:3003361|Pros_EFTu_GE2A	91.7	36	3	0	3866	3973	1	36	2.07e-13	71.2
2final:k127_92326	gb|AAN82549.1|ARO:3003369|Ecol_EFTu_PLV	85.4	41	4	1	3860	3976	12	52	5.19e-13	70.1
2final:k127_92326	gb|AXU66539.1|ARO:3003357|Cdif_EFTu_ELF	86.1	36	5	0	3866	3973	1	36	8.56e-13	69.3
2final:k127_92326	gb|AFK57679.1|ARO:3003438|Efac_EFTu_GE2A	77.5	40	9	0	3866	3985	29	68	1.29e-12	68.9
2final:k127_92343	gb|AFK57679.1|ARO:3003438|Efac_EFTu_GE2A	74.7	399	96	2	626	1822	29	422	9.73e-209	596
2final:k127_92343	gb|AAA50993.1|ARO:3003368|Ecol_EFTu_KIR	74.4	398	96	3	626	1819	1	392	4.20e-202	578
2final:k127_92343	gb|AAC76364.1|ARO:3003370|Ecol_EFTu_ENC	74.4	398	96	3	626	1819	1	392	4.20e-202	578
2final:k127_92343	gb|AAN82549.1|ARO:3003369|Ecol_EFTu_PLV	74.1	398	97	3	626	1819	16	407	2.90e-201	576
2final:k127_92343	gb|AXU66539.1|ARO:3003357|Cdif_EFTu_ELF	73.9	398	95	2	626	1810	1	392	1.07e-200	574
2final:k127_92406	gb|NP_215196.1|ARO:3003395|Mtub_rpsL_STR	74.0	100	26	0	8	307	24	123	1.06e-44	153
2final:k127_101499	gb|AFK57679.1|ARO:3003438|Efac_EFTu_GE2A	72.1	111	26	2	2201	2533	135	240	3.51e-38	145
2final:k127_216490	gb|CAG39568.1|ARO:3003285|Saur_rpoB_RIF	87.1	31	4	0	5	97	447	477	2.61e-09	57.8
2final:k127_216490	gb|CAG39568.1|ARO:3003287|Saur_rpoB_DAP	87.1	31	4	0	5	97	447	477	2.61e-09	57.8
2final:k127_216490	gb|BAD59497.1|ARO:3000501|rpoB2	84.4	32	5	0	2	97	403	434	7.78e-09	56.2
2final:k127_216490	gb|NP_215181.1|ARO:3003283|Mtub_rpoB_RIF	84.4	32	5	0	2	97	410	441	7.80e-09	56.2
2final:k127_216490	gb|CAC30845.1|ARO:3003284|Mlep_rpoB_RIF	84.4	32	5	0	2	97	416	447	7.81e-09	56.2
2final:k127_216490	gb|ADK17136.1|ARO:3004563|Cdif_rpoB_RIF	81.3	32	6	0	2	97	467	498	1.04e-08	55.8
2final:k127_216490	gb|WP_011079201.1|ARO:3007794|Vvul_rpoB_RIF	80.6	31	6	0	5	97	492	522	2.40e-08	54.7
2final:k127_216490	gb|WP_041777404.1|ARO:3004480|Bado_rpoB_RIF	84.4	32	5	0	2	97	412	443	3.07e-08	54.3
2final:k127_216490	gb|BAB38333.1|ARO:3003288|Ecol_rpoB_RIF	77.4	31	7	0	5	97	492	522	4.14e-08	53.9
2final:k127_66916	gb|KTE89608.1|ARO:3003723|vanI	78.1	343	75	0	2432	1404	1	343	4.86e-187	550
2final:k127_66916	gb|AHA41500.1|ARO:3002913|vanO	73.4	346	92	0	2432	1395	1	346	1.30e-182	538
2final:k127_66916	gb|AHA41499.1|ARO:3002948|vanH_in_vanO_cl	74.0	331	86	0	3438	2446	15	345	2.10e-166	496
2final:k127_66916	gb|ACL19707.1|ARO:3003725|vanX_in_vanI_cl	82.1	201	36	0	1395	793	1	201	2.01e-117	361
2final:k127_66916	gb|AHA41501.1|ARO:3002954|vanX_in_vanO_cl	78.7	202	43	0	1395	790	1	202	4.06e-114	352
2final:k127_66916	gb|AHA41505.1|ARO:3002930|vanR_in_vanO_cl	83.1	83	14	0	3545	3793	1	83	1.59e-36	135
2final:k127_92838	gb|AAA50993.1|ARO:3003368|Ecol_EFTu_KIR	74.2	392	101	0	2	1177	1	392	2.59e-196	603
2final:k127_92838	gb|AAC76364.1|ARO:3003370|Ecol_EFTu_ENC	74.2	392	101	0	2	1177	1	392	2.59e-196	603
2final:k127_92838	gb|AFK57679.1|ARO:3003438|Efac_EFTu_GE2A	74.4	394	100	1	2	1180	29	422	2.98e-196	605
2final:k127_92838	gb|AAN82549.1|ARO:3003369|Ecol_EFTu_PLV	74.0	392	102	0	2	1177	16	407	1.55e-195	602
2final:k127_92838	gb|AAB39605.1|ARO:3003361|Pros_EFTu_GE2A	71.6	395	109	2	2	1177	1	395	3.49e-184	569
2final:k127_92838	gb|CAA67349.1|ARO:3003359|Scin_EFTu_ELF	70.3	397	115	2	2	1183	1	397	1.94e-182	564
2final:k127_48930	gb|AAA50993.1|ARO:3003368|Ecol_EFTu_KIR	77.6	49	11	0	149	3	289	337	6.95e-20	92.0
2final:k127_48930	gb|AAC76364.1|ARO:3003370|Ecol_EFTu_ENC	77.6	49	11	0	149	3	289	337	6.95e-20	92.0
2final:k127_48930	gb|AAN82549.1|ARO:3003369|Ecol_EFTu_PLV	77.6	49	11	0	149	3	304	352	8.18e-20	92.0
2final:k127_48930	gb|AFK57679.1|ARO:3003438|Efac_EFTu_GE2A	76.0	50	12	0	152	3	317	366	9.43e-19	89.0
2final:k127_48930	gb|AXU66539.1|ARO:3003357|Cdif_EFTu_ELF	77.6	49	11	0	149	3	292	340	4.17e-18	86.7
2final:k127_48981	-_1	76.4	157	37	0	538	68	38	194	1.85e-59	221
2final:k127_48981	+_1	70.4	135	40	0	66	470	775	909	3.18e-51	195
2final:k127_48981	+_1	71.9	135	38	0	66	470	844	978	1.72e-49	190
2final:k127_48981	+_1	71.1	135	39	0	85	489	861	995	4.19e-46	179
2final:k127_48981	-_1	73.6	91	24	0	340	68	395	485	1.16e-29	126
2final:k127_180797	gb|KTE89608.1|ARO:3003723|vanI	76.8	341	79	0	886	1908	1	341	3.89e-189	535
2final:k127_180797	gb|AHA41500.1|ARO:3002913|vanO	72.7	341	93	0	886	1908	1	341	3.14e-185	525
2final:k127_180797	gb|AHA41499.1|ARO:3002948|vanH_in_vanO_cl	75.8	289	70	0	6	872	57	345	1.36e-156	452
2final:k127_146011	gb|AHA41505.1|ARO:3002930|vanR_in_vanO_cl	88.8	116	13	0	7434	7781	3	118	2.76e-58	199
2final:k127_128292	gb|AAA50993.1|ARO:3003368|Ecol_EFTu_KIR	74.4	39	10	0	3	119	354	392	4.50e-10	59.7
2final:k127_128292	gb|AAC76364.1|ARO:3003370|Ecol_EFTu_ENC	74.4	39	10	0	3	119	354	392	4.50e-10	59.7
2final:k127_128292	gb|AAN82549.1|ARO:3003369|Ecol_EFTu_PLV	74.4	39	10	0	3	119	369	407	4.74e-10	59.7
2final:k127_40751	gb|NP_215196.1|ARO:3003395|Mtub_rpsL_STR	76.4	123	29	0	1585	1217	1	123	2.05e-59	191
2final:k127_49493	gb|YP_177995.1|ARO:3004957|Mtub_clpC1_PZA	71.8	39	11	0	5056	5172	167	205	3.18e-09	59.3
2final:k127_181427	-_1	74.5	341	84	2	2438	1419	229	567	2.03e-158	486
2final:k127_181427	+_1	82.9	76	13	0	1964	2191	576	651	1.56e-29	123
2final:k127_181427	+_1	82.9	76	13	0	1964	2191	576	651	1.56e-29	123
2final:k127_181427	+_1	82.9	76	13	0	1964	2191	576	651	1.56e-29	123
2final:k127_181427	+_1	82.9	76	13	0	1964	2191	576	651	1.56e-29	123
2final:k127_181427	+_1	82.9	76	13	0	1964	2191	576	651	1.56e-29	123
2final:k127_181427	-_1	72.5	69	19	0	1985	2191	584	652	1.61e-18	88.2
2final:k127_137663	gb|KTE89608.1|ARO:3003723|vanI	77.3	343	78	0	136	1164	1	343	8.92e-189	530
2final:k127_137663	gb|AHA41500.1|ARO:3002913|vanO	72.3	346	96	0	136	1173	1	346	4.47e-186	523
2final:k127_137663	gb|ACL19707.1|ARO:3003725|vanX_in_vanI_cl	81.4	161	30	0	1173	1655	1	161	4.59e-95	286
2final:k127_137663	gb|AHA41501.1|ARO:3002954|vanX_in_vanO_cl	79.5	161	33	0	1173	1655	1	161	2.05e-93	281
2final:k127_208677	+_1	72.3	94	25	1	1276	1554	73	166	1.69e-32	128
2final:k127_208677	+_1	72.3	94	25	1	1276	1554	73	166	1.69e-32	128
2final:k127_208677	+_1	72.3	94	25	1	1276	1554	73	166	1.69e-32	128
2final:k127_208677	+_1	72.3	94	25	1	1276	1554	73	166	1.69e-32	128
2final:k127_208677	+_1	72.3	94	25	1	1276	1554	73	166	1.69e-32	128
2final:k127_208677	+_1	83.7	43	7	0	1305	1433	88	130	1.29e-13	70.9
2final:k127_208677	+_1	83.7	43	7	0	1305	1433	90	132	1.29e-13	70.9
2final:k127_190500	gb|AIA08936.1|ARO:3000444|rphA	70.5	376	111	0	2	1129	489	864	2.74e-183	541
2final:k127_199730	+_1	79.6	54	11	0	1	162	924	977	5.45e-18	89.0
2final:k127_199730	+_1	77.8	54	12	0	1	162	847	900	5.97e-17	85.5
2final:k127_199730	+_1	77.8	54	12	0	1	162	860	913	7.88e-17	85.1
2final:k127_199730	+_1	73.1	52	14	0	3	158	853	904	2.31e-14	77.0
2final:k127_199730	+_1	72.2	54	15	0	1	162	880	933	1.19e-13	74.7
2final:k127_199730	-_1	78.8	52	11	0	157	2	66	117	2.01e-13	73.9
2final:k127_199730	+_1	72.2	54	15	0	1	162	932	985	1.39e-12	71.2
2final:k127_84975	gb|AFK57679.1|ARO:3003438|Efac_EFTu_GE2A	76.1	155	31	1	654	190	83	231	1.54e-69	228
2final:k127_84975	gb|AXU66539.1|ARO:3003357|Cdif_EFTu_ELF	70.9	158	41	1	663	190	53	205	4.94e-65	216
2final:k127_84975	gb|AAB39605.1|ARO:3003361|Pros_EFTu_GE2A	71.7	159	39	1	663	187	54	206	1.00e-63	212
2final:k127_84975	gb|AAA50993.1|ARO:3003368|Ecol_EFTu_KIR	71.0	155	39	1	654	190	55	203	4.92e-63	210
2final:k127_84975	gb|AAC76364.1|ARO:3003370|Ecol_EFTu_ENC	71.0	155	39	1	654	190	55	203	4.92e-63	210
2final:k127_84975	gb|AAN82549.1|ARO:3003369|Ecol_EFTu_PLV	71.0	155	39	1	654	190	70	218	7.27e-63	210
2final:k127_41653	gb|AJP09758.1|ARO:3004681|Cdif_rpoC_VAN	100	25	0	0	2101	2027	318	342	6.56e-08	53.5
2final:k127_120951	gb|NP_215196.1|ARO:3003395|Mtub_rpsL_STR	76.4	123	29	0	1543	1911	1	123	1.22e-57	191
2final:k127_120951	gb|CAG39573.1|ARO:3003735|Saur_fusA_FA	76.1	117	28	0	2460	2810	3	119	3.69e-49	183
2final:k127_14730	+_1	72.7	55	15	0	628	464	359	413	5.29e-17	83.6
2final:k127_14730	+_1	76.6	47	11	0	893	753	277	323	1.25e-14	75.9
2final:k127_14730	+_1	76.6	47	11	0	893	753	269	315	1.63e-14	75.5
2final:k127_14782	-_1	79.2	72	15	0	19080	19295	72	143	4.28e-26	116
2final:k127_14782	-_1	73.3	75	20	0	19071	19295	67	141	1.73e-23	108
2final:k127_14782	+_1	79.4	68	14	0	19288	19085	829	896	6.49e-23	106
2final:k127_14782	+_1	79.4	68	14	0	19288	19085	898	965	7.90e-22	102
2final:k127_59387	gb|AJP09758.1|ARO:3004681|Cdif_rpoC_VAN	72.2	72	20	0	3278	3063	1085	1156	8.17e-23	103
2final:k127_7222	gb|NP_215181.1|ARO:3003283|Mtub_rpoB_RIF	73.9	46	12	0	139	2	520	565	6.45e-14	72.4
2final:k127_7222	gb|CAC30845.1|ARO:3003284|Mlep_rpoB_RIF	71.7	46	13	0	139	2	526	571	6.46e-14	72.4
2final:k127_7280	gb|AAB39605.1|ARO:3003361|Pros_EFTu_GE2A	84.6	39	6	0	1951	2067	1	39	4.91e-15	75.1
2final:k127_7280	gb|AFK57679.1|ARO:3003438|Efac_EFTu_GE2A	77.5	40	9	0	1948	2067	28	67	1.34e-14	73.9
2final:k127_7280	gb|CAA67349.1|ARO:3003359|Scin_EFTu_ELF	81.6	38	7	0	1951	2064	1	38	3.64e-14	72.4
2final:k127_7280	gb|AXU66539.1|ARO:3003357|Cdif_EFTu_ELF	76.9	39	9	0	1951	2067	1	39	8.56e-14	71.2
2final:k127_7280	gb|AAA50993.1|ARO:3003368|Ecol_EFTu_KIR	78.9	38	8	0	1951	2064	1	38	1.12e-13	70.9
2final:k127_7280	gb|AAC76364.1|ARO:3003370|Ecol_EFTu_ENC	78.9	38	8	0	1951	2064	1	38	1.12e-13	70.9
2final:k127_7280	gb|AAN82549.1|ARO:3003369|Ecol_EFTu_PLV	76.3	38	9	0	1951	2064	16	53	3.78e-13	69.3
2final:k127_7323	gb|AAB39605.1|ARO:3003361|Pros_EFTu_GE2A	84.6	39	6	0	1676	1792	1	39	2.17e-14	72.8
2final:k127_7323	gb|AFK57679.1|ARO:3003438|Efac_EFTu_GE2A	79.5	39	8	0	1676	1792	29	67	7.72e-14	71.2
2final:k127_7323	gb|CAA67349.1|ARO:3003359|Scin_EFTu_ELF	81.6	38	7	0	1676	1789	1	38	1.60e-13	70.1
2final:k127_7323	gb|AXU66539.1|ARO:3003357|Cdif_EFTu_ELF	76.9	39	9	0	1676	1792	1	39	3.77e-13	68.9
2final:k127_7323	gb|AAA50993.1|ARO:3003368|Ecol_EFTu_KIR	78.9	38	8	0	1676	1789	1	38	4.95e-13	68.6
2final:k127_7323	gb|AAC76364.1|ARO:3003370|Ecol_EFTu_ENC	78.9	38	8	0	1676	1789	1	38	4.95e-13	68.6
2final:k127_7323	gb|AAN82549.1|ARO:3003369|Ecol_EFTu_PLV	76.3	38	9	0	1676	1789	16	53	1.65e-12	67.0
2final:k127_85716	gb|AFJ38137.1|ARO:3007370|FosI	80.8	130	25	0	477	88	1	130	6.66e-69	224
2final:k127_59712	+_1	76.1	46	11	0	289	152	775	820	2.67e-15	77.4
2final:k127_59712	+_1	76.1	46	11	0	286	149	856	901	1.51e-12	68.6
2final:k127_59712	+_1	73.9	46	12	0	286	149	804	849	1.95e-12	68.2
2final:k127_59712	+_1	70.0	40	12	0	268	149	786	825	1.62e-08	55.5
2final:k127_77850	gb|NP_215196.1|ARO:3003395|Mtub_rpsL_STR	78.9	123	26	0	2450	2082	1	123	2.86e-57	189
2final:k127_157034	gb|AHA41505.1|ARO:3002930|vanR_in_vanO_cl	75.0	44	11	0	6547	6416	94	137	5.23e-12	65.5
2final:k127_139137	gb|CAG39573.1|ARO:3003735|Saur_fusA_FA	78.0	100	22	0	1271	1570	1	100	1.84e-46	170
2final:k127_112643	gb|BAE06008.1|ARO:3003699|mexQ	72.1	68	19	0	1720	1517	967	1034	7.43e-23	100
2final:k127_112643	gb|AAL19305.1|ARO:3000790|mdsB	75.4	65	16	0	1720	1526	974	1038	3.03e-22	99.0
2final:k127_112643	gb|AAB58161.1|ARO:3003010|ceoB	72.2	54	15	0	1720	1559	973	1026	7.85e-16	78.6
2final:k127_191925	+_1	79.7	133	27	0	11840	12238	789	921	8.65e-54	205
2final:k127_191925	-_1	71.7	145	41	0	12257	11823	45	189	1.84e-48	188
2final:k127_191925	+_1	75.4	122	30	0	11824	12189	776	897	4.07e-47	184
2final:k127_191925	+_1	70.9	134	39	0	11834	12235	807	940	5.14e-45	177
2final:k127_191925	+_1	73.1	130	35	0	11843	12232	786	915	5.70e-44	174
2final:k127_191925	-_1	70.4	108	32	0	11245	11568	583	690	1.38e-33	140
2final:k127_191925	-_1	71.7	92	26	0	12095	11820	395	486	4.59e-28	123
2final:k127_191925	+_1	76.1	67	16	0	11368	11568	692	758	7.21e-22	102
2final:k127_191925	+_1	78.1	64	14	0	11377	11568	697	760	2.79e-21	100
2final:k127_191925	+_1	78.1	64	14	0	11377	11568	701	764	2.82e-21	100
2final:k127_130205	gb|NP_215196.1|ARO:3003395|Mtub_rpsL_STR	71.9	89	25	0	4818	4552	27	115	2.90e-35	129
2final:k127_130205	+_1	72.2	97	27	0	7695	7405	132	228	1.92e-34	139
2final:k127_60181	gb|AFK57679.1|ARO:3003438|Efac_EFTu_GE2A	74.7	383	93	1	1	1149	43	421	2.35e-186	572
2final:k127_60181	gb|AAA50993.1|ARO:3003368|Ecol_EFTu_KIR	70.8	384	107	2	1	1152	15	393	2.90e-180	554
2final:k127_60181	gb|AAC76364.1|ARO:3003370|Ecol_EFTu_ENC	70.8	384	107	2	1	1152	15	393	2.90e-180	554
2final:k127_60181	gb|AAN82549.1|ARO:3003369|Ecol_EFTu_PLV	70.8	384	107	2	1	1152	30	408	4.98e-180	554
2final:k127_60181	gb|AXU66539.1|ARO:3003357|Cdif_EFTu_ELF	70.2	386	111	2	1	1155	15	397	1.56e-174	538
2final:k127_15885	+_1	76.6	175	41	0	2179	1655	749	923	9.62e-72	250
2final:k127_157936	gb|AAA50993.1|ARO:3003368|Ecol_EFTu_KIR	73.9	394	102	1	4328	3147	1	393	2.92e-197	604
2final:k127_157936	gb|AAC76364.1|ARO:3003370|Ecol_EFTu_ENC	73.9	394	102	1	4328	3147	1	393	2.92e-197	604
2final:k127_157936	gb|AAN82549.1|ARO:3003369|Ecol_EFTu_PLV	73.7	395	103	1	4331	3147	15	408	5.06e-197	604
2final:k127_157936	gb|AAB39605.1|ARO:3003361|Pros_EFTu_GE2A	74.6	397	99	2	4328	3144	1	397	9.57e-195	597
2final:k127_157936	gb|AFK57679.1|ARO:3003438|Efac_EFTu_GE2A	73.9	394	101	2	4328	3150	29	421	9.81e-192	590
2final:k127_157936	gb|CAA67349.1|ARO:3003359|Scin_EFTu_ELF	72.6	398	105	3	4328	3144	1	397	1.84e-191	588
2final:k127_157936	gb|AXU66539.1|ARO:3003357|Cdif_EFTu_ELF	70.8	397	114	2	4328	3144	1	397	8.53e-182	560
2final:k127_157936	gb|NP_215196.1|ARO:3003395|Mtub_rpsL_STR	81.1	122	23	0	7413	7048	1	122	5.45e-59	197
2final:k127_122580	gb|AAF67494.2|ARO:3002522|novA	78.8	160	34	0	2	481	438	597	5.01e-75	247
2final:k127_105461	gb|AFK57679.1|ARO:3003438|Efac_EFTu_GE2A	77.3	352	80	0	929	1984	29	380	5.83e-199	563
2final:k127_105461	gb|AAA50993.1|ARO:3003368|Ecol_EFTu_KIR	76.7	352	81	1	929	1984	1	351	2.89e-194	550
2final:k127_105461	gb|AAC76364.1|ARO:3003370|Ecol_EFTu_ENC	76.7	352	81	1	929	1984	1	351	2.89e-194	550
2final:k127_105461	gb|AAN82549.1|ARO:3003369|Ecol_EFTu_PLV	76.4	352	82	1	929	1984	16	366	2.00e-193	549
2final:k127_105461	gb|AAB39605.1|ARO:3003361|Pros_EFTu_GE2A	73.7	354	91	1	929	1984	1	354	2.09e-187	533
2final:k127_105461	gb|CAA67349.1|ARO:3003359|Scin_EFTu_ELF	74.6	354	88	1	929	1984	1	354	5.94e-187	532
2final:k127_105461	gb|AXU66539.1|ARO:3003357|Cdif_EFTu_ELF	74.3	354	89	2	929	1984	1	354	1.11e-184	526
2final:k127_149510	+_1	80.5	41	8	0	2931	3053	90	130	9.65e-12	66.2
2final:k127_149510	+_1	80.5	41	8	0	2931	3053	92	132	9.69e-12	66.2
2final:k127_149510	+_1	71.8	39	11	0	2931	3047	91	129	3.52e-10	61.2
2final:k127_149510	+_1	86.5	37	5	0	3121	3231	143	179	7.53e-10	60.1
2final:k127_149510	+_1	86.5	37	5	0	3121	3231	143	179	7.53e-10	60.1
2final:k127_149510	+_1	86.5	37	5	0	3121	3231	143	179	7.53e-10	60.1
2final:k127_149510	+_1	86.5	37	5	0	3121	3231	143	179	7.53e-10	60.1
2final:k127_149510	+_1	86.5	37	5	0	3121	3231	143	179	7.53e-10	60.1
2final:k127_149510	+_1	72.3	47	13	0	3260	3120	309	355	1.06e-09	59.7
2final:k127_149510	+_1	83.8	37	6	0	3121	3231	141	177	1.20e-08	56.2
2final:k127_113637	gb|NP_215196.1|ARO:3003395|Mtub_rpsL_STR	78.5	121	26	0	501	863	1	121	2.46e-59	190
2final:k127_113637	gb|CAG39573.1|ARO:3003735|Saur_fusA_FA	79.8	84	17	0	1396	1647	6	89	6.92e-38	145
2final:k127_193215	gb|AAA50993.1|ARO:3003368|Ecol_EFTu_KIR	73.3	191	50	1	123	695	203	392	6.26e-92	295
2final:k127_193215	gb|AAC76364.1|ARO:3003370|Ecol_EFTu_ENC	73.3	191	50	1	123	695	203	392	6.26e-92	295
2final:k127_193215	gb|AAN82549.1|ARO:3003369|Ecol_EFTu_PLV	73.3	191	50	1	123	695	218	407	9.92e-92	295
2final:k127_193215	gb|AXU66539.1|ARO:3003357|Cdif_EFTu_ELF	71.7	191	54	0	123	695	205	395	5.05e-90	290
2final:k127_193215	gb|AFK57679.1|ARO:3003438|Efac_EFTu_GE2A	70.3	192	57	0	123	698	231	422	4.15e-89	289
2final:k127_140830	+_1	86.8	38	5	0	1791	1678	915	952	3.14e-14	73.6
2final:k127_140830	+_1	89.5	38	4	0	1792	1679	912	949	9.45e-14	72.0
2final:k127_140830	+_1	86.5	37	5	0	1791	1681	838	874	2.77e-13	70.5
2final:k127_140830	+_1	71.2	52	15	0	1791	1636	851	902	1.10e-12	68.6
2final:k127_140830	+_1	93.8	32	2	0	1791	1696	923	954	3.40e-12	67.0
2final:k127_140830	-_1	93.9	33	2	0	1692	1790	94	126	4.34e-12	66.6
2final:k127_140830	+_1	84.2	38	6	0	1792	1679	843	880	9.94e-12	65.5
2final:k127_140830	+_1	84.8	33	5	0	1791	1693	847	879	6.15e-10	59.7
2final:k127_140830	+_1	84.8	33	5	0	1791	1693	871	903	6.19e-10	59.7
2final:k127_87688	gb|AFK57679.1|ARO:3003438|Efac_EFTu_GE2A	78.3	189	40	1	575	9	21	208	5.87e-94	292
2final:k127_87688	gb|AAA50993.1|ARO:3003368|Ecol_EFTu_KIR	77.8	180	40	0	548	9	1	180	7.01e-90	280
2final:k127_87688	gb|AAC76364.1|ARO:3003370|Ecol_EFTu_ENC	77.8	180	40	0	548	9	1	180	7.01e-90	280
2final:k127_87688	gb|AAN82549.1|ARO:3003369|Ecol_EFTu_PLV	77.2	180	41	0	548	9	16	195	4.32e-89	279
2final:k127_87688	gb|CAA67349.1|ARO:3003359|Scin_EFTu_ELF	77.5	182	39	1	548	9	1	182	5.97e-89	278
2final:k127_87688	gb|AXU66539.1|ARO:3003357|Cdif_EFTu_ELF	76.8	181	41	1	548	9	1	181	4.63e-88	276
2final:k127_87688	gb|AAB39605.1|ARO:3003361|Pros_EFTu_GE2A	77.5	182	39	1	548	9	1	182	9.17e-88	275
2final:k127_96806	gb|ADK17136.1|ARO:3004563|Cdif_rpoB_RIF	71.5	473	134	1	3539	2121	715	1186	4.72e-223	673
2final:k127_184920	gb|ADK17136.1|ARO:3004563|Cdif_rpoB_RIF	75.1	370	91	1	2	1111	819	1187	5.03e-186	560
2final:k127_184920	gb|CAB11883.2|ARO:3007073|Bsub_rpoB_RIF	73.3	371	96	2	2	1108	806	1175	1.81e-180	544
2final:k127_184920	gb|CAG39568.1|ARO:3003285|Saur_rpoB_RIF	72.1	359	99	1	2	1075	805	1163	9.12e-174	526
2final:k127_184920	gb|CAG39568.1|ARO:3003287|Saur_rpoB_DAP	72.1	359	99	1	2	1075	805	1163	9.12e-174	526
2final:k127_184920	gb|NP_215182.1|ARO:3004994|Mtub_rpoC_RIF	75.7	152	37	0	1187	1642	1	152	2.78e-74	259
2final:k127_184920	gb|AJP09758.1|ARO:3004681|Cdif_rpoC_VAN	78.0	141	31	0	1187	1609	1	141	1.46e-70	247
2final:k127_184920	gb|CAG39569.1|ARO:3003291|Saur_rpoC_DAP	80.9	136	26	0	1187	1594	1	136	6.05e-70	246
3final:k127_58452	-_1	84.6	39	6	0	10	126	301	339	1.05e-12	70.5
3final:k127_35145	gb|ADK17136.1|ARO:3004563|Cdif_rpoB_RIF	71.9	430	120	1	2	1291	762	1190	1.79e-207	614
3final:k127_35145	gb|CAB11883.2|ARO:3007073|Bsub_rpoB_RIF	70.7	430	125	1	8	1294	751	1180	7.70e-207	611
3final:k127_35145	gb|AJP09758.1|ARO:3004681|Cdif_rpoC_VAN	74.5	141	36	0	1327	1749	1	141	4.16e-70	245
3final:k127_35145	gb|CAG39569.1|ARO:3003291|Saur_rpoC_DAP	74.6	138	35	0	1327	1740	1	138	1.21e-67	238
3final:k127_268691	gb|YP_177995.1|ARO:3004957|Mtub_clpC1_PZA	74.9	490	117	2	2742	1288	343	831	1.75e-250	721
3final:k127_210230	gb|AAA50993.1|ARO:3003368|Ecol_EFTu_KIR	75.0	392	98	0	4185	3010	1	392	2.94e-197	605
3final:k127_210230	gb|AAC76364.1|ARO:3003370|Ecol_EFTu_ENC	75.0	392	98	0	4185	3010	1	392	2.94e-197	605
3final:k127_210230	gb|AAN82549.1|ARO:3003369|Ecol_EFTu_PLV	74.7	392	99	0	4185	3010	16	407	1.76e-196	603
3final:k127_210230	gb|AFK57679.1|ARO:3003438|Efac_EFTu_GE2A	74.4	394	100	1	4188	3010	28	421	1.02e-195	602
3final:k127_210230	gb|AAB39605.1|ARO:3003361|Pros_EFTu_GE2A	73.0	397	104	2	4185	3004	1	397	1.30e-190	586
3final:k127_210230	gb|CAA67349.1|ARO:3003359|Scin_EFTu_ELF	72.8	397	105	2	4185	3004	1	397	8.35e-190	584
3final:k127_210230	gb|NP_215196.1|ARO:3003395|Mtub_rpsL_STR	79.7	123	25	0	7288	6920	1	123	2.16e-58	195
3final:k127_245433	gb|YP_177995.1|ARO:3004957|Mtub_clpC1_PZA	70.6	34	10	0	2682	2783	2	35	1.31e-08	56.2
3final:k127_198737	+_1	71.1	173	50	0	1248	730	805	977	2.76e-67	231
3final:k127_198737	+_1	74.2	163	42	0	1218	730	823	985	2.37e-65	226
3final:k127_164088	gb|NP_216424.1|ARO:3003392|Mtub_katG_INH	70.8	48	14	0	3	146	692	739	7.60e-15	75.1
3final:k127_164088	gb|NP_216424.1|ARO:3005102|Mtub_katG_PTO	70.8	48	14	0	3	146	692	739	7.60e-15	75.1
3final:k127_175637	gb|WP_104671188.1|ARO:3003948|efrA	71.1	90	26	0	1	270	486	575	1.86e-32	128
3final:k127_23907	gb|NP_216424.1|ARO:3003392|Mtub_katG_INH	71.3	742	209	4	2886	664	1	739	0.0	1100
3final:k127_23907	gb|NP_216424.1|ARO:3005102|Mtub_katG_PTO	71.3	742	209	4	2886	664	1	739	0.0	1100
3final:k127_257437	+_1	80.0	40	8	0	538	657	272	311	1.10e-12	69.3
3final:k127_257437	+_1	82.1	39	7	0	2280	2396	888	926	3.00e-09	58.2
3final:k127_257437	+_1	76.9	39	9	0	2280	2396	834	872	7.76e-08	53.5
3final:k127_117381	gb|AJP09758.1|ARO:3004681|Cdif_rpoC_VAN	75.0	136	34	0	1984	2391	1	136	5.08e-68	244
3final:k127_117381	gb|CAG39569.1|ARO:3003291|Saur_rpoC_DAP	75.7	136	33	0	1984	2391	1	136	3.82e-66	239
3final:k127_269000	gb|AAB39605.1|ARO:3003361|Pros_EFTu_GE2A	76.2	42	10	0	113323	113198	355	396	5.40e-12	71.6
3final:k127_269000	gb|CAA67349.1|ARO:3003359|Scin_EFTu_ELF	75.6	41	10	0	113323	113201	355	395	1.21e-10	67.4
3final:k127_24115	gb|AJP09758.1|ARO:3004681|Cdif_rpoC_VAN	96.7	30	1	0	3	92	246	275	4.17e-10	60.5
3final:k127_24115	gb|CAG39569.1|ARO:3003291|Saur_rpoC_DAP	93.3	30	2	0	3	92	246	275	9.56e-10	59.3
3final:k127_24115	gb|NP_215182.1|ARO:3004994|Mtub_rpoC_RIF	90.0	30	3	0	3	92	332	361	1.68e-09	58.5
3final:k127_281089	gb|NP_215196.1|ARO:3003395|Mtub_rpsL_STR	90.2	123	12	0	1711	1343	1	123	2.01e-68	215
3final:k127_24150	gb|KTE89608.1|ARO:3003723|vanI	79.3	343	71	0	1804	2832	1	343	5.86e-186	553
3final:k127_24150	gb|AHA41500.1|ARO:3002913|vanO	73.7	346	91	0	1804	2841	1	346	5.68e-180	538
3final:k127_24150	gb|AHA41499.1|ARO:3002948|vanH_in_vanO_cl	72.1	333	93	0	798	1796	15	347	9.26e-159	482
3final:k127_24150	gb|AHA41505.1|ARO:3002930|vanR_in_vanO_cl	89.6	221	23	0	665	3	1	221	2.80e-124	384
3final:k127_24150	gb|ACL19707.1|ARO:3003725|vanX_in_vanI_cl	79.1	201	42	0	2841	3443	1	201	8.28e-113	352
3final:k127_24150	gb|AHA41501.1|ARO:3002954|vanX_in_vanO_cl	76.1	201	48	0	2841	3443	1	201	3.00e-112	350
3final:k127_152386	+_1	78.7	136	29	0	800	1207	788	923	1.26e-51	199
3final:k127_152386	+_1	71.9	135	38	0	853	1257	798	932	2.30e-48	189
3final:k127_152386	+_1	75.4	134	33	0	806	1207	786	919	7.19e-48	187
3final:k127_152386	-_1	77.2	127	29	0	1181	801	61	187	5.82e-47	185
3final:k127_152386	-_1	71.1	149	43	0	1254	808	34	182	1.26e-46	184
3final:k127_152386	+_1	73.5	132	35	0	806	1201	810	941	1.29e-46	184
3final:k127_152386	+_1	75.8	124	30	0	803	1174	794	917	7.98e-45	178
3final:k127_152386	-_1	72.7	128	35	0	1184	801	57	184	2.23e-41	167
3final:k127_152386	-_1	76.7	86	20	0	1058	801	395	480	4.85e-27	120
3final:k127_234145	gb|NP_215196.1|ARO:3003395|Mtub_rpsL_STR	78.9	123	26	0	385	17	1	123	6.26e-57	191
3final:k127_129304	gb|AAW89357.1|ARO:3003928|Ngon_gyrA_FLO	77.8	45	10	0	152	18	19	63	4.73e-14	73.2
3final:k127_129304	gb|AJY14066.1|ARO:3004860|Bdol_gyrA_FLO	70.6	51	15	0	170	18	5	55	1.38e-13	71.6
3final:k127_234189	+_1	80.3	61	12	0	3	185	834	894	7.17e-22	102
3final:k127_234189	+_1	80.6	62	12	0	3	188	903	964	6.63e-21	99.8
3final:k127_234189	-_1	77.8	63	14	0	190	2	72	134	2.49e-20	97.8
3final:k127_234189	-_1	73.8	61	16	0	184	2	71	131	9.35e-18	89.4
3final:k127_234189	-_1	71.4	63	18	0	190	2	67	129	2.76e-17	87.8
3final:k127_59212	gb|AFK57679.1|ARO:3003438|Efac_EFTu_GE2A	77.5	40	9	0	13100	13219	28	67	9.66e-14	74.3
3final:k127_59212	gb|AAA50993.1|ARO:3003368|Ecol_EFTu_KIR	78.9	38	8	0	13103	13216	1	38	7.80e-13	71.2
3final:k127_59212	gb|AAC76364.1|ARO:3003370|Ecol_EFTu_ENC	78.9	38	8	0	13103	13216	1	38	7.80e-13	71.2
3final:k127_59212	gb|AAB39605.1|ARO:3003361|Pros_EFTu_GE2A	79.5	39	8	0	13103	13219	1	39	7.95e-13	71.2
3final:k127_59212	gb|CAA67349.1|ARO:3003359|Scin_EFTu_ELF	83.3	36	6	0	13103	13210	1	36	7.95e-13	71.2
3final:k127_59212	gb|AAN82549.1|ARO:3003369|Ecol_EFTu_PLV	76.3	38	9	0	13103	13216	16	53	2.64e-12	69.7
3final:k127_59212	gb|AXU66539.1|ARO:3003357|Cdif_EFTu_ELF	71.8	39	11	0	13103	13219	1	39	4.35e-12	68.9
3final:k127_59234	gb|AAB39605.1|ARO:3003361|Pros_EFTu_GE2A	76.2	42	10	0	7613	7488	355	396	3.30e-13	71.6
3final:k127_59234	gb|CAA67349.1|ARO:3003359|Scin_EFTu_ELF	75.6	41	10	0	7613	7491	355	395	7.42e-12	67.4
3final:k127_210861	gb|NP_215196.1|ARO:3003395|Mtub_rpsL_STR	80.5	123	24	0	1072	1440	1	123	7.37e-60	193
3final:k127_141136	gb|AHA41504.1|ARO:3002941|vanS_in_vanO_cl	74.6	71	18	0	3	215	271	341	1.46e-24	102
3final:k127_117850	gb|AFK57679.1|ARO:3003438|Efac_EFTu_GE2A	73.0	400	101	3	1202	3	29	421	3.79e-206	585
3final:k127_117850	gb|AAA50993.1|ARO:3003368|Ecol_EFTu_KIR	71.5	400	106	3	1202	3	1	392	4.57e-202	573
3final:k127_117850	gb|AAC76364.1|ARO:3003370|Ecol_EFTu_ENC	71.5	400	106	3	1202	3	1	392	4.57e-202	573
3final:k127_117850	gb|AAN82549.1|ARO:3003369|Ecol_EFTu_PLV	71.3	400	107	3	1202	3	16	407	3.17e-201	572
3final:k127_117850	gb|AAB39605.1|ARO:3003361|Pros_EFTu_GE2A	70.3	401	112	2	1202	3	1	395	6.69e-200	568
3final:k127_141201	gb|CCA59315.1|ARO:3007208|HelR	78.2	367	79	1	1100	3	7	373	2.09e-191	572
3final:k127_246090	gb|YP_177995.1|ARO:3004957|Mtub_clpC1_PZA	88.6	280	29	1	761	1591	1	280	1.14e-158	471
3final:k127_281458	gb|NP_215196.1|ARO:3003395|Mtub_rpsL_STR	82.8	122	21	0	1529	1894	1	122	2.42e-60	200
3final:k127_24620	gb|AAC75137.1|ARO:3000794|mdtC	72.8	81	22	0	4926	4684	836	916	4.58e-24	107
3final:k127_258357	+_1	71.7	53	15	0	1449	1291	322	374	3.64e-15	75.5
3final:k127_258357	+_1	96.0	25	1	0	1362	1288	349	373	7.67e-09	55.5
3final:k127_258357	+_1	71.1	38	11	0	1112	999	437	474	7.79e-09	55.5
3final:k127_94865	gb|AHA41501.1|ARO:3002954|vanX_in_vanO_cl	77.2	202	46	0	5265	4660	1	202	1.77e-110	347
3final:k127_94865	gb|ACL19707.1|ARO:3003725|vanX_in_vanI_cl	74.1	201	52	0	5265	4663	1	201	3.10e-105	332
3final:k127_94865	gb|AHA41505.1|ARO:3002930|vanR_in_vanO_cl	83.8	105	17	0	7416	7730	3	107	2.58e-51	179
3final:k127_129960	gb|AHA41505.1|ARO:3002930|vanR_in_vanO_cl	89.2	223	24	0	613	1281	3	225	1.97e-134	392
3final:k127_141677	gb|ADK17136.1|ARO:3004563|Cdif_rpoB_RIF	77.9	339	75	0	3	1019	827	1165	1.39e-174	525
3final:k127_141677	gb|CAB11883.2|ARO:3007073|Bsub_rpoB_RIF	74.9	343	86	0	3	1031	814	1156	2.06e-172	518
3final:k127_141677	gb|AJP09758.1|ARO:3004681|Cdif_rpoC_VAN	75.9	141	34	0	1267	1689	1	141	1.57e-71	247
3final:k127_141677	gb|NP_215182.1|ARO:3004994|Mtub_rpoC_RIF	72.4	152	42	0	1267	1722	1	152	1.91e-71	247
3final:k127_141677	gb|CAG39569.1|ARO:3003291|Saur_rpoC_DAP	76.1	138	33	0	1267	1680	1	138	2.25e-70	244
3final:k127_211501	gb|ADK13120.1|ARO:3004562|Cdif_gyrB_FLO	71.8	103	29	0	3996	4304	8	110	2.77e-41	160
3final:k127_281997	+_1	80.7	88	17	0	2382	2645	784	871	1.83e-35	142
3final:k127_281997	+_1	76.1	88	21	0	2382	2645	780	867	1.89e-32	133
3final:k127_1601	gb|ABC24999.1|ARO:3007476|Mabs_atpE_BDQ	72.9	70	19	0	4465	4256	7	76	1.85e-20	87.4
3final:k127_1601	gb|NP_215821.1|ARO:3007854|Mtub_atpE_BDQ	72.5	69	19	0	4462	4256	7	75	8.29e-20	85.5
3final:k127_1648	gb|AAA50993.1|ARO:3003368|Ecol_EFTu_KIR	73.9	394	102	1	1	1182	1	393	7.50e-223	622
3final:k127_1648	gb|AAC76364.1|ARO:3003370|Ecol_EFTu_ENC	73.9	394	102	1	1	1182	1	393	7.50e-223	622
3final:k127_1648	gb|AAN82549.1|ARO:3003369|Ecol_EFTu_PLV	73.6	394	103	1	1	1182	16	408	5.27e-222	620
3final:k127_1648	gb|AFK57679.1|ARO:3003438|Efac_EFTu_GE2A	73.6	394	102	2	1	1179	29	421	1.56e-217	609
3final:k127_1648	gb|AAW90462.1|ARO:3003930|rpsJ	70.3	101	30	0	1276	1578	1	101	1.93e-40	140
3final:k127_188768	gb|AAB39605.1|ARO:3003361|Pros_EFTu_GE2A	75.0	56	14	0	1432	1265	342	397	2.06e-19	87.8
3final:k127_188768	gb|AAA50993.1|ARO:3003368|Ecol_EFTu_KIR	70.9	55	16	0	1432	1268	339	393	2.85e-17	81.3
3final:k127_188768	gb|AAC76364.1|ARO:3003370|Ecol_EFTu_ENC	70.9	55	16	0	1432	1268	339	393	2.85e-17	81.3
3final:k127_188768	gb|AAN82549.1|ARO:3003369|Ecol_EFTu_PLV	70.9	55	16	0	1432	1268	354	408	3.15e-17	81.3
3final:k127_270010	gb|AAN82549.1|ARO:3003369|Ecol_EFTu_PLV	74.9	406	102	0	10767	11984	3	408	7.00e-203	623
3final:k127_270010	gb|AAA50993.1|ARO:3003368|Ecol_EFTu_KIR	76.6	393	92	0	10806	11984	1	393	1.39e-202	622
3final:k127_270010	gb|AAC76364.1|ARO:3003370|Ecol_EFTu_ENC	76.6	393	92	0	10806	11984	1	393	1.39e-202	622
3final:k127_270010	gb|AFK57679.1|ARO:3003438|Efac_EFTu_GE2A	74.7	395	99	1	10806	11987	29	423	6.93e-197	607
3final:k127_270010	gb|AAB39605.1|ARO:3003361|Pros_EFTu_GE2A	74.8	397	95	3	10806	11984	1	396	6.06e-194	597
3final:k127_270010	gb|CAA67349.1|ARO:3003359|Scin_EFTu_ELF	72.7	395	105	2	10806	11981	1	395	1.93e-188	581
3final:k127_270010	gb|AXU66539.1|ARO:3003357|Cdif_EFTu_ELF	72.0	397	106	4	10806	11984	1	396	1.74e-185	573
3final:k127_270010	gb|NP_215196.1|ARO:3003395|Mtub_rpsL_STR	76.6	124	29	0	7821	8192	1	124	1.18e-56	191
3final:k127_259032	gb|ADK17136.1|ARO:3004563|Cdif_rpoB_RIF	73.8	657	170	1	3	1967	512	1168	0.0	963
3final:k127_211877	+_1	80.6	36	7	0	109	2	95	130	1.97e-11	65.5
3final:k127_211877	+_1	80.6	36	7	0	109	2	95	130	1.97e-11	65.5
3final:k127_211877	+_1	80.6	36	7	0	109	2	95	130	1.97e-11	65.5
3final:k127_211877	+_1	80.6	36	7	0	109	2	95	130	1.97e-11	65.5
3final:k127_211877	+_1	80.6	36	7	0	109	2	95	130	1.97e-11	65.5
3final:k127_211877	+_1	80.6	36	7	0	109	2	95	130	1.97e-11	65.5
3final:k127_211877	+_1	80.6	36	7	0	109	2	95	130	1.97e-11	65.5
3final:k127_211877	+_1	80.6	36	7	0	109	2	95	130	1.97e-11	65.5
3final:k127_211877	+_1	80.6	36	7	0	109	2	95	130	1.97e-11	65.5
3final:k127_211877	+_1	80.6	36	7	0	109	2	95	130	1.97e-11	65.5
3final:k127_211877	+_1	80.6	36	7	0	109	2	95	130	1.97e-11	65.5
3final:k127_211877	+_1	80.6	36	7	0	109	2	95	130	1.97e-11	65.5
3final:k127_211877	+_1	80.6	36	7	0	109	2	95	130	1.97e-11	65.5
3final:k127_211877	+_1	80.6	36	7	0	109	2	95	130	1.97e-11	65.5
3final:k127_211877	+_1	80.6	36	7	0	109	2	95	130	1.97e-11	65.5
3final:k127_211877	+_1	73.2	41	11	0	131	9	76	116	5.52e-11	63.9
3final:k127_211877	+_1	73.2	41	11	0	131	9	76	116	5.52e-11	63.9
3final:k127_211877	+_1	73.2	41	11	0	131	9	76	116	5.52e-11	63.9
3final:k127_211877	+_1	73.2	41	11	0	131	9	76	116	5.52e-11	63.9
3final:k127_211877	+_1	73.2	41	11	0	131	9	76	116	5.52e-11	63.9
3final:k127_211877	+_1	73.2	41	11	0	131	9	74	114	5.58e-11	63.9
3final:k127_211877	+_1	77.5	40	9	0	122	3	92	131	1.80e-10	62.4
3final:k127_211877	+_1	75.7	37	9	0	112	2	91	127	9.08e-10	60.1
3final:k127_211877	+_1	77.1	35	8	0	106	2	91	125	1.21e-09	59.7
3final:k127_211877	+_1	77.1	35	8	0	106	2	91	125	1.21e-09	59.7
3final:k127_211877	+_1	77.1	35	8	0	106	2	91	125	1.21e-09	59.7
3final:k127_211877	+_1	77.1	35	8	0	106	2	91	125	1.21e-09	59.7
3final:k127_211877	+_1	77.1	35	8	0	106	2	91	125	1.21e-09	59.7
3final:k127_211877	-_1	82.4	34	6	0	5	106	377	410	2.10e-09	58.9
3final:k127_211877	+_1	73.7	38	10	0	122	9	91	128	8.51e-09	57.0
3final:k127_211877	+_1	73.7	38	10	0	122	9	93	130	8.54e-09	57.0
3final:k127_211877	+_1	78.1	32	7	0	109	14	87	118	4.29e-08	54.7
3final:k127_72011	gb|AFK57679.1|ARO:3003438|Efac_EFTu_GE2A	73.9	395	102	1	142	1323	28	422	8.47e-211	603
3final:k127_72011	gb|AAA50993.1|ARO:3003368|Ecol_EFTu_KIR	74.0	392	102	0	145	1320	1	392	3.79e-209	598
3final:k127_72011	gb|AAC76364.1|ARO:3003370|Ecol_EFTu_ENC	74.0	392	102	0	145	1320	1	392	3.79e-209	598
3final:k127_72011	gb|AAN82549.1|ARO:3003369|Ecol_EFTu_PLV	73.7	392	103	0	145	1320	16	407	2.63e-208	597
3final:k127_72011	gb|AXU66539.1|ARO:3003357|Cdif_EFTu_ELF	70.9	395	112	3	145	1320	1	395	7.41e-199	572
3final:k127_72011	gb|AAB39605.1|ARO:3003361|Pros_EFTu_GE2A	71.9	395	108	2	145	1320	1	395	2.10e-198	571
3final:k127_72011	gb|CAA67349.1|ARO:3003359|Scin_EFTu_ELF	71.1	395	111	2	145	1320	1	395	5.37e-196	565
3final:k127_107299	gb|ABC24999.1|ARO:3007476|Mabs_atpE_BDQ	70.8	65	19	0	72796	72990	6	70	5.51e-18	82.4
3final:k127_107299	gb|NP_215821.1|ARO:3007854|Mtub_atpE_BDQ	70.8	65	19	0	72796	72990	5	69	1.32e-17	81.3
3final:k127_13983	-_1	73.5	98	26	0	1103	810	39	136	5.09e-30	130
3final:k127_13983	-_1	71.3	87	25	0	1070	810	48	134	2.12e-25	115
3final:k127_13983	+_1	81.0	63	12	0	352	540	783	845	6.13e-21	100
3final:k127_13983	+_1	78.9	57	12	0	817	987	905	961	6.37e-19	94.0
3final:k127_13983	+_1	71.0	62	18	0	355	540	856	917	7.19e-16	84.0
3final:k127_95783	gb|CAA67349.1|ARO:3003359|Scin_EFTu_ELF	91.7	36	3	0	40367	40474	1	36	1.44e-12	72.0
3final:k127_95783	gb|AAA50993.1|ARO:3003368|Ecol_EFTu_KIR	89.2	37	4	0	40367	40477	1	37	2.48e-12	71.2
3final:k127_95783	gb|AAC76364.1|ARO:3003370|Ecol_EFTu_ENC	89.2	37	4	0	40367	40477	1	37	2.48e-12	71.2
3final:k127_95783	gb|AAB39605.1|ARO:3003361|Pros_EFTu_GE2A	91.7	36	3	0	40367	40474	1	36	2.53e-12	71.2
3final:k127_95783	gb|AAN82549.1|ARO:3003369|Ecol_EFTu_PLV	85.4	41	4	1	40361	40477	12	52	6.34e-12	70.1
3final:k127_95783	gb|AXU66539.1|ARO:3003357|Cdif_EFTu_ELF	86.1	36	5	0	40367	40474	1	36	1.04e-11	69.3
3final:k127_95783	gb|AFK57679.1|ARO:3003438|Efac_EFTu_GE2A	77.5	40	9	0	40367	40486	29	68	1.58e-11	68.9
3final:k127_130614	gb|AAN82549.1|ARO:3003369|Ecol_EFTu_PLV	75.3	396	98	0	3318	4505	12	407	1.54e-203	623
3final:k127_130614	gb|AAA50993.1|ARO:3003368|Ecol_EFTu_KIR	76.0	392	94	0	3330	4505	1	392	3.11e-203	622
3final:k127_130614	gb|AAC76364.1|ARO:3003370|Ecol_EFTu_ENC	76.0	392	94	0	3330	4505	1	392	3.11e-203	622
3final:k127_130614	gb|AFK57679.1|ARO:3003438|Efac_EFTu_GE2A	75.8	401	94	2	3306	4505	23	421	1.86e-200	615
3final:k127_130614	gb|AAB39605.1|ARO:3003361|Pros_EFTu_GE2A	74.8	397	97	2	3330	4511	1	397	5.56e-196	601
3final:k127_130614	gb|CAA67349.1|ARO:3003359|Scin_EFTu_ELF	73.3	397	103	2	3330	4511	1	397	3.90e-193	593
3final:k127_130614	gb|AXU66539.1|ARO:3003357|Cdif_EFTu_ELF	71.2	396	109	4	3330	4505	1	395	7.73e-186	572
3final:k127_130614	gb|NP_215196.1|ARO:3003395|Mtub_rpsL_STR	77.2	123	28	0	306	674	1	123	5.40e-56	188
3final:k127_2390	gb|KTE89608.1|ARO:3003723|vanI	77.9	335	74	0	226	1230	9	343	3.49e-174	523
3final:k127_2390	gb|AHA41500.1|ARO:3002913|vanO	71.9	345	97	0	205	1239	2	346	7.04e-172	517
3final:k127_2390	gb|ACL19707.1|ARO:3003725|vanX_in_vanI_cl	80.1	201	40	0	1239	1841	1	201	3.95e-114	355
3final:k127_2390	gb|AHA41501.1|ARO:3002954|vanX_in_vanO_cl	76.7	202	47	0	1239	1844	1	202	8.16e-110	343
3final:k127_270418	gb|AAA50993.1|ARO:3003368|Ecol_EFTu_KIR	73.4	394	104	1	702	1883	1	393	8.98e-207	597
3final:k127_270418	gb|AAC76364.1|ARO:3003370|Ecol_EFTu_ENC	73.4	394	104	1	702	1883	1	393	8.98e-207	597
3final:k127_270418	gb|AAN82549.1|ARO:3003369|Ecol_EFTu_PLV	73.2	395	105	1	699	1883	15	408	1.55e-206	597
3final:k127_270418	gb|AAB39605.1|ARO:3003361|Pros_EFTu_GE2A	74.1	397	101	2	702	1886	1	397	5.03e-204	590
3final:k127_270418	gb|AFK57679.1|ARO:3003438|Efac_EFTu_GE2A	73.4	394	103	2	702	1880	29	421	9.13e-201	583
3final:k127_270418	gb|CAA67349.1|ARO:3003359|Scin_EFTu_ELF	72.1	398	107	3	702	1886	1	397	2.00e-200	581
3final:k127_270418	gb|AXU66539.1|ARO:3003357|Cdif_EFTu_ELF	70.3	397	116	2	702	1886	1	397	8.57e-190	554
3final:k127_107565	gb|AAA50993.1|ARO:3003368|Ecol_EFTu_KIR	70.6	218	64	0	2	655	176	393	6.55e-104	317
3final:k127_107565	gb|AAC76364.1|ARO:3003370|Ecol_EFTu_ENC	70.6	218	64	0	2	655	176	393	6.55e-104	317
3final:k127_107565	gb|AAN82549.1|ARO:3003369|Ecol_EFTu_PLV	70.6	218	64	0	2	655	191	408	1.05e-103	317
3final:k127_107565	gb|AFK57679.1|ARO:3003438|Efac_EFTu_GE2A	70.2	218	64	1	2	652	204	421	2.29e-103	317
3final:k127_96014	gb|CAA67349.1|ARO:3003359|Scin_EFTu_ELF	91.7	36	3	0	23978	24085	1	36	4.78e-13	72.8
3final:k127_96014	gb|AAA50993.1|ARO:3003368|Ecol_EFTu_KIR	89.2	37	4	0	23978	24088	1	37	8.27e-13	72.0
3final:k127_96014	gb|AAC76364.1|ARO:3003370|Ecol_EFTu_ENC	89.2	37	4	0	23978	24088	1	37	8.27e-13	72.0
3final:k127_96014	gb|AAB39605.1|ARO:3003361|Pros_EFTu_GE2A	91.7	36	3	0	23978	24085	1	36	8.44e-13	72.0
3final:k127_96014	gb|AAN82549.1|ARO:3003369|Ecol_EFTu_PLV	80.5	41	8	0	23966	24088	12	52	1.60e-12	71.2
3final:k127_96014	gb|AFK57679.1|ARO:3003438|Efac_EFTu_GE2A	77.5	40	9	0	23978	24097	29	68	5.31e-12	69.7
3final:k127_96021	gb|YP_177995.1|ARO:3004957|Mtub_clpC1_PZA	79.7	74	15	0	226	5	294	367	3.42e-27	117
3final:k127_83921	gb|AFJ38137.1|ARO:3007370|FosI	80.8	130	25	0	17319	16930	1	130	8.79e-68	224
3final:k127_200736	+_1	72.7	77	21	0	936	706	747	823	1.10e-23	107
3final:k127_200736	+_1	82.4	34	6	0	698	597	842	875	1.13e-09	61.2
3final:k127_200736	+_1	83.9	31	5	0	1247	1155	712	742	1.73e-08	57.4
3final:k127_200736	+_1	83.9	31	5	0	1247	1155	712	742	1.73e-08	57.4
3final:k127_2570	+_1	71.2	139	37	2	2563	2153	285	422	5.92e-51	186
3final:k127_2570	+_1	71.2	139	37	2	2563	2153	285	422	5.92e-51	186
3final:k127_2570	+_1	71.2	139	37	2	2563	2153	285	422	5.92e-51	186
3final:k127_2570	+_1	71.2	139	37	2	2563	2153	285	422	5.92e-51	186
3final:k127_2570	+_1	70.9	55	16	0	321	157	335	389	4.02e-17	84.7
3final:k127_14458	gb|NP_214519.2|ARO:3003459|Mtub_gyrB_FLO	70.4	98	28	1	1925	1632	579	675	2.52e-36	142
3final:k127_96129	+_1	71.5	165	47	0	1397	903	823	987	2.88e-55	205
3final:k127_37728	gb|YP_177995.1|ARO:3004957|Mtub_clpC1_PZA	70.8	48	14	0	2458	2315	76	123	5.05e-14	73.6
3final:k127_259735	gb|AFK57679.1|ARO:3003438|Efac_EFTu_GE2A	74.4	395	100	1	263	1444	27	421	2.57e-197	606
3final:k127_259735	gb|AAN82549.1|ARO:3003369|Ecol_EFTu_PLV	73.7	396	104	0	257	1444	12	407	2.76e-194	597
3final:k127_259735	gb|AAA50993.1|ARO:3003368|Ecol_EFTu_KIR	74.0	392	102	0	269	1444	1	392	1.93e-193	594
3final:k127_259735	gb|AAC76364.1|ARO:3003370|Ecol_EFTu_ENC	74.0	392	102	0	269	1444	1	392	1.93e-193	594
3final:k127_259735	gb|AAB39605.1|ARO:3003361|Pros_EFTu_GE2A	73.6	397	102	2	269	1450	1	397	1.68e-191	588
3final:k127_259735	gb|CAA67349.1|ARO:3003359|Scin_EFTu_ELF	73.0	397	104	2	269	1450	1	397	5.85e-191	587
3final:k127_259735	gb|AXU66539.1|ARO:3003357|Cdif_EFTu_ELF	71.2	396	109	4	269	1444	1	395	1.54e-183	566
3final:k127_177844	-_1	78.7	47	10	0	5	145	296	342	1.55e-14	73.9
3final:k127_177844	+_1	78.9	38	8	0	1492	1379	348	385	7.82e-10	58.9
3final:k127_177844	+_1	79.5	39	8	0	1492	1376	351	389	4.11e-09	56.6
3final:k127_177844	+_1	80.6	31	6	0	95	3	644	674	1.24e-08	55.1
3final:k127_177844	+_1	71.4	42	12	0	1501	1376	374	415	5.01e-08	53.1
3final:k127_131068	gb|NP_215821.1|ARO:3007854|Mtub_atpE_BDQ	74.6	63	16	0	24104	23916	7	69	1.95e-18	81.6
3final:k127_236409	+_1	75.7	70	17	0	15926	15717	854	923	1.22e-22	105
3final:k127_236409	+_1	74.3	70	18	0	15926	15717	926	995	7.52e-21	99.4
3final:k127_236409	+_1	71.0	69	20	0	15923	15717	919	987	4.31e-19	93.6
3final:k127_236409	-_1	78.4	51	11	0	15770	15922	70	120	6.23e-16	83.2
3final:k127_236409	-_1	78.4	51	11	0	15770	15922	72	122	1.81e-15	81.6
3final:k127_236409	-_1	70.6	51	15	0	15770	15922	67	117	9.03e-13	72.8
3final:k127_236409	+_1	82.2	45	8	0	15921	15787	848	892	9.05e-13	72.8
3final:k127_236409	+_1	75.6	45	11	0	15921	15787	917	961	2.70e-10	64.7
3final:k127_108129	gb|CAG39033.1|ARO:3003301|Saur_gyrB_AMU	72.4	105	29	0	5378	5692	12	116	1.47e-40	158
3final:k127_178185	gb|AHA41504.1|ARO:3002941|vanS_in_vanO_cl	72.8	228	62	0	68	751	114	341	1.06e-93	306
3final:k127_119932	gb|NP_216424.1|ARO:3003392|Mtub_katG_INH	71.0	410	117	2	1231	5	35	443	1.85e-208	625
3final:k127_119932	gb|NP_216424.1|ARO:3005102|Mtub_katG_PTO	71.0	410	117	2	1231	5	35	443	1.85e-208	625
3final:k127_143192	gb|AAB39605.1|ARO:3003361|Pros_EFTu_GE2A	80.6	227	44	0	2	682	171	397	4.75e-123	365
3final:k127_143192	gb|CAA67349.1|ARO:3003359|Scin_EFTu_ELF	78.4	227	49	0	2	682	171	397	1.70e-120	359
3final:k127_143192	gb|AAA50993.1|ARO:3003368|Ecol_EFTu_KIR	75.1	225	55	1	2	676	169	392	2.48e-113	340
3final:k127_143192	gb|AAC76364.1|ARO:3003370|Ecol_EFTu_ENC	75.1	225	55	1	2	676	169	392	2.48e-113	340
3final:k127_143192	gb|AAN82549.1|ARO:3003369|Ecol_EFTu_PLV	75.1	225	55	1	2	676	184	407	4.02e-113	340
3final:k127_143192	gb|AFK57679.1|ARO:3003438|Efac_EFTu_GE2A	71.6	225	64	0	2	676	197	421	3.94e-111	336
3final:k127_283332	gb|AFK57679.1|ARO:3003438|Efac_EFTu_GE2A	80.0	40	8	0	312738	312857	29	68	9.92e-12	72.4
3final:k127_283332	gb|AAA50993.1|ARO:3003368|Ecol_EFTu_KIR	86.8	38	5	0	312738	312851	1	38	1.10e-11	72.0
3final:k127_283332	gb|AAC76364.1|ARO:3003370|Ecol_EFTu_ENC	86.8	38	5	0	312738	312851	1	38	1.10e-11	72.0
3final:k127_283332	gb|AAB39605.1|ARO:3003361|Pros_EFTu_GE2A	91.7	36	3	0	312738	312845	1	36	1.50e-11	71.6
3final:k127_283332	gb|CAA67349.1|ARO:3003359|Scin_EFTu_ELF	88.9	36	4	0	312738	312845	1	36	1.99e-11	71.2
3final:k127_283332	gb|AAN82549.1|ARO:3003369|Ecol_EFTu_PLV	84.2	38	6	0	312738	312851	16	53	3.76e-11	70.5
3final:k127_283332	gb|AXU66539.1|ARO:3003357|Cdif_EFTu_ELF	83.3	36	6	0	312738	312845	1	36	1.44e-10	68.6
3final:k127_201426	gb|AXU66539.1|ARO:3003357|Cdif_EFTu_ELF	88.9	36	4	0	10616	10723	1	36	8.13e-12	67.8
3final:k127_201426	gb|CAA67349.1|ARO:3003359|Scin_EFTu_ELF	88.9	36	4	0	10616	10723	1	36	1.43e-11	67.0
3final:k127_201426	gb|AAA50993.1|ARO:3003368|Ecol_EFTu_KIR	86.5	37	5	0	10616	10726	1	37	2.47e-11	66.2
3final:k127_201426	gb|AAC76364.1|ARO:3003370|Ecol_EFTu_ENC	86.5	37	5	0	10616	10726	1	37	2.47e-11	66.2
3final:k127_201426	gb|AAN82549.1|ARO:3003369|Ecol_EFTu_PLV	78.0	41	9	0	10604	10726	12	52	2.66e-11	66.2
3final:k127_201426	gb|AAB39605.1|ARO:3003361|Pros_EFTu_GE2A	83.3	36	6	0	10616	10723	1	36	4.41e-11	65.5
3final:k127_201426	gb|AFK57679.1|ARO:3003438|Efac_EFTu_GE2A	75.0	44	9	1	10616	10741	29	72	8.67e-11	64.7
3final:k127_38131	gb|AAN82549.1|ARO:3003369|Ecol_EFTu_PLV	79.8	397	79	1	77941	76751	13	408	2.85e-211	649
3final:k127_38131	gb|AAA50993.1|ARO:3003368|Ecol_EFTu_KIR	79.9	394	78	1	77932	76751	1	393	1.42e-210	647
3final:k127_38131	gb|AAC76364.1|ARO:3003370|Ecol_EFTu_ENC	79.9	394	78	1	77932	76751	1	393	1.42e-210	647
3final:k127_38131	gb|AFK57679.1|ARO:3003438|Efac_EFTu_GE2A	78.0	395	85	2	77935	76754	28	421	1.12e-205	634
3final:k127_38131	gb|AXU66539.1|ARO:3003357|Cdif_EFTu_ELF	74.8	397	98	2	77932	76748	1	397	1.73e-195	603
3final:k127_38131	gb|AAB39605.1|ARO:3003361|Pros_EFTu_GE2A	72.5	397	107	2	77932	76748	1	397	6.16e-193	596
3final:k127_38131	gb|CAA67349.1|ARO:3003359|Scin_EFTu_ELF	71.1	395	112	2	77932	76754	1	395	1.91e-189	586
3final:k127_247899	gb|NP_215196.1|ARO:3003395|Mtub_rpsL_STR	78.9	123	26	0	1031	1399	1	123	3.00e-58	193
3final:k127_26709	+_1	70.0	40	12	0	407	288	153	192	4.23e-09	57.0
3final:k127_26709	+_1	83.3	30	5	0	380	291	176	205	5.08e-08	53.5
3final:k127_26709	+_1	83.3	30	5	0	380	291	176	205	5.08e-08	53.5
3final:k127_178514	gb|AAB39605.1|ARO:3003361|Pros_EFTu_GE2A	71.8	39	11	0	3	119	359	397	5.92e-11	63.5
3final:k127_178514	gb|CAA67349.1|ARO:3003359|Scin_EFTu_ELF	73.0	37	10	0	3	113	359	395	1.72e-09	58.9
3final:k127_166865	gb|CAA67349.1|ARO:3003359|Scin_EFTu_ELF	86.7	181	24	0	950	1492	1	181	4.93e-103	320
3final:k127_166865	gb|AAB39605.1|ARO:3003361|Pros_EFTu_GE2A	85.6	181	26	0	950	1492	1	181	1.60e-100	313
3final:k127_166865	gb|AAN82549.1|ARO:3003369|Ecol_EFTu_PLV	79.0	181	36	1	950	1492	16	194	4.29e-91	289
3final:k127_166865	gb|AAA50993.1|ARO:3003368|Ecol_EFTu_KIR	78.5	181	37	1	950	1492	1	179	7.48e-91	288
3final:k127_166865	gb|AAC76364.1|ARO:3003370|Ecol_EFTu_ENC	78.5	181	37	1	950	1492	1	179	7.48e-91	288
3final:k127_166865	gb|AXU66539.1|ARO:3003357|Cdif_EFTu_ELF	77.3	181	40	1	950	1492	1	180	1.15e-90	287
3final:k127_166865	gb|AFK57679.1|ARO:3003438|Efac_EFTu_GE2A	79.0	181	36	1	950	1492	29	207	1.80e-90	288
3final:k127_26985	gb|NP_215196.1|ARO:3003395|Mtub_rpsL_STR	78.9	123	26	0	1812	1444	1	123	1.71e-57	189
3final:k127_131838	gb|AHA41504.1|ARO:3002941|vanS_in_vanO_cl	70.6	102	30	0	2	307	239	340	1.16e-37	142
3final:k127_166995	gb|APB03222.1|ARO:3003992|rphB	71.3	886	238	2	28252	25637	1	884	0.0	1243
3final:k127_97356	gb|AJP09758.1|ARO:3004681|Cdif_rpoC_VAN	71.8	39	11	0	139	23	1116	1154	1.72e-09	61.6
3final:k127_178770	gb|NP_215196.1|ARO:3003395|Mtub_rpsL_STR	75.5	106	26	0	3538	3221	18	123	4.79e-46	159
3final:k127_4118	gb|AFK57679.1|ARO:3003438|Efac_EFTu_GE2A	75.4	341	83	1	1022	3	29	369	1.49e-177	528
3final:k127_4118	gb|CAA67349.1|ARO:3003359|Scin_EFTu_ELF	74.9	343	83	2	1022	3	1	343	7.64e-175	520
3final:k127_4118	gb|AAB39605.1|ARO:3003361|Pros_EFTu_GE2A	74.6	343	84	2	1022	3	1	343	3.25e-173	516
3final:k127_4118	gb|AAN82549.1|ARO:3003369|Ecol_EFTu_PLV	73.6	341	90	0	1025	3	15	355	3.54e-173	516
3final:k127_4118	gb|AAA50993.1|ARO:3003368|Ecol_EFTu_KIR	73.5	340	90	0	1022	3	1	340	8.11e-173	514
3final:k127_4118	gb|AAC76364.1|ARO:3003370|Ecol_EFTu_ENC	73.5	340	90	0	1022	3	1	340	8.11e-173	514
3final:k127_4118	gb|AXU66539.1|ARO:3003357|Cdif_EFTu_ELF	71.5	344	93	4	1022	3	1	343	1.71e-164	493
3final:k127_4118	gb|NP_215196.1|ARO:3003395|Mtub_rpsL_STR	85.0	40	6	0	3793	3674	84	123	5.15e-15	70.5
3final:k127_167227	+_1	72.5	69	18	1	623	417	313	380	8.55e-21	95.5
3final:k127_167227	+_1	72.5	69	18	1	623	417	313	380	8.55e-21	95.5
3final:k127_167227	+_1	72.5	69	18	1	623	417	313	380	8.55e-21	95.5
3final:k127_167227	+_1	72.5	69	18	1	623	417	313	380	8.55e-21	95.5
3final:k127_167227	+_1	72.5	69	18	1	623	417	313	380	8.55e-21	95.5
3final:k127_260764	gb|CAG39033.1|ARO:3003301|Saur_gyrB_AMU	71.2	52	15	0	1622	1777	10	61	2.98e-17	82.8
3final:k127_260764	gb|BAA11086.1|ARO:3003314|Saur_parE_AMU	70.0	50	15	0	1628	1777	6	55	7.09e-17	81.6
3final:k127_260764	gb|CAG40364.1|ARO:3003315|Saur_parE_FLO	70.0	50	15	0	1628	1777	8	57	7.11e-17	81.6
3final:k127_260764	gb|CAC29513.1|ARO:3003304|Mlep_gyrB_FLO	71.4	49	14	0	1631	1777	11	59	5.09e-16	79.0
3final:k127_260764	gb|NP_214519.2|ARO:3003459|Mtub_gyrB_FLO	71.4	49	14	0	1631	1777	12	60	8.86e-16	78.2
3final:k127_143954	+_1	70.2	57	17	0	188	18	60	116	6.79e-15	77.0
3final:k127_143954	+_1	82.5	40	7	0	121	2	93	132	2.43e-12	68.9
3final:k127_143954	+_1	82.5	40	7	0	121	2	91	130	2.47e-12	68.9
3final:k127_143954	+_1	82.5	40	7	0	121	2	91	130	2.47e-12	68.9
3final:k127_143954	+_1	82.5	40	7	0	121	2	91	130	2.47e-12	68.9
3final:k127_143954	+_1	82.5	40	7	0	121	2	91	130	2.47e-12	68.9
3final:k127_143954	+_1	82.5	40	7	0	121	2	91	130	2.47e-12	68.9
3final:k127_143954	+_1	77.5	40	9	0	121	2	96	135	5.30e-11	64.7
3final:k127_143954	+_1	77.5	40	9	0	121	2	96	135	5.30e-11	64.7
3final:k127_143954	+_1	77.5	40	9	0	121	2	96	135	5.30e-11	64.7
3final:k127_143954	+_1	77.5	40	9	0	121	2	96	135	5.30e-11	64.7
3final:k127_143954	+_1	77.5	40	9	0	121	2	96	135	5.30e-11	64.7
3final:k127_143954	+_1	77.5	40	9	0	121	2	96	135	5.30e-11	64.7
3final:k127_143954	+_1	77.5	40	9	0	121	2	96	135	5.30e-11	64.7
3final:k127_143954	+_1	77.5	40	9	0	121	2	96	135	5.30e-11	64.7
3final:k127_143954	+_1	77.5	40	9	0	121	2	96	135	5.30e-11	64.7
3final:k127_143954	+_1	77.5	40	9	0	121	2	96	135	5.30e-11	64.7
3final:k127_143954	+_1	77.5	40	9	0	121	2	96	135	5.30e-11	64.7
3final:k127_143954	+_1	77.5	40	9	0	121	2	96	135	5.30e-11	64.7
3final:k127_143954	+_1	77.5	40	9	0	121	2	96	135	5.30e-11	64.7
3final:k127_143954	+_1	77.5	40	9	0	121	2	96	135	5.30e-11	64.7
3final:k127_143954	+_1	77.5	40	9	0	121	2	96	135	5.30e-11	64.7
3final:k127_143954	+_1	93.9	33	2	0	121	23	88	120	8.77e-11	63.9
3final:k127_248575	gb|ABC24999.1|ARO:3007476|Mabs_atpE_BDQ	70.4	71	21	0	1488	1700	7	77	4.95e-20	82.4
3final:k127_248575	gb|NP_215821.1|ARO:3007854|Mtub_atpE_BDQ	70.0	70	21	0	1491	1700	7	76	2.22e-19	80.5
3final:k127_213645	gb|CAG39569.1|ARO:3003291|Saur_rpoC_DAP	75.3	146	36	0	1017	580	1	146	9.42e-73	249
3final:k127_213645	gb|AJP09758.1|ARO:3004681|Cdif_rpoC_VAN	76.2	143	34	0	1017	589	1	143	1.43e-72	248
3final:k127_167660	gb|AXU66539.1|ARO:3003357|Cdif_EFTu_ELF	88.9	36	4	0	11413	11520	1	36	6.62e-12	68.2
3final:k127_167660	gb|CAA67349.1|ARO:3003359|Scin_EFTu_ELF	88.9	36	4	0	11413	11520	1	36	1.16e-11	67.4
3final:k127_167660	gb|AAA50993.1|ARO:3003368|Ecol_EFTu_KIR	86.5	37	5	0	11413	11523	1	37	2.01e-11	66.6
3final:k127_167660	gb|AAC76364.1|ARO:3003370|Ecol_EFTu_ENC	86.5	37	5	0	11413	11523	1	37	2.01e-11	66.6
3final:k127_167660	gb|AAB39605.1|ARO:3003361|Pros_EFTu_GE2A	83.3	36	6	0	11413	11520	1	36	3.59e-11	65.9
3final:k127_167660	gb|AAN82549.1|ARO:3003369|Ecol_EFTu_PLV	83.8	37	6	0	11413	11523	16	52	6.67e-11	65.1
3final:k127_62705	gb|AAA50993.1|ARO:3003368|Ecol_EFTu_KIR	73.9	394	102	1	6	1187	1	393	7.47e-199	607
3final:k127_62705	gb|AAC76364.1|ARO:3003370|Ecol_EFTu_ENC	73.9	394	102	1	6	1187	1	393	7.47e-199	607
3final:k127_62705	gb|AAN82549.1|ARO:3003369|Ecol_EFTu_PLV	73.6	394	103	1	6	1187	16	408	4.64e-198	606
3final:k127_62705	gb|AFK57679.1|ARO:3003438|Efac_EFTu_GE2A	73.1	394	104	2	6	1184	29	421	3.30e-195	598
3final:k127_62705	gb|AAB39605.1|ARO:3003361|Pros_EFTu_GE2A	72.5	397	107	2	6	1190	1	397	3.64e-192	589
3final:k127_62705	gb|CAA67349.1|ARO:3003359|Scin_EFTu_ELF	70.9	395	113	2	6	1184	1	395	4.53e-187	575
3final:k127_191586	gb|AHA41505.1|ARO:3002930|vanR_in_vanO_cl	72.1	43	12	0	137	9	152	194	2.91e-12	65.5
3final:k127_85798	+_1	70.4	54	16	0	1252	1413	339	392	1.40e-14	74.3
3final:k127_98184	gb|AAL82403.1|ARO:3003297|Bbac_gyrA_FLO	75.4	138	34	0	1691	2104	16	153	1.14e-62	223
3final:k127_109869	+_1	72.0	50	14	0	6910	7059	224	273	4.81e-13	72.4
3final:k127_109869	+_1	72.0	50	14	0	6910	7059	224	273	4.81e-13	72.4
3final:k127_109869	+_1	72.0	50	14	0	6910	7059	224	273	4.81e-13	72.4
3final:k127_109869	+_1	72.0	50	14	0	6910	7059	224	273	4.81e-13	72.4
3final:k127_109869	+_1	72.0	50	14	0	6910	7059	224	273	4.81e-13	72.4
3final:k127_202852	gb|AFK57679.1|ARO:3003438|Efac_EFTu_GE2A	79.5	39	8	0	4458	4574	29	67	2.95e-14	74.3
3final:k127_202852	gb|AAA50993.1|ARO:3003368|Ecol_EFTu_KIR	78.9	38	8	0	4458	4571	1	38	1.81e-13	71.6
3final:k127_202852	gb|AAC76364.1|ARO:3003370|Ecol_EFTu_ENC	78.9	38	8	0	4458	4571	1	38	1.81e-13	71.6
3final:k127_202852	gb|AAB39605.1|ARO:3003361|Pros_EFTu_GE2A	79.5	39	8	0	4458	4574	1	39	1.84e-13	71.6
3final:k127_202852	gb|CAA67349.1|ARO:3003359|Scin_EFTu_ELF	83.3	36	6	0	4458	4565	1	36	1.84e-13	71.6
3final:k127_202852	gb|AAN82549.1|ARO:3003369|Ecol_EFTu_PLV	74.4	39	10	0	4455	4571	15	53	4.63e-13	70.5
3final:k127_202852	gb|AXU66539.1|ARO:3003357|Cdif_EFTu_ELF	71.8	39	11	0	4458	4574	1	39	1.01e-12	69.3
3final:k127_214099	gb|ACL19707.1|ARO:3003725|vanX_in_vanI_cl	78.1	151	33	0	2	454	51	201	1.53e-83	263
3final:k127_214099	gb|AHA41501.1|ARO:3002954|vanX_in_vanO_cl	77.0	152	35	0	2	457	51	202	8.19e-83	261
3final:k127_62940	gb|AAW89357.1|ARO:3003928|Ngon_gyrA_FLO	70.0	60	18	0	182	3	18	77	4.81e-15	82.4
3final:k127_144454	gb|AFK57679.1|ARO:3003438|Efac_EFTu_GE2A	74.2	399	98	2	2	1198	29	422	7.71e-204	593
3final:k127_144454	gb|AAA50993.1|ARO:3003368|Ecol_EFTu_KIR	72.9	398	102	2	2	1195	1	392	1.50e-203	592
3final:k127_144454	gb|AAC76364.1|ARO:3003370|Ecol_EFTu_ENC	72.9	398	102	2	2	1195	1	392	1.50e-203	592
3final:k127_144454	gb|AAN82549.1|ARO:3003369|Ecol_EFTu_PLV	72.6	398	103	2	2	1195	16	407	1.03e-202	590
3final:k127_144454	gb|AXU66539.1|ARO:3003357|Cdif_EFTu_ELF	71.1	401	111	2	2	1201	1	397	1.11e-194	569
3final:k127_249113	gb|NP_215196.1|ARO:3003395|Mtub_rpsL_STR	79.7	123	25	0	508	876	1	123	2.28e-58	194
3final:k127_191958	-_1	83.1	65	11	0	14786	14980	70	134	3.38e-24	110
3final:k127_191958	-_1	83.1	65	11	0	14786	14980	72	136	9.69e-24	108
3final:k127_191958	+_1	81.7	60	11	0	14982	14803	833	892	4.95e-21	99.8
3final:k127_191958	+_1	81.7	60	11	0	14982	14803	902	961	1.18e-20	98.6
3final:k127_191958	-_1	70.6	68	20	0	14777	14980	62	129	1.67e-19	94.7
3final:k127_191958	-_1	72.3	65	18	0	14786	14980	67	131	4.93e-19	93.2
3final:k127_191998	gb|NP_216146.1|ARO:3004721|Mtub_rpsA_PZA	75.8	480	107	3	3426	1987	9	479	3.05e-231	677
3final:k127_272469	gb|NP_215196.1|ARO:3003395|Mtub_rpsL_STR	71.5	123	35	0	2011	2379	1	123	5.46e-54	180
3final:k127_272521	gb|AAB39605.1|ARO:3003361|Pros_EFTu_GE2A	76.1	71	17	0	3	215	327	397	2.34e-29	119
3final:k127_272521	gb|CAA67349.1|ARO:3003359|Scin_EFTu_ELF	75.4	69	17	0	3	209	327	395	3.65e-27	113
3final:k127_272521	gb|AAA50993.1|ARO:3003368|Ecol_EFTu_KIR	71.4	70	20	0	3	212	324	393	6.31e-27	112
3final:k127_272521	gb|AAC76364.1|ARO:3003370|Ecol_EFTu_ENC	71.4	70	20	0	3	212	324	393	6.31e-27	112
3final:k127_272521	gb|AAN82549.1|ARO:3003369|Ecol_EFTu_PLV	71.4	70	20	0	3	212	339	408	7.88e-27	112
3final:k127_272521	gb|AFK57679.1|ARO:3003438|Efac_EFTu_GE2A	71.0	69	20	0	3	209	353	421	7.52e-26	109
3final:k127_168156	gb|AAB39605.1|ARO:3003361|Pros_EFTu_GE2A	77.6	49	11	0	2951	2805	349	397	1.10e-16	80.9
3final:k127_168156	gb|AAA50993.1|ARO:3003368|Ecol_EFTu_KIR	75.0	48	12	0	2951	2808	346	393	4.54e-16	79.0
3final:k127_168156	gb|AAC76364.1|ARO:3003370|Ecol_EFTu_ENC	75.0	48	12	0	2951	2808	346	393	4.54e-16	79.0
3final:k127_168156	gb|AAN82549.1|ARO:3003369|Ecol_EFTu_PLV	75.0	48	12	0	2951	2808	361	408	5.07e-16	79.0
3final:k127_168156	gb|CAA67349.1|ARO:3003359|Scin_EFTu_ELF	80.9	47	9	0	2951	2811	349	395	1.95e-15	77.0
3final:k127_168156	gb|AFK57679.1|ARO:3003438|Efac_EFTu_GE2A	76.6	47	11	0	2951	2811	375	421	9.55e-15	75.1
3final:k127_168156	gb|AXU66539.1|ARO:3003357|Cdif_EFTu_ELF	71.4	49	14	0	2951	2805	349	397	4.52e-14	72.8
3final:k127_249411	+_1	72.4	58	16	0	80	253	460	517	1.52e-18	86.3
3final:k127_249411	+_1	70.7	58	17	0	80	253	458	515	3.54e-18	85.1
3final:k127_249411	+_1	71.4	42	12	0	3	128	430	471	9.64e-11	61.6
3final:k127_249411	+_1	71.4	42	12	0	3	128	430	471	9.64e-11	61.6
3final:k127_249411	-_1	85.7	28	4	0	252	169	1	28	7.03e-10	58.9
3final:k127_249411	-_1	85.7	28	4	0	252	169	1	28	7.03e-10	58.9
3final:k127_249411	-_1	85.7	28	4	0	252	169	1	28	7.03e-10	58.9
3final:k127_249411	-_1	85.7	28	4	0	252	169	1	28	7.03e-10	58.9
3final:k127_192216	+_1	80.0	75	15	0	12886	12662	833	907	3.99e-29	125
3final:k127_192216	-_1	70.3	91	27	0	12612	12884	44	134	9.57e-27	118
3final:k127_192216	+_1	72.0	75	21	0	12886	12662	902	976	1.50e-23	107
3final:k127_144806	gb|AAA50993.1|ARO:3003368|Ecol_EFTu_KIR	76.4	394	91	1	5297	4116	1	392	3.85e-203	611
3final:k127_144806	gb|AAC76364.1|ARO:3003370|Ecol_EFTu_ENC	76.4	394	91	1	5297	4116	1	392	3.85e-203	611
3final:k127_144806	gb|AAN82549.1|ARO:3003369|Ecol_EFTu_PLV	76.1	394	92	1	5297	4116	16	407	2.52e-202	610
3final:k127_144806	gb|CAA67349.1|ARO:3003359|Scin_EFTu_ELF	74.3	397	101	1	5297	4110	1	397	1.26e-198	599
3final:k127_144806	gb|AFK57679.1|ARO:3003438|Efac_EFTu_GE2A	74.6	397	98	2	5300	4113	28	422	4.53e-198	599
3final:k127_144806	gb|AAB39605.1|ARO:3003361|Pros_EFTu_GE2A	75.4	395	96	1	5297	4116	1	395	4.75e-198	598
3final:k127_144806	gb|AXU66539.1|ARO:3003357|Cdif_EFTu_ELF	71.7	396	109	3	5297	4116	1	395	1.02e-186	567
3final:k127_214454	+_1	80.5	77	15	0	1	231	833	909	2.85e-30	127
3final:k127_214454	-_1	70.7	99	29	0	299	3	31	129	8.47e-30	125
3final:k127_214454	-_1	70.3	91	27	0	275	3	44	134	3.68e-27	117
3final:k127_214454	+_1	71.4	77	22	0	1	231	902	978	8.03e-24	106
3final:k127_214454	+_1	81.3	32	6	0	162	257	960	991	1.22e-09	60.1
3final:k127_214454	+_1	78.1	32	7	0	162	257	954	985	3.15e-08	55.5
3final:k127_214454	-_1	75.8	33	8	0	101	3	395	427	4.23e-08	55.1
3final:k127_214454	+_1	75.0	32	8	0	162	257	954	985	5.42e-08	54.7
3final:k127_214454	+_1	75.0	32	8	0	162	257	954	985	5.42e-08	54.7
3final:k127_214454	+_1	75.0	32	8	0	162	257	956	987	5.43e-08	54.7
3final:k127_133615	+_1	73.7	57	15	0	173	3	74	130	2.21e-18	86.3
3final:k127_133615	+_1	73.7	57	15	0	173	3	74	130	2.21e-18	86.3
3final:k127_133615	+_1	73.7	57	15	0	173	3	74	130	2.21e-18	86.3
3final:k127_133615	+_1	73.7	57	15	0	173	3	74	130	2.21e-18	86.3
3final:k127_133615	+_1	73.7	57	15	0	173	3	74	130	2.21e-18	86.3
3final:k127_133615	+_1	74.4	43	11	0	147	19	89	131	3.51e-11	63.5
3final:k127_133615	+_1	74.4	39	10	0	141	25	78	116	5.69e-11	62.8
3final:k127_133615	+_1	74.4	39	10	0	141	25	78	116	5.69e-11	62.8
3final:k127_133615	+_1	74.4	39	10	0	141	25	78	116	5.69e-11	62.8
3final:k127_133615	+_1	74.4	39	10	0	141	25	78	116	5.69e-11	62.8
3final:k127_133615	+_1	74.4	39	10	0	141	25	78	116	5.69e-11	62.8
3final:k127_133615	+_1	74.4	39	10	0	141	25	76	114	5.74e-11	62.8
3final:k127_133615	+_1	72.5	40	11	0	149	30	79	118	9.39e-10	58.9
3final:k127_272783	+_1	78.0	41	9	0	2093	2215	351	391	2.13e-09	59.3
3final:k127_17303	gb|CAG39573.1|ARO:3003735|Saur_fusA_FA	78.1	105	23	0	4099	4413	1	105	4.85e-46	175
3final:k127_75208	+_1	82.5	63	11	0	691	503	76	138	3.48e-24	107
3final:k127_75208	+_1	82.5	63	11	0	691	503	76	138	3.48e-24	107
3final:k127_75208	+_1	82.5	63	11	0	691	503	76	138	3.48e-24	107
3final:k127_75208	+_1	82.5	63	11	0	691	503	76	138	3.48e-24	107
3final:k127_75208	+_1	75.0	64	15	1	719	528	54	116	3.38e-19	92.0
3final:k127_75208	+_1	72.6	62	17	0	697	512	74	135	2.72e-17	86.3
3final:k127_75208	+_1	72.6	62	17	0	697	512	74	135	2.72e-17	86.3
3final:k127_75208	+_1	72.6	62	17	0	697	512	74	135	2.72e-17	86.3
3final:k127_75208	+_1	72.6	62	17	0	697	512	74	135	2.72e-17	86.3
3final:k127_75208	+_1	72.6	62	17	0	697	512	74	135	2.72e-17	86.3
3final:k127_75208	+_1	72.6	62	17	0	697	512	74	135	2.72e-17	86.3
3final:k127_75208	+_1	72.6	62	17	0	697	512	74	135	2.72e-17	86.3
3final:k127_75208	+_1	72.6	62	17	0	697	512	74	135	2.72e-17	86.3
3final:k127_75208	+_1	72.6	62	17	0	697	512	74	135	2.72e-17	86.3
3final:k127_75208	+_1	72.6	62	17	0	697	512	74	135	2.72e-17	86.3
3final:k127_75208	+_1	72.6	62	17	0	697	512	74	135	2.72e-17	86.3
3final:k127_75208	+_1	72.6	62	17	0	697	512	74	135	2.72e-17	86.3
3final:k127_75208	+_1	72.6	62	17	0	697	512	74	135	2.72e-17	86.3
3final:k127_75208	+_1	72.6	62	17	0	697	512	74	135	2.72e-17	86.3
3final:k127_75208	+_1	77.8	54	12	0	673	512	82	135	8.32e-17	84.7
3final:k127_75208	+_1	85.7	42	6	0	658	533	79	120	7.45e-13	72.0
3final:k127_75208	+_1	82.1	39	7	0	594	478	108	146	1.50e-10	64.7
3final:k127_75208	+_1	82.1	39	7	0	594	478	108	146	1.50e-10	64.7
3final:k127_75208	+_1	82.1	39	7	0	594	478	108	146	1.50e-10	64.7
3final:k127_75208	+_1	82.1	39	7	0	594	478	108	146	1.50e-10	64.7
3final:k127_75208	+_1	82.1	39	7	0	594	478	108	146	1.50e-10	64.7
3final:k127_75208	+_1	82.1	39	7	0	594	478	108	146	1.50e-10	64.7
3final:k127_75208	+_1	82.1	39	7	0	594	478	108	146	1.50e-10	64.7
3final:k127_110836	gb|AXU66539.1|ARO:3003357|Cdif_EFTu_ELF	88.9	36	4	0	126	19	1	36	1.42e-12	69.3
3final:k127_110836	gb|AAA50993.1|ARO:3003368|Ecol_EFTu_KIR	84.6	39	6	0	126	10	1	39	2.46e-12	68.6
3final:k127_110836	gb|AAC76364.1|ARO:3003370|Ecol_EFTu_ENC	84.6	39	6	0	126	10	1	39	2.46e-12	68.6
3final:k127_110836	gb|CAA67349.1|ARO:3003359|Scin_EFTu_ELF	88.9	36	4	0	126	19	1	36	2.50e-12	68.6
3final:k127_110836	gb|AAB39605.1|ARO:3003361|Pros_EFTu_GE2A	83.3	36	6	0	126	19	1	36	7.75e-12	67.0
3final:k127_110836	gb|AAN82549.1|ARO:3003369|Ecol_EFTu_PLV	82.1	39	7	0	126	10	16	54	8.22e-12	67.0
3final:k127_226707	-_1	78.8	33	7	0	1756	1854	1	33	2.08e-10	60.8
3final:k127_226707	-_1	78.8	33	7	0	1756	1854	1	33	2.08e-10	60.8
3final:k127_226707	-_1	78.8	33	7	0	1756	1854	1	33	2.08e-10	60.8
3final:k127_226707	-_1	78.8	33	7	0	1756	1854	1	33	2.08e-10	60.8
3final:k127_239246	gb|NP_217974.1|ARO:3004999|Mtub_rpoA_RIF	76.0	346	74	1	4020	5030	1	346	6.56e-168	511
3final:k127_51516	+_1	72.3	235	65	0	1098	394	652	886	1.28e-98	318
3final:k127_51516	+_1	79.3	193	40	0	811	233	740	932	5.87e-94	306
3final:k127_51516	-_1	78.5	107	23	0	267	587	42	148	5.80e-43	162
3final:k127_122217	gb|AFK57679.1|ARO:3003438|Efac_EFTu_GE2A	85.0	40	6	0	11048	11167	29	68	8.07e-14	74.3
3final:k127_122217	gb|AAA50993.1|ARO:3003368|Ecol_EFTu_KIR	89.5	38	4	0	11048	11161	1	38	1.57e-13	73.2
3final:k127_122217	gb|AAC76364.1|ARO:3003370|Ecol_EFTu_ENC	89.5	38	4	0	11048	11161	1	38	1.57e-13	73.2
3final:k127_122217	gb|AAB39605.1|ARO:3003361|Pros_EFTu_GE2A	82.9	41	7	0	11048	11170	1	41	3.77e-13	72.0
3final:k127_122217	gb|CAA67349.1|ARO:3003359|Scin_EFTu_ELF	91.7	36	3	0	11048	11155	1	36	5.00e-13	71.6
3final:k127_122217	gb|AAN82549.1|ARO:3003369|Ecol_EFTu_PLV	86.8	38	5	0	11048	11161	16	53	5.38e-13	71.6
3final:k127_122217	gb|AXU66539.1|ARO:3003357|Cdif_EFTu_ELF	86.1	36	5	0	11048	11155	1	36	3.63e-12	68.9
3final:k127_168897	+_1	75.0	44	10	1	2536	2664	870	913	1.42e-13	72.4
3final:k127_168897	+_1	75.6	41	10	0	2536	2658	805	845	7.08e-13	70.1
3final:k127_168897	+_1	73.2	41	11	0	2536	2658	805	845	3.55e-12	67.8
3final:k127_168897	+_1	71.0	31	9	0	2061	2153	672	702	8.74e-08	53.5
3final:k127_86910	+_1	95.2	42	2	0	3764	3639	844	885	1.86e-18	89.0
3final:k127_86910	-_1	84.0	50	8	0	3614	3763	84	133	6.38e-17	84.0
3final:k127_86910	+_1	94.9	39	2	0	3764	3648	916	954	3.41e-16	81.6
3final:k127_86910	+_1	92.3	39	3	0	3764	3648	908	946	5.83e-16	80.9
3final:k127_86910	+_1	88.4	43	5	0	3762	3634	906	948	1.32e-15	79.7
3final:k127_86910	+_1	88.1	42	5	0	3762	3637	837	878	3.77e-15	78.2
3final:k127_86910	-_1	90.5	42	4	0	3638	3763	90	131	5.03e-15	77.8
3final:k127_86910	+_1	85.7	42	6	0	3764	3639	840	881	8.55e-15	77.0
3final:k127_86910	+_1	85.7	42	6	0	3764	3639	864	905	8.64e-15	77.0
3final:k127_86910	-_1	85.7	42	6	0	3638	3763	87	128	2.22e-13	72.4
3final:k127_86910	-_1	83.3	42	7	0	3638	3763	85	126	8.65e-13	70.5
3final:k127_86910	+_1	78.6	42	9	0	3764	3639	849	890	8.73e-13	70.5
3final:k127_122269	gb|AFK57679.1|ARO:3003438|Efac_EFTu_GE2A	85.0	40	6	0	2144	2263	29	68	4.92e-15	75.5
3final:k127_122269	gb|AAA50993.1|ARO:3003368|Ecol_EFTu_KIR	89.5	38	4	0	2144	2257	1	38	9.77e-15	74.3
3final:k127_122269	gb|AAC76364.1|ARO:3003370|Ecol_EFTu_ENC	89.5	38	4	0	2144	2257	1	38	9.77e-15	74.3
3final:k127_122269	gb|AAN82549.1|ARO:3003369|Ecol_EFTu_PLV	87.2	39	5	0	2141	2257	15	53	1.07e-14	74.3
3final:k127_122269	gb|AAB39605.1|ARO:3003361|Pros_EFTu_GE2A	82.9	41	7	0	2144	2266	1	41	2.35e-14	73.2
3final:k127_122269	gb|CAA67349.1|ARO:3003359|Scin_EFTu_ELF	91.7	36	3	0	2144	2251	1	36	3.13e-14	72.8
3final:k127_122269	gb|AXU66539.1|ARO:3003357|Cdif_EFTu_ELF	86.1	36	5	0	2144	2251	1	36	2.30e-13	70.1
3final:k127_75440	gb|AAA50993.1|ARO:3003368|Ecol_EFTu_KIR	72.4	399	92	3	1291	131	1	393	2.80e-207	578
3final:k127_75440	gb|AAC76364.1|ARO:3003370|Ecol_EFTu_ENC	72.4	399	92	3	1291	131	1	393	2.80e-207	578
3final:k127_75440	gb|AAN82549.1|ARO:3003369|Ecol_EFTu_PLV	72.0	400	94	3	1294	131	15	408	1.38e-206	577
3final:k127_75440	gb|AFK57679.1|ARO:3003438|Efac_EFTu_GE2A	70.6	398	100	3	1291	134	29	421	1.07e-204	573
3final:k127_193071	+_1	71.4	63	18	0	976	1164	335	397	2.48e-20	92.8
3final:k127_193071	+_1	75.9	54	13	0	967	1128	360	413	9.05e-18	84.7
3final:k127_193071	+_1	75.9	54	13	0	967	1128	361	414	1.19e-17	84.3
3final:k127_134295	gb|AHA41505.1|ARO:3002930|vanR_in_vanO_cl	87.4	231	28	1	5057	5749	3	232	2.13e-124	391
3final:k127_169218	gb|AAC05822.1|ARO:3002846|arr-1	74.8	107	27	0	322	2	6	112	4.09e-54	177
3final:k127_51897	gb|AAA50993.1|ARO:3003368|Ecol_EFTu_KIR	71.9	392	110	0	147	1322	1	392	2.47e-210	585
3final:k127_51897	gb|AAC76364.1|ARO:3003370|Ecol_EFTu_ENC	71.9	392	110	0	147	1322	1	392	2.47e-210	585
3final:k127_51897	gb|AAN82549.1|ARO:3003369|Ecol_EFTu_PLV	71.7	392	111	0	147	1322	16	407	1.72e-209	584
3final:k127_51897	gb|AFK57679.1|ARO:3003438|Efac_EFTu_GE2A	71.6	395	111	1	144	1325	28	422	5.77e-209	583
3final:k127_51897	gb|AAB39605.1|ARO:3003361|Pros_EFTu_GE2A	71.6	395	109	2	147	1322	1	395	1.08e-202	566
3final:k127_51897	gb|CAA67349.1|ARO:3003359|Scin_EFTu_ELF	70.3	397	115	2	147	1328	1	397	2.38e-199	558
3final:k127_145607	+_1	80.7	83	16	0	7036	7284	64	146	1.14e-30	126
3final:k127_145607	+_1	80.7	83	16	0	7036	7284	64	146	1.14e-30	126
3final:k127_145607	+_1	80.7	83	16	0	7036	7284	64	146	1.14e-30	126
3final:k127_145607	+_1	80.7	83	16	0	7036	7284	64	146	1.14e-30	126
3final:k127_145607	+_1	80.7	83	16	0	7036	7284	64	146	1.14e-30	126
3final:k127_145607	+_1	73.5	83	22	0	7036	7284	66	148	6.56e-26	112
3final:k127_145607	+_1	78.6	70	15	0	7075	7284	82	151	1.79e-23	104
3final:k127_145607	+_1	78.6	70	15	0	7075	7284	82	151	1.79e-23	104
3final:k127_145607	+_1	78.6	70	15	0	7075	7284	82	151	1.79e-23	104
3final:k127_145607	+_1	78.6	70	15	0	7075	7284	82	151	1.79e-23	104
3final:k127_145607	+_1	78.6	70	15	0	7075	7284	82	151	1.79e-23	104
3final:k127_145607	+_1	78.6	70	15	0	7075	7284	82	151	1.79e-23	104
3final:k127_145607	+_1	78.6	70	15	0	7075	7284	82	151	1.79e-23	104
3final:k127_145607	+_1	78.6	70	15	0	7075	7284	82	151	1.79e-23	104
3final:k127_145607	+_1	78.6	70	15	0	7075	7284	82	151	1.79e-23	104
3final:k127_145607	+_1	78.6	70	15	0	7075	7284	82	151	1.79e-23	104
3final:k127_145607	+_1	78.6	70	15	0	7075	7284	82	151	1.79e-23	104
3final:k127_145607	+_1	78.6	70	15	0	7075	7284	82	151	1.79e-23	104
3final:k127_145607	+_1	78.6	70	15	0	7075	7284	82	151	1.79e-23	104
3final:k127_145607	+_1	78.6	70	15	0	7075	7284	82	151	1.79e-23	104
3final:k127_145607	+_1	78.6	70	15	0	7075	7284	82	151	1.79e-23	104
3final:k127_145607	+_1	71.0	62	18	0	7035	7220	57	118	2.60e-16	82.0
3final:k127_145607	+_1	71.0	62	18	0	7035	7220	57	118	2.60e-16	82.0
3final:k127_145607	+_1	71.0	62	18	0	7035	7220	57	118	2.60e-16	82.0
3final:k127_145607	+_1	71.0	62	18	0	7035	7220	57	118	2.60e-16	82.0
3final:k127_145607	+_1	71.0	62	18	0	7035	7220	57	118	2.60e-16	82.0
3final:k127_145607	+_1	74.5	47	12	0	7074	7214	83	129	1.37e-13	73.6
3final:k127_145607	+_1	74.4	43	11	0	7154	7282	108	150	3.09e-10	62.8
3final:k127_145607	+_1	74.4	43	11	0	7154	7282	108	150	3.09e-10	62.8
3final:k127_145607	+_1	74.4	43	11	0	7154	7282	108	150	3.09e-10	62.8
3final:k127_145607	+_1	74.4	43	11	0	7154	7282	108	150	3.09e-10	62.8
3final:k127_145607	+_1	74.4	43	11	0	7154	7282	108	150	3.09e-10	62.8
3final:k127_145607	+_1	74.4	43	11	0	7154	7282	108	150	3.09e-10	62.8
3final:k127_145607	+_1	74.4	43	11	0	7154	7282	108	150	3.09e-10	62.8
3final:k127_64481	+_1	73.2	41	11	0	516	394	90	130	5.74e-10	59.3
3final:k127_51998	gb|AIA08936.1|ARO:3000444|rphA	82.1	39	7	0	15599	15483	826	864	7.18e-12	69.7
3final:k127_51998	gb|APB03222.1|ARO:3003992|rphB	74.4	39	10	0	15599	15483	845	883	4.82e-11	67.0
3final:k127_75666	gb|AAA50993.1|ARO:3003368|Ecol_EFTu_KIR	75.2	246	61	0	1	738	148	393	1.25e-130	385
3final:k127_75666	gb|AAC76364.1|ARO:3003370|Ecol_EFTu_ENC	75.2	246	61	0	1	738	148	393	1.25e-130	385
3final:k127_75666	gb|AAN82549.1|ARO:3003369|Ecol_EFTu_PLV	75.2	246	61	0	1	738	163	408	2.07e-130	385
3final:k127_75666	gb|AFK57679.1|ARO:3003438|Efac_EFTu_GE2A	76.4	246	57	1	1	735	176	421	1.31e-129	384
3final:k127_204302	+_1	71.3	80	20	2	3	239	288	365	4.15e-26	111
3final:k127_204302	+_1	71.3	80	20	2	3	239	288	365	4.15e-26	111
3final:k127_204302	+_1	71.3	80	20	2	3	239	288	365	4.15e-26	111
3final:k127_204302	+_1	71.3	80	20	2	3	239	288	365	4.15e-26	111
3final:k127_204302	+_1	72.9	59	16	0	2177	2353	322	380	1.71e-15	79.0
3final:k127_204302	+_1	72.9	59	16	0	2177	2353	322	380	1.71e-15	79.0
3final:k127_204302	+_1	72.9	59	16	0	2177	2353	322	380	1.71e-15	79.0
3final:k127_204302	+_1	72.9	59	16	0	2177	2353	322	380	1.71e-15	79.0
3final:k127_204302	+_1	72.9	59	16	0	2177	2353	322	380	1.71e-15	79.0
3final:k127_204302	+_1	82.5	40	7	0	3	122	294	333	9.81e-13	69.3
3final:k127_204302	+_1	82.5	40	7	0	3	122	294	333	9.81e-13	69.3
3final:k127_204302	+_1	82.5	40	7	0	3	122	294	333	9.81e-13	69.3
3final:k127_204302	+_1	82.5	40	7	0	3	122	294	333	9.81e-13	69.3
3final:k127_204302	+_1	82.5	40	7	0	3	122	294	333	9.81e-13	69.3
3final:k127_204302	+_1	82.5	40	7	0	3	122	294	333	9.81e-13	69.3
3final:k127_204302	+_1	82.5	40	7	0	3	122	294	333	9.81e-13	69.3
3final:k127_204302	+_1	82.5	40	7	0	3	122	294	333	9.81e-13	69.3
3final:k127_204302	+_1	82.5	40	7	0	3	122	294	333	9.81e-13	69.3
3final:k127_204302	+_1	82.5	40	7	0	3	122	294	333	9.81e-13	69.3
3final:k127_204302	+_1	82.5	40	7	0	3	122	294	333	9.81e-13	69.3
3final:k127_204302	+_1	82.5	40	7	0	3	122	294	333	9.81e-13	69.3
3final:k127_204302	+_1	82.5	40	7	0	3	122	294	333	9.81e-13	69.3
3final:k127_204302	+_1	82.5	40	7	0	3	122	294	333	9.81e-13	69.3
3final:k127_204302	+_1	82.5	40	7	0	3	122	294	333	9.81e-13	69.3
3final:k127_204302	+_1	70.7	41	12	0	2231	2353	352	392	4.77e-08	54.7
3final:k127_52103	gb|CAG39573.1|ARO:3003735|Saur_fusA_FA	75.2	157	39	0	481	11	1	157	1.81e-72	245
3final:k127_87554	gb|AFK57679.1|ARO:3003438|Efac_EFTu_GE2A	75.9	395	93	1	5504	4320	29	421	3.22e-207	622
3final:k127_87554	gb|AAA50993.1|ARO:3003368|Ecol_EFTu_KIR	76.0	396	92	2	5504	4317	1	393	3.14e-206	618
3final:k127_87554	gb|AAC76364.1|ARO:3003370|Ecol_EFTu_ENC	76.0	396	92	2	5504	4317	1	393	3.14e-206	618
3final:k127_87554	gb|AAN82549.1|ARO:3003369|Ecol_EFTu_PLV	75.3	400	96	2	5516	4317	12	408	1.48e-205	617
3final:k127_87554	gb|AAB39605.1|ARO:3003361|Pros_EFTu_GE2A	75.1	397	99	0	5504	4314	1	397	1.38e-204	614
3final:k127_87554	gb|CAA67349.1|ARO:3003359|Scin_EFTu_ELF	74.6	397	101	0	5504	4314	1	397	2.86e-202	608
3final:k127_87554	gb|AXU66539.1|ARO:3003357|Cdif_EFTu_ELF	71.9	398	110	2	5504	4314	1	397	1.89e-192	582
3final:k127_18408	gb|ADK17136.1|ARO:3004563|Cdif_rpoB_RIF	72.6	452	124	0	1	1356	731	1182	2.41e-220	655
3final:k127_18408	gb|CAG39569.1|ARO:3003291|Saur_rpoC_DAP	79.0	138	29	0	1472	1885	1	138	7.81e-70	249
3final:k127_18408	gb|NP_215182.1|ARO:3004994|Mtub_rpoC_RIF	72.8	151	41	0	1472	1924	1	151	2.01e-69	248
3final:k127_18408	gb|AJP09758.1|ARO:3004681|Cdif_rpoC_VAN	75.9	141	34	0	1472	1894	1	141	2.83e-69	247
3final:k127_75969	+_1	80.5	77	15	0	3019	2789	833	909	2.86e-30	126
3final:k127_75969	-_1	79.4	68	14	0	2814	3017	64	131	6.65e-25	109
3final:k127_75969	+_1	72.7	77	21	0	3019	2789	902	978	9.38e-25	108
3final:k127_75969	-_1	77.9	68	15	0	2814	3017	62	129	1.03e-23	105
3final:k127_75969	-_1	80.0	65	13	0	2823	3017	70	134	2.42e-23	104
3final:k127_75969	-_1	75.0	68	17	0	2814	3017	69	136	1.22e-22	102
3final:k127_75969	-_1	75.8	33	8	0	2919	3017	395	427	6.15e-08	54.3
3final:k127_157460	gb|AFK57679.1|ARO:3003438|Efac_EFTu_GE2A	74.8	400	94	3	1127	2323	29	422	4.33e-208	597
3final:k127_157460	gb|AAA50993.1|ARO:3003368|Ecol_EFTu_KIR	75.9	399	88	4	1127	2320	1	392	1.94e-206	592
3final:k127_157460	gb|AAC76364.1|ARO:3003370|Ecol_EFTu_ENC	75.9	399	88	4	1127	2320	1	392	1.94e-206	592
3final:k127_157460	gb|AAN82549.1|ARO:3003369|Ecol_EFTu_PLV	75.7	399	89	4	1127	2320	16	407	1.34e-205	590
3final:k127_157460	gb|AXU66539.1|ARO:3003357|Cdif_EFTu_ELF	73.1	398	104	1	1127	2320	1	395	2.02e-201	579
3final:k127_157486	+_1	70.2	114	34	0	538	197	211	324	4.72e-38	146
3final:k127_157486	+_1	70.2	114	34	0	538	197	211	324	4.72e-38	146
3final:k127_157486	+_1	70.2	114	34	0	538	197	211	324	4.72e-38	146
3final:k127_157486	+_1	70.2	114	34	0	538	197	211	324	4.72e-38	146
3final:k127_157486	-_1	73.2	82	22	0	714	959	360	441	3.21e-29	120
3final:k127_157486	-_1	73.2	82	22	0	714	959	360	441	3.21e-29	120
3final:k127_157486	-_1	73.2	82	22	0	714	959	360	441	3.21e-29	120
3final:k127_157486	-_1	73.2	82	22	0	714	959	360	441	3.21e-29	120
3final:k127_169977	gb|AHA41505.1|ARO:3002930|vanR_in_vanO_cl	87.5	144	18	0	1071	1502	3	146	2.68e-81	250
3final:k127_273966	-_1	70.5	281	83	0	9792	10634	61	341	8.59e-104	357
3final:k127_273966	+_1	78.4	139	30	0	13321	12905	334	472	8.75e-62	219
3final:k127_273966	+_1	78.4	139	30	0	13321	12905	334	472	8.75e-62	219
3final:k127_273966	+_1	78.4	139	30	0	13321	12905	334	472	8.75e-62	219
3final:k127_273966	+_1	78.4	139	30	0	13321	12905	334	472	8.75e-62	219
3final:k127_273966	+_1	78.4	139	30	0	13321	12905	334	472	8.75e-62	219
3final:k127_273966	+_1	71.1	142	41	0	13321	12896	337	478	1.44e-53	195
3final:k127_273966	-_1	70.7	133	39	0	9789	10187	55	187	1.76e-44	175
3final:k127_273966	+_1	84.3	83	13	0	13321	13073	339	421	3.18e-37	147
3final:k127_273966	+_1	84.3	83	13	0	13321	13073	339	421	3.18e-37	147
3final:k127_273966	+_1	84.3	83	13	0	13321	13073	339	421	3.18e-37	147
3final:k127_273966	+_1	84.3	83	13	0	13321	13073	339	421	3.18e-37	147
3final:k127_273966	+_1	79.4	34	7	0	13312	13211	349	382	1.29e-09	61.6
3final:k127_274124	gb|AAA50993.1|ARO:3003368|Ecol_EFTu_KIR	76.4	394	91	1	5055	6236	1	392	5.94e-201	608
3final:k127_274124	gb|AAC76364.1|ARO:3003370|Ecol_EFTu_ENC	76.4	394	91	1	5055	6236	1	392	5.94e-201	608
3final:k127_274124	gb|AAN82549.1|ARO:3003369|Ecol_EFTu_PLV	76.1	394	92	1	5055	6236	16	407	3.82e-200	607
3final:k127_274124	gb|CAA67349.1|ARO:3003359|Scin_EFTu_ELF	74.8	397	99	1	5055	6242	1	397	8.91e-197	597
3final:k127_274124	gb|AAB39605.1|ARO:3003361|Pros_EFTu_GE2A	75.8	397	95	1	5055	6242	1	397	2.38e-196	596
3final:k127_274124	gb|AFK57679.1|ARO:3003438|Efac_EFTu_GE2A	75.3	396	95	2	5052	6236	28	421	6.14e-196	596
3final:k127_274124	gb|AXU66539.1|ARO:3003357|Cdif_EFTu_ELF	72.2	396	107	3	5055	6236	1	395	5.06e-185	565
3final:k127_274124	gb|NP_215196.1|ARO:3003395|Mtub_rpsL_STR	78.0	123	27	0	2098	2466	1	123	4.49e-57	191
3final:k127_100812	gb|AFK57679.1|ARO:3003438|Efac_EFTu_GE2A	74.4	398	96	2	2173	983	29	421	1.12e-203	601
3final:k127_100812	gb|AAA50993.1|ARO:3003368|Ecol_EFTu_KIR	73.0	397	102	1	2173	983	1	392	1.80e-201	594
3final:k127_100812	gb|AAC76364.1|ARO:3003370|Ecol_EFTu_ENC	73.0	397	102	1	2173	983	1	392	1.80e-201	594
3final:k127_100812	gb|AAN82549.1|ARO:3003369|Ecol_EFTu_PLV	72.6	401	105	1	2185	983	12	407	3.12e-201	594
3final:k127_100812	gb|AXU66539.1|ARO:3003357|Cdif_EFTu_ELF	71.8	401	107	3	2173	977	1	397	3.28e-195	578
3final:k127_228025	gb|AAA50993.1|ARO:3003368|Ecol_EFTu_KIR	74.8	210	52	1	3090	3719	1	209	2.70e-101	325
3final:k127_228025	gb|AAC76364.1|ARO:3003370|Ecol_EFTu_ENC	74.8	210	52	1	3090	3719	1	209	2.70e-101	325
3final:k127_228025	gb|AFK57679.1|ARO:3003438|Efac_EFTu_GE2A	74.9	211	52	1	3087	3719	28	237	4.87e-101	325
3final:k127_228025	gb|AAN82549.1|ARO:3003369|Ecol_EFTu_PLV	74.3	210	53	1	3090	3719	16	224	1.60e-100	323
3final:k127_228025	gb|AXU66539.1|ARO:3003357|Cdif_EFTu_ELF	72.5	211	57	1	3090	3719	1	211	2.76e-98	317
3final:k127_228025	gb|AAB39605.1|ARO:3003361|Pros_EFTu_GE2A	73.9	211	54	1	3090	3719	1	211	3.82e-98	316
3final:k127_228025	gb|CAA67349.1|ARO:3003359|Scin_EFTu_ELF	73.0	211	56	1	3090	3719	1	211	5.28e-98	316
3final:k127_228025	gb|NP_215196.1|ARO:3003395|Mtub_rpsL_STR	77.2	101	23	0	9	311	23	123	1.65e-47	163
3final:k127_123490	+_1	76.7	60	14	0	563	742	277	336	1.64e-19	91.3
3final:k127_123490	+_1	81.8	55	10	0	563	727	272	326	1.00e-17	85.5
3final:k127_123490	+_1	75.9	54	13	0	563	724	269	322	3.95e-17	83.6
3final:k127_123490	+_1	88.6	35	4	0	1871	1975	712	746	1.30e-12	68.9
3final:k127_123490	+_1	88.6	35	4	0	1871	1975	712	746	1.30e-12	68.9
3final:k127_123490	+_1	75.7	37	9	0	819	929	335	371	1.05e-08	56.2
3final:k127_194488	gb|AAA50993.1|ARO:3003368|Ecol_EFTu_KIR	76.2	399	89	2	4743	3547	1	393	5.75e-200	605
3final:k127_194488	gb|AAC76364.1|ARO:3003370|Ecol_EFTu_ENC	76.2	399	89	2	4743	3547	1	393	5.75e-200	605
3final:k127_194488	gb|AAN82549.1|ARO:3003369|Ecol_EFTu_PLV	75.6	401	92	2	4749	3547	14	408	7.15e-200	605
3final:k127_194488	gb|AFK57679.1|ARO:3003438|Efac_EFTu_GE2A	73.8	400	100	2	4749	3550	27	421	8.62e-197	597
3final:k127_194488	gb|AAB39605.1|ARO:3003361|Pros_EFTu_GE2A	71.5	404	104	3	4743	3544	1	397	1.12e-184	563
3final:k127_194488	gb|AXU66539.1|ARO:3003357|Cdif_EFTu_ELF	70.6	401	113	2	4743	3544	1	397	2.15e-184	563
3final:k127_194488	gb|CAA67349.1|ARO:3003359|Scin_EFTu_ELF	71.3	400	108	3	4743	3550	1	395	5.72e-184	561
3final:k127_65675	gb|YP_177995.1|ARO:3004957|Mtub_clpC1_PZA	70.0	60	18	0	182	3	2	61	4.03e-19	88.6
3final:k127_182454	+_1	72.6	62	17	0	1799	1614	335	396	4.12e-19	90.1
3final:k127_182454	+_1	77.8	54	12	0	1808	1647	361	414	1.52e-17	85.1
3final:k127_182454	-_1	70.5	61	15	1	858	1031	324	384	5.74e-17	83.2
3final:k127_182454	+_1	72.2	54	15	0	1808	1647	328	381	1.80e-14	75.1
3final:k127_182454	+_1	71.1	45	13	0	143	9	716	760	1.15e-10	62.8
3final:k127_182454	+_1	71.4	42	12	0	1772	1647	347	388	3.35e-10	61.2
3final:k127_182454	+_1	73.7	38	10	0	1760	1647	352	389	2.01e-08	55.5
3final:k127_65881	gb|YP_177995.1|ARO:3004957|Mtub_clpC1_PZA	82.1	28	5	0	1554	1471	1	28	9.29e-08	52.4
3final:k127_112824	gb|AAA50993.1|ARO:3003368|Ecol_EFTu_KIR	70.1	137	41	0	3	413	257	393	7.56e-62	212
3final:k127_112824	gb|AAC76364.1|ARO:3003370|Ecol_EFTu_ENC	70.1	137	41	0	3	413	257	393	7.56e-62	212
3final:k127_112824	gb|AAN82549.1|ARO:3003369|Ecol_EFTu_PLV	70.1	137	41	0	3	413	272	408	1.12e-61	212
3final:k127_112824	gb|AFK57679.1|ARO:3003438|Efac_EFTu_GE2A	72.1	136	38	0	3	410	286	421	5.75e-61	211
3final:k127_124117	gb|AHA41499.1|ARO:3002948|vanH_in_vanO_cl	74.8	322	81	0	1076	2041	15	336	2.98e-169	486
3final:k127_124117	gb|AHA41505.1|ARO:3002930|vanR_in_vanO_cl	87.2	234	29	1	969	268	1	233	1.95e-137	400
3final:k127_77063	gb|AHA41505.1|ARO:3002930|vanR_in_vanO_cl	89.3	224	24	0	16941	17612	3	226	2.96e-122	385
3final:k127_171298	gb|NP_215196.1|ARO:3003395|Mtub_rpsL_STR	73.0	122	33	0	12221	12586	1	122	3.03e-51	175
3final:k127_43435	gb|AHA41505.1|ARO:3002930|vanR_in_vanO_cl	87.9	232	27	1	10575	9880	1	231	7.54e-128	399
3final:k127_265423	gb|NP_215182.1|ARO:3004994|Mtub_rpoC_RIF	82.0	568	102	0	801	2504	1	568	0.0	918
3final:k127_265423	gb|CAC30845.1|ARO:3003284|Mlep_rpoB_RIF	75.0	256	60	3	3	761	923	1177	4.35e-112	368
3final:k127_265423	gb|NP_215181.1|ARO:3003283|Mtub_rpoB_RIF	73.0	256	65	3	3	761	917	1171	1.39e-109	361
3final:k127_265423	gb|BAD59497.1|ARO:3000501|rpoB2	72.5	247	64	4	3	740	910	1153	3.99e-106	351
3final:k127_158856	gb|AFK57679.1|ARO:3003438|Efac_EFTu_GE2A	74.1	398	98	2	1	1194	29	421	7.54e-203	593
3final:k127_158856	gb|AAA50993.1|ARO:3003368|Ecol_EFTu_KIR	73.2	399	101	3	1	1197	1	393	1.62e-201	588
3final:k127_158856	gb|AAC76364.1|ARO:3003370|Ecol_EFTu_ENC	73.2	399	101	3	1	1197	1	393	1.62e-201	588
3final:k127_158856	gb|AAN82549.1|ARO:3003369|Ecol_EFTu_PLV	72.9	399	102	3	1	1197	16	408	1.11e-200	587
3final:k127_158856	gb|AXU66539.1|ARO:3003357|Cdif_EFTu_ELF	70.6	401	113	2	1	1200	1	397	7.99e-193	566
3final:k127_217678	gb|NP_215196.1|ARO:3003395|Mtub_rpsL_STR	81.1	122	23	0	1397	1762	1	122	2.17e-59	197
3final:k127_20428	+_1	78.2	55	12	0	1580	1744	222	276	1.01e-18	87.8
3final:k127_20428	+_1	78.2	55	12	0	1580	1744	222	276	1.01e-18	87.8
3final:k127_20428	+_1	78.2	55	12	0	1580	1744	222	276	1.01e-18	87.8
3final:k127_20428	+_1	78.2	55	12	0	1580	1744	222	276	1.01e-18	87.8
3final:k127_20428	+_1	78.2	55	12	0	1580	1744	222	276	1.01e-18	87.8
3final:k127_20428	+_1	78.2	55	12	0	1580	1744	222	276	1.01e-18	87.8
3final:k127_20428	+_1	78.2	55	12	0	1580	1744	222	276	1.01e-18	87.8
3final:k127_20428	+_1	89.3	28	3	0	1943	2026	345	372	1.22e-09	58.9
3final:k127_229391	gb|YP_177995.1|ARO:3004957|Mtub_clpC1_PZA	74.1	135	34	1	6401	6805	257	390	3.47e-52	197
3final:k127_137214	gb|CCA59315.1|ARO:3007208|HelR	72.4	475	128	2	3	1427	251	722	7.64e-238	669
3final:k127_137221	gb|AHA41505.1|ARO:3002930|vanR_in_vanO_cl	86.9	222	29	0	13562	12897	4	225	2.10e-121	381
3final:k127_159100	gb|AAB39605.1|ARO:3003361|Pros_EFTu_GE2A	93.5	31	2	0	427	519	1	31	4.23e-12	65.5
3final:k127_159100	gb|CAA67349.1|ARO:3003359|Scin_EFTu_ELF	90.3	31	3	0	427	519	1	31	5.62e-12	65.1
3final:k127_159100	gb|AXU66539.1|ARO:3003357|Cdif_EFTu_ELF	87.1	31	4	0	427	519	1	31	1.32e-11	63.9
3final:k127_159100	gb|AAA50993.1|ARO:3003368|Ecol_EFTu_KIR	80.6	31	6	0	427	519	1	31	7.16e-11	61.6
3final:k127_159100	gb|AAC76364.1|ARO:3003370|Ecol_EFTu_ENC	80.6	31	6	0	427	519	1	31	7.16e-11	61.6
3final:k127_159100	gb|AFK57679.1|ARO:3003438|Efac_EFTu_GE2A	83.9	31	5	0	427	519	29	59	1.39e-10	60.8
3final:k127_159100	gb|AAN82549.1|ARO:3003369|Ecol_EFTu_PLV	77.4	31	7	0	427	519	16	46	2.34e-10	60.1
3final:k127_289085	-_1	70.6	51	15	0	416	264	688	738	1.89e-13	70.9
3final:k127_114342	+_1	72.1	68	19	0	2491	2288	379	446	7.75e-22	97.4
3final:k127_114342	+_1	72.1	68	19	0	2491	2288	376	443	1.07e-21	97.1
3final:k127_114342	+_1	72.1	68	19	0	2491	2288	376	443	1.07e-21	97.1
3final:k127_114342	+_1	72.1	68	19	0	2491	2288	376	443	1.07e-21	97.1
3final:k127_114342	+_1	72.1	68	19	0	2491	2288	376	443	1.07e-21	97.1
3final:k127_114342	+_1	72.1	68	19	0	2491	2288	376	443	1.07e-21	97.1
3final:k127_114342	+_1	74.1	54	14	0	426	265	360	413	1.38e-16	82.0
3final:k127_114342	+_1	74.1	54	14	0	426	265	361	414	1.81e-16	81.6
3final:k127_114342	+_1	70.7	41	12	0	2491	2369	381	421	1.96e-11	64.7
3final:k127_114342	+_1	70.7	41	12	0	2491	2369	381	421	1.96e-11	64.7
3final:k127_114342	+_1	70.7	41	12	0	2491	2369	381	421	1.96e-11	64.7
3final:k127_114342	+_1	70.7	41	12	0	2491	2369	381	421	1.96e-11	64.7
3final:k127_90136	gb|ABK64957.1|ARO:3007473|Mavi_gyrA_FLO	71.9	608	167	2	223	2037	3	609	2.62e-309	861
3final:k127_90136	gb|NP_214520.1|ARO:3003295|Mtub_gyrA_FLO	71.4	597	170	1	247	2037	13	608	4.17e-303	845
3final:k127_90136	gb|AER05434.1|ARO:3003974|Cacn_gyrA_FLO	71.0	606	172	2	220	2037	18	619	8.51e-301	841
3final:k127_90136	gb|NP_214519.2|ARO:3003459|Mtub_gyrB_FLO	79.3	58	12	0	1	174	618	675	3.14e-21	95.9
3final:k127_90136	gb|CAC29513.1|ARO:3003304|Mlep_gyrB_FLO	79.3	58	12	0	1	174	621	678	3.16e-21	95.9
3final:k127_103181	gb|ADK17136.1|ARO:3004563|Cdif_rpoB_RIF	72.6	84	23	0	1	252	1086	1169	1.73e-30	125
3final:k127_103181	gb|BAD59497.1|ARO:3000501|rpoB2	73.0	74	20	0	1	222	1050	1123	1.54e-27	115
3final:k127_103212	gb|NP_215196.1|ARO:3003395|Mtub_rpsL_STR	71.9	89	25	0	8382	8648	27	115	5.73e-35	129
3final:k127_103212	+_1	72.2	97	27	0	5505	5795	132	228	3.98e-34	139
3final:k127_67806	gb|AFK57679.1|ARO:3003438|Efac_EFTu_GE2A	75.9	158	37	1	474	1	26	182	1.40e-69	235
3final:k127_67806	gb|AAA50993.1|ARO:3003368|Ecol_EFTu_KIR	75.5	155	37	1	465	1	1	154	7.93e-68	229
3final:k127_67806	gb|AAC76364.1|ARO:3003370|Ecol_EFTu_ENC	75.5	155	37	1	465	1	1	154	7.93e-68	229
3final:k127_67806	gb|AAB39605.1|ARO:3003361|Pros_EFTu_GE2A	75.0	156	38	1	465	1	1	156	1.64e-67	228
3final:k127_67806	gb|AAN82549.1|ARO:3003369|Ecol_EFTu_PLV	74.8	155	38	1	465	1	16	169	4.32e-67	228
3final:k127_67806	gb|CAA67349.1|ARO:3003359|Scin_EFTu_ELF	72.4	156	42	1	465	1	1	156	2.95e-66	225
3final:k127_67806	gb|AXU66539.1|ARO:3003357|Cdif_EFTu_ELF	74.2	155	40	0	465	1	1	155	4.07e-66	224
3final:k127_266484	gb|AHA41505.1|ARO:3002930|vanR_in_vanO_cl	86.7	218	29	0	1030	1683	4	221	1.09e-127	371
3final:k127_54679	gb|CAG41169.1|ARO:3003776|Saur_murA_FOF	72.1	43	12	0	4	132	85	127	2.37e-13	70.5
3final:k127_289349	+_1	71.4	105	30	0	2968	2654	905	1009	6.46e-35	141
3final:k127_289349	-_1	75.0	72	18	0	2751	2966	62	133	2.29e-23	104
3final:k127_289349	-_1	72.2	54	15	0	2684	2845	35	88	1.47e-12	69.3
3final:k127_289349	+_1	87.5	32	4	0	2816	2721	954	985	8.64e-11	63.5
3final:k127_289349	+_1	87.5	32	4	0	2816	2721	954	985	8.64e-11	63.5
3final:k127_289349	+_1	87.5	32	4	0	2816	2721	956	987	8.65e-11	63.5
3final:k127_289349	+_1	84.4	32	5	0	2816	2721	963	994	2.57e-10	62.0
3final:k127_289349	+_1	84.2	38	6	0	2841	2728	958	995	1.32e-09	59.7
3final:k127_289349	+_1	81.3	32	6	0	2816	2721	960	991	5.13e-09	57.8
3final:k127_289349	+_1	78.1	32	7	0	2816	2721	954	985	5.90e-08	54.3
3final:k127_207265	+_1	82.9	70	12	0	3388	3179	844	913	5.11e-28	119
3final:k127_207265	+_1	78.6	70	15	0	3388	3179	908	977	5.71e-26	113
3final:k127_207265	+_1	81.4	70	13	0	3388	3179	916	985	5.76e-26	113
3final:k127_207265	+_1	78.6	70	15	0	3388	3179	831	900	6.99e-26	112
3final:k127_207265	+_1	77.1	70	16	0	3388	3179	864	933	9.86e-24	105
3final:k127_207265	+_1	72.2	72	20	0	3389	3174	836	907	2.19e-23	104
3final:k127_207265	-_1	72.2	72	20	0	3172	3387	60	131	1.16e-22	102
3final:k127_207265	+_1	72.2	72	20	0	3389	3174	905	976	2.06e-22	101
3final:k127_207265	+_1	72.6	73	20	0	3388	3170	840	912	4.44e-22	100
3final:k127_207265	-_1	73.2	71	19	0	3175	3387	63	133	7.64e-22	99.8
3final:k127_138345	gb|WP_000819088.1|ARO:3003296|Saur_gyrA_FLO	75.3	85	21	0	1380	1126	14	98	1.57e-35	140
3final:k127_78918	gb|AJP09758.1|ARO:3004681|Cdif_rpoC_VAN	70.2	94	28	0	401	120	4	97	3.97e-40	157
3final:k127_78918	gb|NP_215182.1|ARO:3004994|Mtub_rpoC_RIF	73.4	94	25	0	401	120	4	97	7.87e-40	156
3final:k127_78918	gb|CAG39569.1|ARO:3003291|Saur_rpoC_DAP	71.3	94	27	0	401	120	4	97	9.62e-40	156
3final:k127_44937	gb|NP_215196.1|ARO:3003395|Mtub_rpsL_STR	70.7	123	36	0	121692	122060	1	123	6.02e-51	177
3final:k127_44937	gb|AFK57679.1|ARO:3003438|Efac_EFTu_GE2A	73.9	46	12	0	125071	125208	23	68	1.70e-12	73.6
3final:k127_44937	gb|AAA50993.1|ARO:3003368|Ecol_EFTu_KIR	86.8	38	5	0	125089	125202	1	38	5.85e-12	71.6
3final:k127_44937	gb|AAC76364.1|ARO:3003370|Ecol_EFTu_ENC	86.8	38	5	0	125089	125202	1	38	5.85e-12	71.6
3final:k127_44937	gb|AAB39605.1|ARO:3003361|Pros_EFTu_GE2A	91.7	36	3	0	125089	125196	1	36	7.92e-12	71.2
3final:k127_44937	gb|CAA67349.1|ARO:3003359|Scin_EFTu_ELF	88.9	36	4	0	125089	125196	1	36	1.05e-11	70.9
3final:k127_44937	gb|AAN82549.1|ARO:3003369|Ecol_EFTu_PLV	82.1	39	7	0	125086	125202	15	53	1.50e-11	70.5
3final:k127_44937	gb|AXU66539.1|ARO:3003357|Cdif_EFTu_ELF	83.3	36	6	0	125089	125196	1	36	7.61e-11	68.2
3final:k127_173090	gb|AAA50993.1|ARO:3003368|Ecol_EFTu_KIR	74.4	39	10	0	2	118	354	392	7.39e-10	60.5
3final:k127_173090	gb|AAC76364.1|ARO:3003370|Ecol_EFTu_ENC	74.4	39	10	0	2	118	354	392	7.39e-10	60.5
3final:k127_173090	gb|AAN82549.1|ARO:3003369|Ecol_EFTu_PLV	74.4	39	10	0	2	118	369	407	7.82e-10	60.5
3final:k127_138466	gb|APB03222.1|ARO:3003992|rphB	77.4	53	12	0	169	11	831	883	3.72e-18	88.2
3final:k127_138524	+_1	71.8	71	20	0	3475	3687	627	697	5.93e-20	94.0
3final:k127_276905	gb|NP_215196.1|ARO:3003395|Mtub_rpsL_STR	76.0	121	29	0	2498	2136	1	121	2.09e-54	184
3final:k127_197549	+_1	81.3	75	14	0	1531	1755	784	858	9.77e-30	122
3final:k127_197549	+_1	78.7	75	16	0	1531	1755	848	922	5.67e-29	120
3final:k127_197549	+_1	77.3	75	17	0	1531	1755	856	930	7.43e-28	116
3final:k127_197549	+_1	72.0	75	21	0	1531	1755	780	854	1.16e-25	109
3final:k127_197549	+_1	70.7	75	22	0	1531	1755	804	878	6.43e-25	107
3final:k127_197549	+_1	72.0	75	21	0	1531	1755	789	863	6.11e-24	104
3final:k127_197549	+_1	79.2	53	11	0	1596	1754	867	919	2.63e-19	89.7
3final:k127_197549	+_1	71.7	46	13	0	1617	1754	808	853	2.41e-12	67.4
3final:k127_207812	gb|AHA41500.1|ARO:3002913|vanO	79.3	140	29	0	420	1	1	140	1.19e-74	239
3final:k127_207812	gb|KTE89608.1|ARO:3003723|vanI	78.6	140	30	0	420	1	1	140	1.04e-72	234
3final:k127_149626	gb|CDO61516.1|ARO:3003949|efrB	75.0	40	10	0	2175	2056	323	362	9.55e-09	55.5
3final:k127_207916	gb|YP_177995.1|ARO:3004957|Mtub_clpC1_PZA	71.2	806	217	5	1	2376	32	836	0.0	1084
3final:k127_79792	gb|AHA41504.1|ARO:3002941|vanS_in_vanO_cl	74.7	237	60	0	1	711	105	341	1.21e-105	333
3final:k127_22482	+_1	72.9	48	13	0	14	157	436	483	3.09e-13	69.7
3final:k127_22482	+_1	72.9	48	13	0	14	157	436	483	3.09e-13	69.7
3final:k127_22482	+_1	72.9	48	13	0	14	157	436	483	3.09e-13	69.7
3final:k127_22482	+_1	72.9	48	13	0	14	157	436	483	3.09e-13	69.7
3final:k127_22482	+_1	72.9	48	13	0	14	157	436	483	3.09e-13	69.7
3final:k127_22482	+_1	72.9	48	13	0	14	157	436	483	3.09e-13	69.7
3final:k127_22482	+_1	72.9	48	13	0	14	157	436	483	3.09e-13	69.7
3final:k127_22482	+_1	78.6	42	9	0	14	139	419	460	1.56e-12	67.4
3final:k127_22482	+_1	70.0	40	12	0	1545	1664	279	318	1.07e-09	58.9
3final:k127_22482	+_1	70.0	40	12	0	1545	1664	278	317	1.08e-09	58.9
3final:k127_173953	gb|AAA50993.1|ARO:3003368|Ecol_EFTu_KIR	74.4	39	10	0	2	118	354	392	5.91e-09	60.5
3final:k127_173953	gb|AAC76364.1|ARO:3003370|Ecol_EFTu_ENC	74.4	39	10	0	2	118	354	392	5.91e-09	60.5
3final:k127_173953	gb|AAN82549.1|ARO:3003369|Ecol_EFTu_PLV	74.4	39	10	0	2	118	369	407	6.26e-09	60.5
3final:k127_174042	gb|AFK57679.1|ARO:3003438|Efac_EFTu_GE2A	74.6	397	97	1	2	1192	29	421	8.90e-205	595
3final:k127_174042	gb|AAA50993.1|ARO:3003368|Ecol_EFTu_KIR	71.1	398	110	2	2	1195	1	393	8.53e-199	578
3final:k127_174042	gb|AAC76364.1|ARO:3003370|Ecol_EFTu_ENC	71.1	398	110	2	2	1195	1	393	8.53e-199	578
3final:k127_174042	gb|AAN82549.1|ARO:3003369|Ecol_EFTu_PLV	70.9	398	111	2	2	1195	16	408	5.83e-198	577
3final:k127_174042	gb|AXU66539.1|ARO:3003357|Cdif_EFTu_ELF	70.5	400	114	2	2	1198	1	397	2.57e-192	561
3final:k127_160825	gb|AAA50993.1|ARO:3003368|Ecol_EFTu_KIR	74.1	58	14	1	1736	1909	1	57	3.02e-19	87.8
3final:k127_160825	gb|AAC76364.1|ARO:3003370|Ecol_EFTu_ENC	74.1	58	14	1	1736	1909	1	57	3.02e-19	87.8
3final:k127_160825	gb|CAA67349.1|ARO:3003359|Scin_EFTu_ELF	72.9	59	15	1	1736	1909	1	59	3.10e-19	87.8
3final:k127_160825	gb|AAN82549.1|ARO:3003369|Ecol_EFTu_PLV	72.4	58	15	1	1736	1909	16	72	1.09e-18	86.3
3final:k127_150008	+_1	87.1	140	18	0	1400	981	334	473	5.84e-74	240
3final:k127_150008	+_1	87.1	140	18	0	1400	981	334	473	5.84e-74	240
3final:k127_150008	+_1	87.1	140	18	0	1400	981	334	473	5.84e-74	240
3final:k127_150008	+_1	87.1	140	18	0	1400	981	334	473	5.84e-74	240
3final:k127_150008	+_1	87.1	140	18	0	1400	981	334	473	5.84e-74	240
3final:k127_150008	+_1	78.9	142	30	0	1400	975	337	478	7.96e-65	216
3final:k127_150008	+_1	82.4	125	22	0	1357	983	357	481	2.54e-60	204
3final:k127_150008	+_1	82.4	125	22	0	1357	983	357	481	2.54e-60	204
3final:k127_150008	+_1	82.4	125	22	0	1357	983	357	481	2.54e-60	204
3final:k127_150008	+_1	82.4	125	22	0	1357	983	357	481	2.54e-60	204
3final:k127_150008	+_1	82.4	125	22	0	1357	983	357	481	2.54e-60	204
3final:k127_150008	+_1	82.4	125	22	0	1357	983	357	481	2.54e-60	204
3final:k127_150008	+_1	82.4	125	22	0	1357	983	357	481	2.54e-60	204
3final:k127_150008	+_1	89.5	57	6	0	1147	977	410	466	1.24e-25	107
3final:k127_291300	gb|APE19944.1|ARO:3007209|Sven_rox	81.0	63	12	0	5	193	409	471	8.10e-26	109
3final:k127_291300	gb|BAD58386.1|ARO:3007210|Nfar_rox	73.4	64	17	0	2	193	407	470	8.07e-24	103
3final:k127_139889	gb|CCP44758.1|ARO:3000392|Erm(37)	84.6	117	18	0	428	78	1	117	2.99e-59	194
3final:k127_174580	gb|NP_215821.1|ARO:3007854|Mtub_atpE_BDQ	72.9	70	19	0	51	260	7	76	3.87e-22	88.6
3final:k127_174580	gb|ABC24999.1|ARO:3007476|Mabs_atpE_BDQ	71.4	70	20	0	51	260	8	77	5.60e-22	88.2
3final:k127_232061	+_1	72.0	75	21	0	96	320	369	443	2.98e-27	113
3final:k127_232061	+_1	72.0	75	21	0	96	320	369	443	2.98e-27	113
3final:k127_232061	+_1	72.0	75	21	0	96	320	369	443	2.98e-27	113
3final:k127_232061	+_1	72.0	75	21	0	96	320	369	443	2.98e-27	113
3final:k127_232061	+_1	72.0	75	21	0	96	320	369	443	2.98e-27	113
3final:k127_232061	+_1	75.6	45	11	0	146	280	379	423	8.73e-14	71.6
3final:k127_232061	+_1	75.6	45	11	0	146	280	379	423	8.73e-14	71.6
3final:k127_232061	+_1	75.6	45	11	0	146	280	379	423	8.73e-14	71.6
3final:k127_232061	+_1	75.6	45	11	0	146	280	379	423	8.73e-14	71.6
3final:k127_232061	+_1	75.6	45	11	0	146	280	379	423	8.73e-14	71.6
3final:k127_232061	-_1	73.7	38	10	0	1694	1581	670	707	3.27e-10	60.8
3final:k127_232061	+_1	73.5	34	9	0	146	247	377	410	7.58e-08	52.8
3final:k127_150548	gb|AXU66539.1|ARO:3003357|Cdif_EFTu_ELF	88.9	36	4	0	7594	7701	1	36	2.43e-12	68.9
3final:k127_150548	gb|CAA67349.1|ARO:3003359|Scin_EFTu_ELF	88.9	36	4	0	7594	7701	1	36	4.28e-12	68.2
3final:k127_150548	gb|AAA50993.1|ARO:3003368|Ecol_EFTu_KIR	86.5	37	5	0	7594	7704	1	37	7.41e-12	67.4
3final:k127_150548	gb|AAC76364.1|ARO:3003370|Ecol_EFTu_ENC	86.5	37	5	0	7594	7704	1	37	7.41e-12	67.4
3final:k127_150548	gb|AAB39605.1|ARO:3003361|Pros_EFTu_GE2A	83.3	36	6	0	7594	7701	1	36	1.32e-11	66.6
3final:k127_150548	gb|AAN82549.1|ARO:3003369|Ecol_EFTu_PLV	83.8	37	6	0	7594	7704	16	52	2.47e-11	65.9
3final:k127_150548	gb|AFK57679.1|ARO:3003438|Efac_EFTu_GE2A	75.0	44	9	1	7594	7719	29	72	2.62e-11	65.9
3final:k127_186554	gb|NP_215181.1|ARO:3003283|Mtub_rpoB_RIF	74.6	354	88	1	1062	1	359	710	3.02e-173	516
3final:k127_186554	gb|CAC30845.1|ARO:3003284|Mlep_rpoB_RIF	73.7	354	91	1	1062	1	365	716	1.16e-170	510
3final:k127_175114	+_1	78.6	98	21	0	1636	1929	852	949	5.24e-40	156
3final:k127_175114	+_1	77.1	96	22	0	1638	1925	850	945	2.67e-37	147
3final:k127_175114	+_1	76.8	95	22	0	1639	1923	789	883	5.81e-37	146
3final:k127_175114	+_1	73.5	98	26	0	1635	1928	780	877	1.77e-36	145
3final:k127_175114	+_1	70.3	91	27	0	1645	1917	787	877	9.12e-30	124
3final:k127_175114	+_1	76.2	63	15	0	1751	1939	888	950	2.46e-18	87.4
3final:k127_175114	+_1	76.2	63	15	0	1751	1939	892	954	2.48e-18	87.4
3final:k127_232745	gb|AFK57679.1|ARO:3003438|Efac_EFTu_GE2A	90.0	40	4	0	3451	3570	29	68	5.41e-16	79.3
3final:k127_232745	gb|AAA50993.1|ARO:3003368|Ecol_EFTu_KIR	84.2	38	6	0	3451	3564	1	38	5.69e-14	72.8
3final:k127_232745	gb|AAC76364.1|ARO:3003370|Ecol_EFTu_ENC	84.2	38	6	0	3451	3564	1	38	5.69e-14	72.8
3final:k127_232745	gb|AAB39605.1|ARO:3003361|Pros_EFTu_GE2A	78.0	41	9	0	3451	3573	1	41	1.36e-13	71.6
3final:k127_232745	gb|CAA67349.1|ARO:3003359|Scin_EFTu_ELF	86.1	36	5	0	3451	3558	1	36	1.81e-13	71.2
3final:k127_232745	gb|AXU66539.1|ARO:3003357|Cdif_EFTu_ELF	80.6	36	7	0	3451	3558	1	36	1.32e-12	68.6
3final:k127_232861	gb|NP_215196.1|ARO:3003395|Mtub_rpsL_STR	71.0	124	36	0	3496	3125	1	124	1.00e-51	176
3final:k127_232861	gb|AFK57679.1|ARO:3003438|Efac_EFTu_GE2A	90.0	40	4	0	127	8	29	68	7.93e-16	79.7
3final:k127_232861	gb|AAA50993.1|ARO:3003368|Ecol_EFTu_KIR	84.2	38	6	0	127	14	1	38	8.23e-14	73.2
3final:k127_232861	gb|AAC76364.1|ARO:3003370|Ecol_EFTu_ENC	84.2	38	6	0	127	14	1	38	8.23e-14	73.2
3final:k127_232861	gb|AAB39605.1|ARO:3003361|Pros_EFTu_GE2A	78.0	41	9	0	127	5	1	41	1.97e-13	72.0
3final:k127_232861	gb|CAA67349.1|ARO:3003359|Scin_EFTu_ELF	86.1	36	5	0	127	20	1	36	2.62e-13	71.6
3final:k127_232861	gb|AXU66539.1|ARO:3003357|Cdif_EFTu_ELF	80.6	36	7	0	127	20	1	36	1.90e-12	68.9
3final:k127_221173	gb|AXU66539.1|ARO:3003357|Cdif_EFTu_ELF	85.0	40	6	0	122	3	308	347	4.53e-16	77.8
3final:k127_221173	gb|AAB39605.1|ARO:3003361|Pros_EFTu_GE2A	80.0	40	8	0	122	3	308	347	4.53e-16	77.8
3final:k127_221173	gb|AAA50993.1|ARO:3003368|Ecol_EFTu_KIR	77.5	40	9	0	122	3	305	344	1.41e-15	76.3
3final:k127_221173	gb|AAC76364.1|ARO:3003370|Ecol_EFTu_ENC	77.5	40	9	0	122	3	305	344	1.41e-15	76.3
3final:k127_221173	gb|AAN82549.1|ARO:3003369|Ecol_EFTu_PLV	77.5	40	9	0	122	3	320	359	1.54e-15	76.3
3final:k127_221173	gb|AFK57679.1|ARO:3003438|Efac_EFTu_GE2A	77.5	40	9	0	122	3	334	373	6.92e-15	74.3
3final:k127_221173	gb|CAA67349.1|ARO:3003359|Scin_EFTu_ELF	75.0	40	10	0	122	3	308	347	1.07e-14	73.6
4final:k127_59214	gb|YP_177995.1|ARO:3004957|Mtub_clpC1_PZA	78.3	637	137	1	1915	5	165	800	0.0	980
4final:k127_141967	-_1	73.9	46	12	0	5844	5707	273	318	5.94e-10	62.0
4final:k127_201134	+_1	80.6	36	7	0	109	2	95	130	1.37e-11	65.5
4final:k127_201134	+_1	80.6	36	7	0	109	2	95	130	1.37e-11	65.5
4final:k127_201134	+_1	80.6	36	7	0	109	2	95	130	1.37e-11	65.5
4final:k127_201134	+_1	80.6	36	7	0	109	2	95	130	1.37e-11	65.5
4final:k127_201134	+_1	80.6	36	7	0	109	2	95	130	1.37e-11	65.5
4final:k127_201134	+_1	80.6	36	7	0	109	2	95	130	1.37e-11	65.5
4final:k127_201134	+_1	80.6	36	7	0	109	2	95	130	1.37e-11	65.5
4final:k127_201134	+_1	80.6	36	7	0	109	2	95	130	1.37e-11	65.5
4final:k127_201134	+_1	80.6	36	7	0	109	2	95	130	1.37e-11	65.5
4final:k127_201134	+_1	80.6	36	7	0	109	2	95	130	1.37e-11	65.5
4final:k127_201134	+_1	80.6	36	7	0	109	2	95	130	1.37e-11	65.5
4final:k127_201134	+_1	80.6	36	7	0	109	2	95	130	1.37e-11	65.5
4final:k127_201134	+_1	80.6	36	7	0	109	2	95	130	1.37e-11	65.5
4final:k127_201134	+_1	80.6	36	7	0	109	2	95	130	1.37e-11	65.5
4final:k127_201134	+_1	80.6	36	7	0	109	2	95	130	1.37e-11	65.5
4final:k127_201134	+_1	75.7	37	9	0	112	2	91	127	6.39e-10	60.1
4final:k127_201134	+_1	77.1	35	8	0	106	2	91	125	8.52e-10	59.7
4final:k127_201134	+_1	77.1	35	8	0	106	2	91	125	8.52e-10	59.7
4final:k127_201134	+_1	77.1	35	8	0	106	2	91	125	8.52e-10	59.7
4final:k127_201134	+_1	77.1	35	8	0	106	2	91	125	8.52e-10	59.7
4final:k127_201134	+_1	77.1	35	8	0	106	2	91	125	8.52e-10	59.7
4final:k127_201134	+_1	73.7	38	10	0	122	9	79	116	1.08e-09	59.3
4final:k127_201134	+_1	73.7	38	10	0	122	9	79	116	1.08e-09	59.3
4final:k127_201134	+_1	73.7	38	10	0	122	9	79	116	1.08e-09	59.3
4final:k127_201134	+_1	73.7	38	10	0	122	9	79	116	1.08e-09	59.3
4final:k127_201134	+_1	73.7	38	10	0	122	9	79	116	1.08e-09	59.3
4final:k127_201134	-_1	82.4	34	6	0	5	106	377	410	1.48e-09	58.9
4final:k127_201134	+_1	73.2	41	11	0	131	9	88	128	3.47e-09	57.8
4final:k127_201134	+_1	73.2	41	11	0	131	9	90	130	3.48e-09	57.8
4final:k127_47465	gb|AAB39605.1|ARO:3003361|Pros_EFTu_GE2A	79.7	128	26	0	1810	1427	270	397	5.97e-66	218
4final:k127_47465	gb|CAA67349.1|ARO:3003359|Scin_EFTu_ELF	75.8	128	31	0	1810	1427	270	397	3.30e-64	214
4final:k127_47465	gb|AAA50993.1|ARO:3003368|Ecol_EFTu_KIR	72.4	127	35	0	1810	1430	267	393	2.45e-60	203
4final:k127_47465	gb|AAC76364.1|ARO:3003370|Ecol_EFTu_ENC	72.4	127	35	0	1810	1430	267	393	2.45e-60	203
4final:k127_47465	gb|AAN82549.1|ARO:3003369|Ecol_EFTu_PLV	72.4	127	35	0	1810	1430	282	408	3.60e-60	203
4final:k127_47465	gb|AFK57679.1|ARO:3003438|Efac_EFTu_GE2A	73.8	126	33	0	1810	1433	296	421	1.00e-58	200
4final:k127_130264	gb|CAB11883.2|ARO:3007073|Bsub_rpoB_RIF	75.8	236	57	0	3	710	918	1153	4.92e-117	376
4final:k127_130264	gb|NP_215182.1|ARO:3004994|Mtub_rpoC_RIF	77.1	144	33	0	894	1325	1	144	3.82e-70	246
4final:k127_130264	gb|AJP09758.1|ARO:3004681|Cdif_rpoC_VAN	77.2	136	31	0	894	1301	1	136	4.92e-69	243
4final:k127_130264	gb|CAG39569.1|ARO:3003291|Saur_rpoC_DAP	76.5	136	32	0	894	1301	1	136	7.98e-69	242
4final:k127_83012	gb|NP_216424.1|ARO:3003392|Mtub_katG_INH	70.8	723	203	5	12477	10324	20	739	0.0	1050
4final:k127_83012	gb|NP_216424.1|ARO:3005102|Mtub_katG_PTO	70.8	723	203	5	12477	10324	20	739	0.0	1050
4final:k127_12060	gb|NP_215821.1|ARO:3007854|Mtub_atpE_BDQ	74.6	63	16	0	16199	16011	7	69	1.23e-18	81.6
4final:k127_83055	gb|YP_177995.1|ARO:3004957|Mtub_clpC1_PZA	71.2	139	40	0	700	1116	1	139	5.12e-49	185
4final:k127_165944	gb|CAG39569.1|ARO:3003291|Saur_rpoC_DAP	72.8	103	28	0	1619	1311	1086	1188	1.49e-35	139
4final:k127_378	+_1	72.2	97	27	0	892	602	132	228	1.48e-34	139
4final:k127_213235	gb|NP_217974.1|ARO:3004999|Mtub_rpoA_RIF	85.7	28	4	0	1611	1694	21	48	7.50e-08	52.0
4final:k127_24028	gb|AAN82549.1|ARO:3003369|Ecol_EFTu_PLV	74.9	406	102	0	1348	131	3	408	2.97e-203	623
4final:k127_24028	gb|AAA50993.1|ARO:3003368|Ecol_EFTu_KIR	76.6	393	92	0	1309	131	1	393	5.90e-203	622
4final:k127_24028	gb|AAC76364.1|ARO:3003370|Ecol_EFTu_ENC	76.6	393	92	0	1309	131	1	393	5.90e-203	622
4final:k127_24028	gb|AFK57679.1|ARO:3003438|Efac_EFTu_GE2A	74.7	395	99	1	1309	128	29	423	2.96e-197	607
4final:k127_24028	gb|AAB39605.1|ARO:3003361|Pros_EFTu_GE2A	74.8	397	95	3	1309	131	1	396	2.60e-194	597
4final:k127_24028	gb|CAA67349.1|ARO:3003359|Scin_EFTu_ELF	72.7	395	105	2	1309	134	1	395	8.31e-189	581
4final:k127_24028	gb|AXU66539.1|ARO:3003357|Cdif_EFTu_ELF	72.0	397	106	4	1309	131	1	396	7.46e-186	573
4final:k127_24028	gb|NP_215196.1|ARO:3003395|Mtub_rpsL_STR	76.6	124	29	0	4294	3923	1	124	5.29e-57	191
4final:k127_248828	-_1	70.1	281	84	0	1634	792	61	341	3.91e-105	357
4final:k127_248828	-_1	70.7	133	39	0	1637	1239	55	187	3.44e-45	175
4final:k127_166082	+_1	70.8	65	19	0	919	1113	357	421	1.71e-16	80.9
4final:k127_166082	+_1	70.8	65	19	0	919	1113	357	421	1.71e-16	80.9
4final:k127_284477	gb|AAA50993.1|ARO:3003368|Ecol_EFTu_KIR	70.0	257	71	2	280	1050	142	392	1.92e-120	357
4final:k127_284477	gb|AAC76364.1|ARO:3003370|Ecol_EFTu_ENC	70.0	257	71	2	280	1050	142	392	1.92e-120	357
4final:k127_284477	gb|AAN82549.1|ARO:3003369|Ecol_EFTu_PLV	70.0	257	71	2	280	1050	157	407	3.14e-120	357
4final:k127_201860	gb|NP_215196.1|ARO:3003395|Mtub_rpsL_STR	78.9	123	26	0	806	438	1	123	2.90e-59	192
4final:k127_178080	gb|AFK57679.1|ARO:3003438|Efac_EFTu_GE2A	79.7	64	12	1	5386	5577	29	91	1.20e-23	103
4final:k127_178080	gb|CAA67349.1|ARO:3003359|Scin_EFTu_ELF	72.3	65	17	1	5386	5577	1	65	6.99e-22	97.8
4final:k127_178080	gb|AAA50993.1|ARO:3003368|Ecol_EFTu_KIR	73.4	64	16	1	5386	5577	1	63	3.90e-21	95.5
4final:k127_178080	gb|AAC76364.1|ARO:3003370|Ecol_EFTu_ENC	73.4	64	16	1	5386	5577	1	63	3.90e-21	95.5
4final:k127_178080	gb|AAN82549.1|ARO:3003369|Ecol_EFTu_PLV	71.9	64	17	1	5386	5577	16	78	1.48e-20	94.0
4final:k127_178085	gb|AAB39605.1|ARO:3003361|Pros_EFTu_GE2A	73.0	37	10	0	3775	3665	361	397	5.25e-10	60.5
4final:k127_178085	gb|CAA67349.1|ARO:3003359|Scin_EFTu_ELF	74.3	35	9	0	3775	3671	361	395	1.14e-08	56.2
4final:k127_178086	gb|KTE89608.1|ARO:3003723|vanI	76.7	343	80	0	1092	64	1	343	1.32e-190	534
4final:k127_178086	gb|AHA41500.1|ARO:3002913|vanO	72.3	346	96	0	1092	55	1	346	2.05e-184	518
4final:k127_178086	gb|AHA41499.1|ARO:3002948|vanH_in_vanO_cl	77.9	163	36	0	1594	1106	183	345	5.88e-88	272
4final:k127_214002	gb|ABM44583.1|ARO:3003302|Bbac_gyrA_AMU	70.2	517	144	1	1682	132	13	519	3.68e-247	708
4final:k127_166779	gb|AAB39605.1|ARO:3003361|Pros_EFTu_GE2A	73.0	37	10	0	3641	3531	361	397	6.66e-10	60.1
4final:k127_166779	gb|CAA67349.1|ARO:3003359|Scin_EFTu_ELF	74.3	35	9	0	3641	3537	361	395	1.91e-08	55.5
4final:k127_119357	gb|NP_215181.1|ARO:3003283|Mtub_rpoB_RIF	79.5	930	184	5	3	2774	243	1171	0.0	1463
4final:k127_119357	gb|CAC30845.1|ARO:3003284|Mlep_rpoB_RIF	79.8	929	181	5	6	2774	250	1177	0.0	1461
4final:k127_119357	gb|BAD59497.1|ARO:3000501|rpoB2	78.0	918	197	5	6	2753	239	1153	0.0	1423
4final:k127_119357	gb|NP_215196.1|ARO:3003395|Mtub_rpsL_STR	87.8	123	15	0	7393	7761	1	123	2.67e-63	209
4final:k127_119357	gb|CAG39573.1|ARO:3003735|Saur_fusA_FA	80.0	50	10	0	8418	8567	7	56	4.52e-17	85.5
4final:k127_225853	gb|AAA50993.1|ARO:3003368|Ecol_EFTu_KIR	72.2	36	10	0	2501	2394	357	392	6.37e-08	53.1
4final:k127_225853	gb|AAC76364.1|ARO:3003370|Ecol_EFTu_ENC	72.2	36	10	0	2501	2394	357	392	6.37e-08	53.1
4final:k127_225853	gb|AAN82549.1|ARO:3003369|Ecol_EFTu_PLV	72.2	36	10	0	2501	2394	372	407	6.62e-08	53.1
4final:k127_284898	+_1	84.4	180	28	0	2505	1966	741	920	5.30e-80	285
4final:k127_284898	+_1	70.0	90	27	0	2239	1970	750	839	4.30e-29	124
4final:k127_284898	+_1	85.2	54	8	0	3905	3744	269	322	6.72e-21	97.4
4final:k127_284906	gb|AAN82549.1|ARO:3003369|Ecol_EFTu_PLV	79.8	397	79	1	8951	10141	13	408	3.17e-212	649
4final:k127_284906	gb|AAA50993.1|ARO:3003368|Ecol_EFTu_KIR	79.9	394	78	1	8960	10141	1	393	1.58e-211	647
4final:k127_284906	gb|AAC76364.1|ARO:3003370|Ecol_EFTu_ENC	79.9	394	78	1	8960	10141	1	393	1.58e-211	647
4final:k127_284906	gb|AFK57679.1|ARO:3003438|Efac_EFTu_GE2A	78.0	395	85	2	8957	10138	28	421	1.24e-206	634
4final:k127_284906	gb|AXU66539.1|ARO:3003357|Cdif_EFTu_ELF	74.8	397	98	2	8960	10144	1	397	1.93e-196	603
4final:k127_284906	gb|AAB39605.1|ARO:3003361|Pros_EFTu_GE2A	72.5	397	107	2	8960	10144	1	397	6.85e-194	596
4final:k127_284906	gb|CAA67349.1|ARO:3003359|Scin_EFTu_ELF	71.1	395	112	2	8960	10138	1	395	2.12e-190	586
4final:k127_154968	gb|ADK17136.1|ARO:3004563|Cdif_rpoB_RIF	71.9	427	119	1	10	1287	764	1190	1.02e-189	617
4final:k127_154968	gb|CAB11883.2|ARO:3007073|Bsub_rpoB_RIF	72.9	402	109	0	10	1215	751	1152	1.86e-186	606
4final:k127_154968	gb|NP_215196.1|ARO:3003395|Mtub_rpsL_STR	77.2	123	28	0	10765	11133	1	123	6.93e-56	188
4final:k127_154968	gb|CAG39573.1|ARO:3003735|Saur_fusA_FA	86.5	37	5	0	11683	11793	1	37	1.38e-11	68.2
4final:k127_25030	gb|NP_215181.1|ARO:3003283|Mtub_rpoB_RIF	71.4	259	69	2	779	3	30	283	5.10e-119	375
4final:k127_25030	gb|CAC30845.1|ARO:3003284|Mlep_rpoB_RIF	70.3	259	72	1	779	3	36	289	1.56e-117	371
4final:k127_107851	gb|AEZ36150.1|ARO:3000448|QepA1	75.0	84	21	0	258	7	14	97	2.77e-30	126
4final:k127_107851	gb|ACF70723.1|ARO:3004103|QepA2	75.0	84	21	0	258	7	14	97	2.77e-30	126
4final:k127_107851	gb|AQX36338.1|ARO:3004379|QepA4	75.0	84	21	0	258	7	14	97	3.71e-30	125
4final:k127_214375	gb|ABC24999.1|ARO:3007476|Mabs_atpE_BDQ	72.9	70	19	0	1145	1354	7	76	1.39e-21	87.4
4final:k127_214375	gb|NP_215821.1|ARO:3007854|Mtub_atpE_BDQ	72.5	69	19	0	1148	1354	7	75	6.25e-21	85.5
4final:k127_84291	gb|NP_388014.1|ARO:3007527|Bsub_rpsE_SPT	71.4	154	42	1	1812	2273	1	152	1.22e-62	205
4final:k127_214551	-_1	76.3	38	9	0	115	2	70	107	5.69e-08	56.6
4final:k127_178773	+_1	79.0	100	21	0	29747	29448	810	909	9.03e-40	161
4final:k127_178773	+_1	73.9	111	29	0	29710	29378	830	940	2.12e-39	160
4final:k127_178773	-_1	71.3	122	35	0	29383	29748	32	153	3.52e-39	159
4final:k127_178773	-_1	70.5	122	36	0	29383	29748	34	155	4.18e-38	156
4final:k127_178773	-_1	71.8	110	31	0	29416	29745	48	157	1.28e-34	145
4final:k127_178773	+_1	72.0	100	28	0	29747	29448	879	978	6.22e-33	139
4final:k127_178773	+_1	72.7	88	24	0	29713	29450	816	903	7.58e-29	126
4final:k127_178773	-_1	77.2	57	13	0	29578	29748	395	451	9.64e-16	83.6
4final:k127_214563	-_1	70.5	61	15	1	1222	1395	324	384	3.23e-17	83.2
4final:k127_214563	+_1	78.0	41	9	0	507	385	645	685	6.43e-10	59.7
4final:k127_214563	+_1	73.2	41	11	0	507	385	727	767	1.02e-08	55.8
4final:k127_214563	+_1	70.7	41	12	0	507	385	719	759	6.93e-08	53.1
4final:k127_262028	gb|AHA41499.1|ARO:3002948|vanH_in_vanO_cl	75.2	322	80	0	2855	1890	25	346	6.75e-166	493
4final:k127_262028	gb|AHA41505.1|ARO:3002930|vanR_in_vanO_cl	90.1	192	19	0	3012	3587	4	195	9.64e-110	340
4final:k127_214755	-_1	75.0	56	14	0	215	48	34	89	9.42e-14	75.5
4final:k127_214755	-_1	76.3	38	9	0	115	2	70	107	5.17e-08	56.6
4final:k127_143612	gb|AHA41505.1|ARO:3002930|vanR_in_vanO_cl	79.1	43	8	1	1629	1501	191	232	3.04e-13	67.0
4final:k127_84945	gb|AFK57679.1|ARO:3003438|Efac_EFTu_GE2A	74.8	393	98	1	4123	2948	29	421	1.98e-199	606
4final:k127_84945	gb|AAN82549.1|ARO:3003369|Ecol_EFTu_PLV	74.3	393	101	0	4126	2948	15	407	1.15e-196	598
4final:k127_84945	gb|AAA50993.1|ARO:3003368|Ecol_EFTu_KIR	74.2	392	101	0	4123	2948	1	392	2.46e-196	596
4final:k127_84945	gb|AAC76364.1|ARO:3003370|Ecol_EFTu_ENC	74.2	392	101	0	4123	2948	1	392	2.46e-196	596
4final:k127_84945	gb|AAB39605.1|ARO:3003361|Pros_EFTu_GE2A	72.8	397	105	2	4123	2942	1	397	9.67e-193	587
4final:k127_84945	gb|CAA67349.1|ARO:3003359|Scin_EFTu_ELF	72.5	397	106	2	4123	2942	1	397	1.31e-191	583
4final:k127_84945	gb|AXU66539.1|ARO:3003357|Cdif_EFTu_ELF	71.5	396	108	4	4123	2948	1	395	1.61e-186	570
4final:k127_49655	+_1	71.2	111	32	0	335	3	740	850	6.20e-41	161
4final:k127_49655	+_1	82.5	40	7	0	3931	3812	438	477	2.05e-14	75.1
4final:k127_49655	+_1	71.4	56	16	0	1576	1409	325	380	3.52e-14	75.1
4final:k127_49655	+_1	71.4	56	16	0	1576	1409	325	380	3.52e-14	75.1
4final:k127_49655	+_1	71.4	56	16	0	1576	1409	325	380	3.52e-14	75.1
4final:k127_49655	+_1	71.4	56	16	0	1576	1409	325	380	3.52e-14	75.1
4final:k127_49655	+_1	71.4	56	16	0	1576	1409	325	380	3.52e-14	75.1
4final:k127_49655	+_1	70.0	50	15	0	1567	1418	336	385	1.58e-12	69.7
4final:k127_49655	+_1	81.8	33	6	0	3831	3929	46	78	5.70e-10	60.8
4final:k127_49655	+_1	72.2	36	10	0	3922	3815	423	458	4.96e-09	57.8
4final:k127_49655	+_1	76.9	39	9	0	205	89	796	834	5.46e-09	58.2
4final:k127_49655	+_1	73.0	37	10	0	3931	3821	435	471	3.43e-08	55.1
4final:k127_49655	+_1	73.0	37	10	0	3931	3821	435	471	3.43e-08	55.1
4final:k127_250382	gb|CAG39573.1|ARO:3003735|Saur_fusA_FA	74.2	66	17	0	2065	2262	1	66	1.77e-25	109
4final:k127_120763	gb|AJP09758.1|ARO:3004681|Cdif_rpoC_VAN	75.4	337	83	0	1021	11	144	480	2.19e-165	497
4final:k127_120763	gb|NP_215182.1|ARO:3004994|Mtub_rpoC_RIF	72.6	339	92	1	1021	8	229	567	3.37e-158	482
4final:k127_120763	gb|CAG39569.1|ARO:3003291|Saur_rpoC_DAP	71.2	337	97	0	1021	11	144	480	2.39e-155	472
4final:k127_262509	gb|CAG39573.1|ARO:3003735|Saur_fusA_FA	73.8	42	11	0	128	3	1	42	7.46e-13	68.9
4final:k127_73045	gb|AAB39605.1|ARO:3003361|Pros_EFTu_GE2A	74.4	270	66	2	1579	2379	1	270	4.38e-129	388
4final:k127_73045	gb|CAA67349.1|ARO:3003359|Scin_EFTu_ELF	74.4	270	66	2	1579	2379	1	270	3.44e-128	386
4final:k127_73045	gb|AAN82549.1|ARO:3003369|Ecol_EFTu_PLV	71.9	267	75	0	1579	2379	16	282	2.24e-126	382
4final:k127_73045	gb|AAA50993.1|ARO:3003368|Ecol_EFTu_KIR	71.5	267	76	0	1579	2379	1	267	3.80e-126	380
4final:k127_73045	gb|AAC76364.1|ARO:3003370|Ecol_EFTu_ENC	71.5	267	76	0	1579	2379	1	267	3.80e-126	380
4final:k127_73045	gb|AFK57679.1|ARO:3003438|Efac_EFTu_GE2A	70.1	268	79	1	1579	2379	29	296	7.76e-125	378
4final:k127_49906	+_1	74.0	131	34	0	261	653	740	870	6.43e-53	197
4final:k127_49906	+_1	93.8	48	3	0	508	651	830	877	2.32e-23	103
4final:k127_49906	-_1	83.1	59	10	0	661	485	90	148	1.41e-21	98.2
4final:k127_49906	+_1	83.7	49	8	0	505	651	825	873	3.43e-19	90.5
4final:k127_49906	+_1	83.7	49	8	0	505	651	849	897	3.48e-19	90.5
4final:k127_49906	+_1	82.6	46	8	0	514	651	837	882	9.25e-18	85.9
4final:k127_132850	+_1	74.6	280	71	0	7	846	730	1009	5.02e-128	395
4final:k127_132850	+_1	72.9	177	48	0	242	772	819	995	6.00e-67	231
4final:k127_144138	gb|YP_177995.1|ARO:3004957|Mtub_clpC1_PZA	77.6	500	111	1	1501	2	291	789	3.72e-270	754
4final:k127_38007	gb|NP_215196.1|ARO:3003395|Mtub_rpsL_STR	71.9	89	25	0	2099	2365	27	115	4.44e-35	129
4final:k127_38007	+_1	90.6	32	3	0	96	1	91	122	2.76e-08	57.8
4final:k127_38007	+_1	90.6	32	3	0	96	1	93	124	2.76e-08	57.8
4final:k127_38007	+_1	87.5	32	4	0	96	1	92	123	2.76e-08	57.8
4final:k127_121019	gb|AAN82549.1|ARO:3003369|Ecol_EFTu_PLV	77.6	397	88	1	1490	300	13	408	1.84e-228	634
4final:k127_121019	gb|AAA50993.1|ARO:3003368|Ecol_EFTu_KIR	77.7	394	87	1	1481	300	1	393	1.22e-227	631
4final:k127_121019	gb|AAC76364.1|ARO:3003370|Ecol_EFTu_ENC	77.7	394	87	1	1481	300	1	393	1.22e-227	631
4final:k127_121019	gb|AFK57679.1|ARO:3003438|Efac_EFTu_GE2A	75.9	395	93	2	1484	303	28	421	2.59e-222	619
4final:k127_121019	gb|AXU66539.1|ARO:3003357|Cdif_EFTu_ELF	73.6	397	103	2	1481	297	1	397	5.27e-213	594
4final:k127_121019	gb|AAB39605.1|ARO:3003361|Pros_EFTu_GE2A	72.8	397	106	2	1481	297	1	397	1.06e-212	593
4final:k127_121019	gb|CAA67349.1|ARO:3003359|Scin_EFTu_ELF	70.0	397	117	2	1481	297	1	397	5.09e-206	576
4final:k127_14488	gb|YP_177995.1|ARO:3004957|Mtub_clpC1_PZA	75.8	62	15	0	188	3	1	62	4.11e-19	92.0
4final:k127_50142	+_1	86.0	57	8	0	889	1059	269	325	1.87e-26	113
4final:k127_50142	+_1	77.8	54	12	0	889	1050	272	325	1.25e-19	91.7
4final:k127_50142	+_1	80.0	50	10	0	116	265	5	54	2.29e-17	84.3
4final:k127_156071	gb|NP_216210.1|ARO:3003445|Mtub_tlyA_AMG	72.1	43	12	0	14099	14227	4	46	4.05e-08	55.5
4final:k127_262931	+_1	96.0	25	1	0	3182	3108	348	372	2.11e-08	55.8
4final:k127_262937	gb|NP_216424.1|ARO:3003392|Mtub_katG_INH	79.6	147	30	0	441	1	35	181	5.86e-75	263
4final:k127_262937	gb|NP_216424.1|ARO:3005102|Mtub_katG_PTO	79.6	147	30	0	441	1	35	181	5.86e-75	263
4final:k127_286406	gb|CCA59315.1|ARO:3007208|HelR	75.1	719	175	3	1082	3235	7	722	0.0	1053
4final:k127_61943	gb|CAG39569.1|ARO:3003291|Saur_rpoC_DAP	77.8	158	35	0	2613	3086	1	158	2.70e-80	283
4final:k127_61943	gb|AJP09758.1|ARO:3004681|Cdif_rpoC_VAN	72.4	156	43	0	2613	3080	1	156	3.01e-76	270
4final:k127_61943	gb|NP_215182.1|ARO:3004994|Mtub_rpoC_RIF	80.1	136	27	0	2613	3020	1	136	3.88e-70	253
4final:k127_239341	gb|NP_215196.1|ARO:3003395|Mtub_rpsL_STR	71.5	123	35	0	3166	2798	1	123	5.51e-52	176
4final:k127_239341	gb|AFK57679.1|ARO:3003438|Efac_EFTu_GE2A	79.5	44	8	1	137	9	25	68	5.54e-15	76.6
4final:k127_239341	gb|AAB39605.1|ARO:3003361|Pros_EFTu_GE2A	78.6	42	9	0	128	3	1	42	2.58e-14	74.3
4final:k127_239341	gb|AAA50993.1|ARO:3003368|Ecol_EFTu_KIR	84.2	38	6	0	128	15	1	38	4.48e-14	73.6
4final:k127_239341	gb|AAC76364.1|ARO:3003370|Ecol_EFTu_ENC	84.2	38	6	0	128	15	1	38	4.48e-14	73.6
4final:k127_239341	gb|CAA67349.1|ARO:3003359|Scin_EFTu_ELF	86.1	36	5	0	128	21	1	36	1.07e-13	72.4
4final:k127_239341	gb|AAN82549.1|ARO:3003369|Ecol_EFTu_PLV	81.6	38	7	0	128	15	16	53	1.53e-13	72.0
4final:k127_239341	gb|AXU66539.1|ARO:3003357|Cdif_EFTu_ELF	80.6	36	7	0	128	21	1	36	7.83e-13	69.7
4final:k127_121661	gb|AHA41505.1|ARO:3002930|vanR_in_vanO_cl	84.8	224	34	0	6058	5387	4	227	1.34e-118	372
4final:k127_227854	+_1	81.0	42	8	0	2644	2769	600	641	1.01e-11	66.6
4final:k127_98065	+_1	75.4	65	15	1	629	823	360	423	5.32e-19	88.6
4final:k127_98065	+_1	71.1	45	13	0	665	799	347	391	1.05e-10	62.0
4final:k127_98065	+_1	73.2	41	11	0	677	799	352	392	6.53e-09	56.2
4final:k127_38830	gb|AAA50993.1|ARO:3003368|Ecol_EFTu_KIR	76.4	394	91	1	285	1466	1	392	2.31e-219	611
4final:k127_38830	gb|AAC76364.1|ARO:3003370|Ecol_EFTu_ENC	76.4	394	91	1	285	1466	1	392	2.31e-219	611
4final:k127_38830	gb|AAN82549.1|ARO:3003369|Ecol_EFTu_PLV	76.1	394	92	1	285	1466	16	407	1.62e-218	610
4final:k127_38830	gb|CAA67349.1|ARO:3003359|Scin_EFTu_ELF	74.3	397	101	1	285	1472	1	397	1.31e-214	599
4final:k127_38830	gb|AFK57679.1|ARO:3003438|Efac_EFTu_GE2A	74.6	397	98	2	282	1469	28	422	4.80e-214	599
4final:k127_38830	gb|AAB39605.1|ARO:3003361|Pros_EFTu_GE2A	75.4	395	96	1	285	1466	1	395	5.31e-214	598
4final:k127_38830	gb|AXU66539.1|ARO:3003357|Cdif_EFTu_ELF	71.7	396	109	3	285	1466	1	395	5.18e-202	567
4final:k127_169101	gb|AFK57679.1|ARO:3003438|Efac_EFTu_GE2A	72.0	403	103	1	1851	643	29	421	2.37e-199	593
4final:k127_169101	gb|AAA50993.1|ARO:3003368|Ecol_EFTu_KIR	71.1	405	104	3	1851	640	1	393	4.20e-195	581
4final:k127_169101	gb|AAC76364.1|ARO:3003370|Ecol_EFTu_ENC	71.1	405	104	3	1851	640	1	393	4.20e-195	581
4final:k127_169101	gb|AAN82549.1|ARO:3003369|Ecol_EFTu_PLV	70.9	405	105	3	1851	640	16	408	2.80e-194	579
4final:k127_169101	gb|AXU66539.1|ARO:3003357|Cdif_EFTu_ELF	70.8	408	105	3	1851	637	1	397	2.06e-192	574
4final:k127_180214	+_1	86.7	30	4	0	107	18	644	673	3.66e-09	57.4
4final:k127_275606	gb|AFK57679.1|ARO:3003438|Efac_EFTu_GE2A	72.9	399	103	1	1902	706	29	422	3.60e-210	597
4final:k127_275606	gb|AAA50993.1|ARO:3003368|Ecol_EFTu_KIR	74.9	399	92	3	1902	709	1	392	7.13e-210	595
4final:k127_275606	gb|AAC76364.1|ARO:3003370|Ecol_EFTu_ENC	74.9	399	92	3	1902	709	1	392	7.13e-210	595
4final:k127_275606	gb|AAN82549.1|ARO:3003369|Ecol_EFTu_PLV	73.3	412	97	4	1926	709	3	407	1.75e-209	594
4final:k127_275606	gb|AAB39605.1|ARO:3003361|Pros_EFTu_GE2A	71.5	400	107	2	1902	709	1	395	1.40e-197	563
4final:k127_239810	gb|NP_217974.1|ARO:3004999|Mtub_rpoA_RIF	81.3	316	59	0	4524	3577	1	316	1.99e-166	513
4final:k127_144998	gb|AFK57679.1|ARO:3003438|Efac_EFTu_GE2A	85.0	40	6	0	4743	4862	29	68	4.21e-14	73.9
4final:k127_144998	gb|AAA50993.1|ARO:3003368|Ecol_EFTu_KIR	86.8	38	5	0	4743	4856	1	38	3.43e-13	70.9
4final:k127_144998	gb|AAC76364.1|ARO:3003370|Ecol_EFTu_ENC	86.8	38	5	0	4743	4856	1	38	3.43e-13	70.9
4final:k127_144998	gb|AAB39605.1|ARO:3003361|Pros_EFTu_GE2A	80.5	41	8	0	4743	4865	1	41	8.18e-13	69.7
4final:k127_144998	gb|CAA67349.1|ARO:3003359|Scin_EFTu_ELF	88.9	36	4	0	4743	4850	1	36	1.09e-12	69.3
4final:k127_144998	gb|AAN82549.1|ARO:3003369|Ecol_EFTu_PLV	84.2	38	6	0	4743	4856	16	53	1.16e-12	69.3
4final:k127_144998	gb|AXU66539.1|ARO:3003357|Cdif_EFTu_ELF	83.3	36	6	0	4743	4850	1	36	7.86e-12	66.6
4final:k127_169329	gb|AFK57679.1|ARO:3003438|Efac_EFTu_GE2A	70.3	256	71	2	1725	958	171	421	4.13e-121	362
4final:k127_251663	+_1	82.6	46	8	0	199	62	856	901	1.97e-14	73.9
4final:k127_251663	+_1	77.8	45	10	0	199	65	784	828	1.61e-12	67.8
4final:k127_251663	+_1	73.9	46	12	0	199	62	848	893	6.54e-12	65.9
4final:k127_228238	gb|CAG39573.1|ARO:3003735|Saur_fusA_FA	76.4	157	37	0	4766	5236	3	159	6.09e-71	250
4final:k127_228238	gb|NP_215196.1|ARO:3003395|Mtub_rpsL_STR	78.0	123	27	0	3886	4254	1	123	3.45e-57	191
4final:k127_39258	gb|YP_177995.1|ARO:3004957|Mtub_clpC1_PZA	96.7	30	1	0	1	90	198	227	1.58e-10	61.2
4final:k127_216582	gb|AAB39605.1|ARO:3003361|Pros_EFTu_GE2A	77.3	397	89	1	6679	5492	1	397	1.87e-204	626
4final:k127_216582	gb|CAA67349.1|ARO:3003359|Scin_EFTu_ELF	78.1	397	86	1	6679	5492	1	397	2.64e-202	620
4final:k127_216582	gb|AAN82549.1|ARO:3003369|Ecol_EFTu_PLV	71.1	395	112	1	6679	5495	16	408	8.74e-183	565
4final:k127_216582	gb|AAA50993.1|ARO:3003368|Ecol_EFTu_KIR	70.9	395	113	1	6679	5495	1	393	1.28e-182	563
4final:k127_216582	gb|AAC76364.1|ARO:3003370|Ecol_EFTu_ENC	70.9	395	113	1	6679	5495	1	393	1.28e-182	563
4final:k127_216582	gb|NP_215196.1|ARO:3003395|Mtub_rpsL_STR	85.4	123	18	0	9949	9581	1	123	2.95e-61	204
4final:k127_205023	+_1	80.6	36	7	0	110	3	272	307	2.92e-11	63.5
4final:k127_205023	+_1	70.3	37	11	0	113	3	279	315	1.06e-09	58.5
4final:k127_205023	+_1	72.2	36	10	0	1501	1394	439	474	2.21e-08	53.9
4final:k127_122410	gb|AFK57679.1|ARO:3003438|Efac_EFTu_GE2A	73.0	400	101	3	5218	4019	29	421	8.90e-196	587
4final:k127_122410	gb|AAA50993.1|ARO:3003368|Ecol_EFTu_KIR	71.8	401	105	3	5218	4016	1	393	5.05e-193	578
4final:k127_122410	gb|AAC76364.1|ARO:3003370|Ecol_EFTu_ENC	71.8	401	105	3	5218	4016	1	393	5.05e-193	578
4final:k127_122410	gb|AAN82549.1|ARO:3003369|Ecol_EFTu_PLV	71.6	401	106	3	5218	4016	16	408	3.33e-192	577
4final:k127_122410	gb|AAB39605.1|ARO:3003361|Pros_EFTu_GE2A	71.1	402	109	2	5218	4016	1	396	2.26e-191	574
4final:k127_122410	gb|AXU66539.1|ARO:3003357|Cdif_EFTu_ELF	70.0	404	110	2	5218	4016	1	396	6.78e-189	568
4final:k127_252021	gb|NP_216146.1|ARO:3004721|Mtub_rpsA_PZA	74.8	448	105	2	2409	1066	41	480	2.88e-219	623
4final:k127_98924	+_1	71.4	42	12	0	1282	1407	463	504	3.97e-09	57.0
4final:k127_169853	gb|CAA67349.1|ARO:3003359|Scin_EFTu_ELF	77.3	88	18	1	391	134	1	88	9.94e-39	143
4final:k127_169853	gb|AAB39605.1|ARO:3003361|Pros_EFTu_GE2A	76.1	88	19	1	391	134	1	88	1.30e-37	140
4final:k127_169853	gb|AAA50993.1|ARO:3003368|Ecol_EFTu_KIR	75.6	86	21	0	391	134	1	86	2.80e-35	133
4final:k127_169853	gb|AAC76364.1|ARO:3003370|Ecol_EFTu_ENC	75.6	86	21	0	391	134	1	86	2.80e-35	133
4final:k127_169853	gb|AAN82549.1|ARO:3003369|Ecol_EFTu_PLV	74.4	86	22	0	391	134	16	101	1.28e-34	132
4final:k127_169853	gb|AFK57679.1|ARO:3003438|Efac_EFTu_GE2A	70.9	86	25	0	391	134	29	114	2.19e-34	131
4final:k127_169853	gb|AXU66539.1|ARO:3003357|Cdif_EFTu_ELF	73.6	87	22	1	391	134	1	87	5.11e-34	130
4final:k127_276467	-_1	81.0	42	8	0	470	595	896	937	2.96e-13	70.5
4final:k127_276467	+_1	70.2	47	14	0	1814	1674	436	482	7.00e-12	65.5
4final:k127_276467	+_1	70.2	47	14	0	1814	1674	436	482	7.00e-12	65.5
4final:k127_276467	+_1	70.2	47	14	0	1814	1674	436	482	7.00e-12	65.5
4final:k127_276467	+_1	70.2	47	14	0	1814	1674	436	482	7.00e-12	65.5
4final:k127_276467	+_1	70.2	47	14	0	1814	1674	436	482	7.00e-12	65.5
4final:k127_276467	+_1	70.2	47	14	0	1814	1674	436	482	7.00e-12	65.5
4final:k127_276467	+_1	70.2	47	14	0	1814	1674	436	482	7.00e-12	65.5
4final:k127_276467	+_1	71.7	46	13	0	1814	1677	419	464	8.73e-12	65.1
4final:k127_276467	+_1	70.0	40	12	0	234	115	279	318	1.12e-09	58.9
4final:k127_276467	+_1	70.0	40	12	0	234	115	278	317	1.12e-09	58.9
4final:k127_287675	gb|AHA41505.1|ARO:3002930|vanR_in_vanO_cl	86.5	222	30	0	1234	569	4	225	1.18e-120	378
4final:k127_276693	gb|AAA50993.1|ARO:3003368|Ecol_EFTu_KIR	72.6	266	73	0	4850	4053	127	392	8.54e-130	407
4final:k127_276693	gb|AAC76364.1|ARO:3003370|Ecol_EFTu_ENC	72.6	266	73	0	4850	4053	127	392	8.54e-130	407
4final:k127_276693	gb|AAN82549.1|ARO:3003369|Ecol_EFTu_PLV	72.6	266	73	0	4850	4053	142	407	1.42e-129	407
4final:k127_276693	gb|AFK57679.1|ARO:3003438|Efac_EFTu_GE2A	74.2	267	68	1	4850	4053	155	421	2.84e-126	399
4final:k127_276693	gb|AAB39605.1|ARO:3003361|Pros_EFTu_GE2A	72.5	269	73	1	4850	4047	129	397	3.01e-125	395
4final:k127_276693	gb|CAA67349.1|ARO:3003359|Scin_EFTu_ELF	70.6	269	78	1	4850	4047	129	397	7.28e-123	388
4final:k127_27730	gb|NP_217372.1|ARO:3007659|Rv2856	77.4	53	12	0	178	20	64	116	1.54e-19	87.8
4final:k127_276792	gb|NP_215181.1|ARO:3003283|Mtub_rpoB_RIF	79.2	951	191	5	1	2835	222	1171	0.0	1489
4final:k127_276792	gb|CAC30845.1|ARO:3003284|Mlep_rpoB_RIF	79.0	951	193	5	1	2835	228	1177	0.0	1482
4final:k127_276792	gb|BAD59497.1|ARO:3000501|rpoB2	77.1	948	210	6	1	2835	217	1160	0.0	1438
4final:k127_276792	gb|AAB39605.1|ARO:3003361|Pros_EFTu_GE2A	83.1	397	67	0	10616	11806	1	397	3.09e-222	677
4final:k127_276792	gb|CAA67349.1|ARO:3003359|Scin_EFTu_ELF	82.4	397	70	0	10616	11806	1	397	2.04e-219	669
4final:k127_276792	gb|AAN82549.1|ARO:3003369|Ecol_EFTu_PLV	75.4	398	95	2	10610	11803	14	408	2.06e-198	610
4final:k127_276792	gb|AAA50993.1|ARO:3003368|Ecol_EFTu_KIR	75.3	396	95	2	10616	11803	1	393	1.91e-197	606
4final:k127_276792	gb|AAC76364.1|ARO:3003370|Ecol_EFTu_ENC	75.3	396	95	2	10616	11803	1	393	1.91e-197	606
4final:k127_276792	gb|AFK57679.1|ARO:3003438|Efac_EFTu_GE2A	73.3	397	104	1	10610	11800	27	421	1.66e-195	602
4final:k127_276792	gb|NP_215196.1|ARO:3003395|Mtub_rpsL_STR	88.6	123	14	0	7503	7871	1	123	6.72e-66	217
4final:k127_63465	gb|AAA50993.1|ARO:3003368|Ecol_EFTu_KIR	78.0	177	39	0	1834	1304	216	392	2.86e-93	290
4final:k127_63465	gb|AAC76364.1|ARO:3003370|Ecol_EFTu_ENC	78.0	177	39	0	1834	1304	216	392	2.86e-93	290
4final:k127_63465	gb|AAN82549.1|ARO:3003369|Ecol_EFTu_PLV	78.0	177	39	0	1834	1304	231	407	4.51e-93	290
4final:k127_63465	gb|AAB39605.1|ARO:3003361|Pros_EFTu_GE2A	74.4	180	45	1	1834	1298	218	397	1.46e-86	273
4final:k127_63465	gb|AFK57679.1|ARO:3003438|Efac_EFTu_GE2A	74.3	179	45	1	1834	1301	244	422	2.24e-86	273
4final:k127_63465	gb|CAA67349.1|ARO:3003359|Scin_EFTu_ELF	72.2	180	49	1	1834	1298	218	397	4.39e-85	269
4final:k127_110627	gb|AHA41504.1|ARO:3002941|vanS_in_vanO_cl	82.2	101	18	0	304	2	124	224	1.11e-42	159
4final:k127_110844	gb|YP_177995.1|ARO:3004957|Mtub_clpC1_PZA	78.1	827	174	3	6534	8996	1	826	0.0	1251
4final:k127_170510	gb|NP_215182.1|ARO:3004994|Mtub_rpoC_RIF	70.2	171	51	0	5053	5565	2	172	2.67e-72	265
4final:k127_170510	gb|CAG39569.1|ARO:3003291|Saur_rpoC_DAP	77.0	135	31	0	5053	5457	2	136	8.93e-65	240
4final:k127_170510	gb|AJP09758.1|ARO:3004681|Cdif_rpoC_VAN	74.6	134	34	0	5056	5457	3	136	4.94e-64	237
4final:k127_146382	-_1	72.6	62	17	0	1155	1340	241	302	4.44e-19	87.8
4final:k127_146382	-_1	72.6	62	17	0	1155	1340	241	302	4.44e-19	87.8
4final:k127_146382	-_1	72.6	62	17	0	1155	1340	241	302	4.44e-19	87.8
4final:k127_146382	-_1	72.6	62	17	0	1155	1340	241	302	4.44e-19	87.8
4final:k127_146382	+_1	84.4	45	7	0	1111	977	285	329	4.33e-18	84.7
4final:k127_146382	+_1	84.4	45	7	0	1111	977	285	329	4.33e-18	84.7
4final:k127_146382	+_1	84.4	45	7	0	1111	977	285	329	4.33e-18	84.7
4final:k127_146382	+_1	84.4	45	7	0	1111	977	285	329	4.33e-18	84.7
4final:k127_63834	-_1	70.9	127	37	0	3320	2940	58	184	1.59e-43	169
4final:k127_63834	+_1	77.9	95	21	0	3032	3316	819	913	3.95e-37	149
4final:k127_63834	+_1	73.7	95	25	0	3032	3316	883	977	6.24e-35	142
4final:k127_63834	+_1	72.6	95	26	0	3032	3316	839	933	1.07e-32	135
4final:k127_63834	+_1	72.9	59	16	0	1643	1819	322	380	2.16e-15	79.0
4final:k127_63834	+_1	72.9	59	16	0	1643	1819	322	380	2.16e-15	79.0
4final:k127_63834	+_1	72.9	59	16	0	1643	1819	322	380	2.16e-15	79.0
4final:k127_63834	+_1	72.9	59	16	0	1643	1819	322	380	2.16e-15	79.0
4final:k127_63834	+_1	72.9	59	16	0	1643	1819	322	380	2.16e-15	79.0
4final:k127_63858	gb|AHA41505.1|ARO:3002930|vanR_in_vanO_cl	81.6	49	9	0	1965	2111	25	73	3.26e-18	82.0
4final:k127_158000	-_1	77.0	113	26	0	1311	973	274	386	7.59e-47	172
4final:k127_75594	gb|YP_177995.1|ARO:3004957|Mtub_clpC1_PZA	70.1	144	43	0	1433	1864	1	144	1.85e-56	202
4final:k127_194599	gb|YP_177995.1|ARO:3004957|Mtub_clpC1_PZA	88.4	43	5	0	1788	1660	189	231	3.40e-16	79.7
4final:k127_229508	gb|VEH83056.1|ARO:3007544|Erhu_gyrA_ENR	70.8	48	14	0	31992	32135	9	56	1.71e-12	72.8
4final:k127_229508	gb|AAC75291.1|ARO:3003294|Ecol_gyrA_FLO	73.8	42	11	0	32010	32135	12	53	3.96e-12	71.6
4final:k127_229508	gb|AAN43827.1|ARO:3003940|Sfle_gyrA_FLO	73.8	42	11	0	32010	32135	12	53	3.96e-12	71.6
4final:k127_229508	gb|AAC75291.1|ARO:3004335|Ecol_gyrA_TRC	73.8	42	11	0	32010	32135	12	53	3.96e-12	71.6
4final:k127_229508	gb|AAL21173.1|ARO:3003926|Sent_gyrA_FLO	73.8	42	11	0	32010	32135	12	53	3.97e-12	71.6
4final:k127_229508	gb|AAL21173.1|ARO:3004334|Sent_gyrA_TRC	73.8	42	11	0	32010	32135	12	53	3.97e-12	71.6
4final:k127_229508	gb|WP_001281271.1|ARO:3007751|Sisa_gyrA_FLO	73.8	42	11	0	32010	32135	12	53	3.97e-12	71.6
4final:k127_229508	gb|AAL82403.1|ARO:3003297|Bbac_gyrA_FLO	84.6	39	6	0	32019	32135	23	61	1.58e-11	69.7
4final:k127_229508	gb|WP_000819088.1|ARO:3003296|Saur_gyrA_FLO	72.1	43	12	0	32007	32135	12	54	4.55e-11	68.2
4final:k127_229508	gb|AAW89357.1|ARO:3003928|Ngon_gyrA_FLO	71.4	42	12	0	32010	32135	20	61	6.05e-11	67.8
4final:k127_229508	gb|ABK64957.1|ARO:3007473|Mavi_gyrA_FLO	73.2	41	11	0	32010	32132	20	60	7.60e-11	67.4
4final:k127_229508	gb|CAC29514.1|ARO:3003298|Mlep_gyrA_FLO	73.2	41	11	0	32010	32132	20	60	8.87e-11	67.4
4final:k127_229508	gb|AJF82744.1|ARO:3003817|Abau_gyrA_FLO	70.7	41	12	0	32013	32135	11	51	1.35e-10	66.6
4final:k127_229508	gb|NP_214520.1|ARO:3003295|Mtub_gyrA_FLO	70.7	41	12	0	32010	32132	19	59	1.71e-10	66.2
4final:k127_252996	gb|NP_215196.1|ARO:3003395|Mtub_rpsL_STR	71.5	123	35	0	5926	6294	1	123	1.48e-53	181
4final:k127_5788	gb|NP_215196.1|ARO:3003395|Mtub_rpsL_STR	70.7	123	36	0	1284	916	1	123	2.51e-52	177
4final:k127_277641	gb|AFK57679.1|ARO:3003438|Efac_EFTu_GE2A	75.3	396	95	2	2188	3372	28	421	2.55e-203	604
4final:k127_277641	gb|AAA50993.1|ARO:3003368|Ecol_EFTu_KIR	73.4	395	103	2	2191	3375	1	393	8.93e-199	591
4final:k127_277641	gb|AAC76364.1|ARO:3003370|Ecol_EFTu_ENC	73.4	395	103	2	2191	3375	1	393	8.93e-199	591
4final:k127_277641	gb|AAN82549.1|ARO:3003369|Ecol_EFTu_PLV	73.2	395	104	2	2191	3375	16	408	5.97e-198	589
4final:k127_277641	gb|CAA67349.1|ARO:3003359|Scin_EFTu_ELF	73.6	397	100	4	2191	3372	1	395	1.12e-191	572
4final:k127_277641	gb|AAB39605.1|ARO:3003361|Pros_EFTu_GE2A	72.1	401	103	4	2191	3378	1	397	1.66e-190	569
4final:k127_277641	gb|AXU66539.1|ARO:3003357|Cdif_EFTu_ELF	71.8	400	106	4	2191	3378	1	397	1.87e-188	564
4final:k127_147024	gb|AFK57679.1|ARO:3003438|Efac_EFTu_GE2A	74.2	399	98	2	468	1664	29	422	8.64e-209	592
4final:k127_147024	gb|AAA50993.1|ARO:3003368|Ecol_EFTu_KIR	72.9	398	102	2	468	1661	1	392	1.21e-208	590
4final:k127_147024	gb|AAC76364.1|ARO:3003370|Ecol_EFTu_ENC	72.9	398	102	2	468	1661	1	392	1.21e-208	590
4final:k127_147024	gb|AAN82549.1|ARO:3003369|Ecol_EFTu_PLV	72.6	398	103	2	468	1661	16	407	8.44e-208	589
4final:k127_147024	gb|AXU66539.1|ARO:3003357|Cdif_EFTu_ELF	71.1	401	111	2	468	1667	1	397	2.28e-199	567
4final:k127_277706	gb|AFK57679.1|ARO:3003438|Efac_EFTu_GE2A	75.9	395	93	1	5039	3855	29	421	8.45e-205	622
4final:k127_277706	gb|AAA50993.1|ARO:3003368|Ecol_EFTu_KIR	76.0	396	92	2	5039	3852	1	393	7.62e-204	618
4final:k127_277706	gb|AAC76364.1|ARO:3003370|Ecol_EFTu_ENC	76.0	396	92	2	5039	3852	1	393	7.62e-204	618
4final:k127_277706	gb|AAN82549.1|ARO:3003369|Ecol_EFTu_PLV	75.3	400	96	2	5051	3852	12	408	3.52e-203	617
4final:k127_277706	gb|AAB39605.1|ARO:3003361|Pros_EFTu_GE2A	75.1	397	99	0	5039	3849	1	397	3.07e-202	614
4final:k127_277706	gb|CAA67349.1|ARO:3003359|Scin_EFTu_ELF	74.6	397	101	0	5039	3849	1	397	5.63e-200	608
4final:k127_277706	gb|AXU66539.1|ARO:3003357|Cdif_EFTu_ELF	71.9	398	110	2	5039	3849	1	397	2.14e-190	582
4final:k127_52841	gb|AAB39605.1|ARO:3003361|Pros_EFTu_GE2A	73.9	46	12	0	4	141	352	397	2.60e-14	72.8
4final:k127_52841	gb|AFK57679.1|ARO:3003438|Efac_EFTu_GE2A	75.0	44	11	0	4	135	378	421	7.00e-14	71.6
4final:k127_52841	gb|AAA50993.1|ARO:3003368|Ecol_EFTu_KIR	73.3	45	12	0	1	135	348	392	1.89e-13	70.1
4final:k127_52841	gb|AAC76364.1|ARO:3003370|Ecol_EFTu_ENC	73.3	45	12	0	1	135	348	392	1.89e-13	70.1
4final:k127_52841	gb|AAN82549.1|ARO:3003369|Ecol_EFTu_PLV	73.3	45	12	0	1	135	363	407	2.04e-13	70.1
4final:k127_171299	+_1	74.1	54	10	1	163	2	78	127	1.62e-15	80.1
4final:k127_171299	+_1	74.1	54	10	1	163	2	78	127	1.62e-15	80.1
4final:k127_171299	+_1	74.1	54	10	1	163	2	78	127	1.62e-15	80.1
4final:k127_171299	+_1	74.1	54	10	1	163	2	78	127	1.62e-15	80.1
4final:k127_171299	+_1	74.1	54	10	1	163	2	78	127	1.62e-15	80.1
4final:k127_171299	+_1	74.1	54	10	1	163	2	78	127	1.62e-15	80.1
4final:k127_171299	+_1	74.1	54	10	1	163	2	78	127	1.62e-15	80.1
4final:k127_171299	+_1	74.1	54	10	1	163	2	78	127	1.62e-15	80.1
4final:k127_171299	+_1	74.1	54	10	1	163	2	78	127	1.62e-15	80.1
4final:k127_171299	+_1	74.1	54	10	1	163	2	78	127	1.62e-15	80.1
4final:k127_171299	+_1	74.1	54	10	1	163	2	78	127	1.62e-15	80.1
4final:k127_171299	+_1	74.1	54	10	1	163	2	78	127	1.62e-15	80.1
4final:k127_171299	+_1	74.1	54	10	1	163	2	78	127	1.62e-15	80.1
4final:k127_171299	+_1	74.1	54	10	1	163	2	78	127	1.62e-15	80.1
4final:k127_171299	+_1	74.1	54	10	1	163	2	78	127	1.62e-15	80.1
4final:k127_171299	-_1	83.3	48	7	1	4	144	384	431	2.79e-15	79.3
4final:k127_171299	-_1	83.3	48	7	1	4	144	384	431	2.79e-15	79.3
4final:k127_171299	-_1	83.3	48	7	1	4	144	384	431	2.79e-15	79.3
4final:k127_171299	-_1	83.3	48	7	1	4	144	384	431	2.79e-15	79.3
4final:k127_171299	+_1	76.9	52	12	0	157	2	68	119	2.42e-14	76.3
4final:k127_171299	+_1	94.7	38	2	0	116	3	76	113	3.11e-14	75.9
4final:k127_171299	+_1	83.3	42	7	0	127	2	83	124	7.46e-14	74.7
4final:k127_171299	-_1	78.3	46	9	1	2	136	379	424	6.98e-13	71.6
4final:k127_171299	+_1	71.7	46	12	1	2	136	389	434	1.80e-10	63.9
4final:k127_171299	+_1	77.5	40	9	0	122	3	88	127	1.24e-09	61.2
4final:k127_171299	+_1	77.5	40	9	0	122	3	90	129	1.24e-09	61.2
4final:k127_171299	+_1	76.9	39	9	0	122	6	89	127	8.48e-09	58.5
4final:k127_206949	gb|AAG07594.1|ARO:3000808|MexI	72.0	150	42	0	2	451	872	1021	9.96e-55	198
4final:k127_206949	gb|AAG07763.1|ARO:3003031|MexW	70.9	134	39	0	2	403	871	1004	4.04e-48	179
4final:k127_41310	+_1	74.9	215	54	0	1142	1786	652	866	1.35e-89	295
4final:k127_41310	+_1	86.4	118	16	0	1429	1782	740	857	6.82e-61	215
4final:k127_41310	+_1	70.9	148	39	2	1349	1786	793	938	2.04e-52	191
4final:k127_41310	+_1	73.6	121	31	1	1424	1786	734	853	3.11e-45	169
4final:k127_41310	+_1	73.2	112	30	0	1451	1786	760	871	1.37e-38	149
4final:k127_111971	+_1	93.5	31	2	0	294	202	644	674	7.87e-11	62.8
4final:k127_265592	gb|ADK17136.1|ARO:3004563|Cdif_rpoB_RIF	74.2	287	73	1	863	6	677	963	2.51e-130	411
4final:k127_265592	gb|BAD59497.1|ARO:3000501|rpoB2	71.0	286	83	0	863	6	612	897	1.20e-129	408
4final:k127_100980	gb|NP_215182.1|ARO:3004994|Mtub_rpoC_RIF	71.4	161	45	1	365	844	1	161	3.74e-72	246
4final:k127_100980	gb|AJP09758.1|ARO:3004681|Cdif_rpoC_VAN	75.2	141	35	0	365	787	1	141	2.80e-71	243
4final:k127_100980	gb|CAG39569.1|ARO:3003291|Saur_rpoC_DAP	76.5	136	32	0	365	772	1	136	8.48e-71	242
4final:k127_100980	gb|CAB11883.2|ARO:3007073|Bsub_rpoB_RIF	71.9	64	18	0	2	193	1093	1156	5.97e-22	97.4
4final:k127_100980	gb|ADK17136.1|ARO:3004563|Cdif_rpoB_RIF	76.7	60	14	0	2	181	1106	1165	3.34e-21	95.1
4final:k127_100980	gb|NP_215181.1|ARO:3003283|Mtub_rpoB_RIF	76.8	56	13	0	2	169	1080	1135	3.02e-19	89.0
4final:k127_100980	gb|CAC30845.1|ARO:3003284|Mlep_rpoB_RIF	76.8	56	13	0	2	169	1086	1141	3.02e-19	89.0
4final:k127_100980	gb|BAD59497.1|ARO:3000501|rpoB2	77.8	54	12	0	2	163	1070	1123	2.16e-18	86.3
4final:k127_41774	+_1	96.2	26	1	0	385	308	347	372	5.73e-09	56.6
4final:k127_112104	gb|ABC24999.1|ARO:3007476|Mabs_atpE_BDQ	70.8	65	19	0	8815	9009	6	70	7.54e-19	82.4
4final:k127_112104	gb|NP_215821.1|ARO:3007854|Mtub_atpE_BDQ	70.8	65	19	0	8815	9009	5	69	1.81e-18	81.3
4final:k127_147697	gb|APB03222.1|ARO:3003992|rphB	74.3	588	135	2	1723	2	292	877	3.29e-310	860
4final:k127_136637	gb|NP_216559.1|ARO:3003394|Mtub_pncA_PZA	71.0	183	52	1	1871	2419	1	182	7.40e-77	248
4final:k127_159265	gb|NP_215182.1|ARO:3004994|Mtub_rpoC_RIF	73.2	41	11	0	1411	1533	699	739	1.54e-12	67.8
4final:k127_278886	+_1	95.2	42	2	0	1	126	844	885	2.05e-19	90.1
4final:k127_278886	-_1	82.0	50	9	0	151	2	84	133	3.01e-17	83.2
4final:k127_278886	+_1	94.9	39	2	0	1	117	916	954	4.15e-17	82.8
4final:k127_278886	+_1	92.3	39	3	0	1	117	908	946	7.18e-17	82.0
4final:k127_278886	+_1	85.7	42	6	0	1	126	840	881	1.11e-15	78.2
4final:k127_278886	+_1	85.7	42	6	0	1	126	864	905	1.12e-15	78.2
4final:k127_278886	-_1	90.2	41	4	0	124	2	91	131	1.48e-15	77.8
4final:k127_278886	-_1	79.5	44	9	0	133	2	85	128	5.26e-14	72.8
4final:k127_278886	+_1	78.6	42	9	0	1	126	849	890	1.22e-13	71.6
4final:k127_278886	-_1	77.3	44	10	0	133	2	83	126	2.09e-13	70.9
4final:k127_77202	gb|AAA50993.1|ARO:3003368|Ecol_EFTu_KIR	74.4	394	100	1	1188	7	1	393	3.51e-220	610
4final:k127_77202	gb|AAC76364.1|ARO:3003370|Ecol_EFTu_ENC	74.4	394	100	1	1188	7	1	393	3.51e-220	610
4final:k127_77202	gb|AFK57679.1|ARO:3003438|Efac_EFTu_GE2A	75.9	394	93	2	1188	10	29	421	3.55e-220	612
4final:k127_77202	gb|AAN82549.1|ARO:3003369|Ecol_EFTu_PLV	74.1	394	101	1	1188	7	16	408	2.47e-219	609
4final:k127_77202	gb|AAB39605.1|ARO:3003361|Pros_EFTu_GE2A	72.0	397	109	2	1188	4	1	397	5.96e-210	585
4final:k127_77202	gb|CAA67349.1|ARO:3003359|Scin_EFTu_ELF	71.4	395	111	2	1188	10	1	395	6.52e-207	577
4final:k127_137109	+_1	74.1	54	14	0	162	1	776	829	1.97e-15	77.8
4final:k127_137109	+_1	81.3	48	9	0	146	3	789	836	4.50e-15	76.6
4final:k127_137109	+_1	76.0	50	12	0	551	402	662	711	1.35e-14	75.1
4final:k127_137109	+_1	74.4	39	10	0	534	418	720	758	7.96e-10	59.7
4final:k127_137109	+_1	74.4	39	10	0	534	418	726	764	7.99e-10	59.7
4final:k127_254539	gb|ABC24999.1|ARO:3007476|Mabs_atpE_BDQ	70.0	50	15	0	151	2	9	58	8.28e-14	64.7
4final:k127_254539	gb|NP_215821.1|ARO:3007854|Mtub_atpE_BDQ	70.0	50	15	0	151	2	8	57	1.07e-13	64.3
4final:k127_231129	+_1	73.8	42	11	0	179	304	433	474	8.49e-13	69.3
4final:k127_231129	+_1	72.1	43	12	0	176	304	429	471	2.25e-11	64.7
4final:k127_231129	+_1	72.1	43	12	0	176	304	429	471	2.25e-11	64.7
4final:k127_148739	-_1	80.0	30	6	0	1697	1786	783	812	3.25e-09	57.4
4final:k127_208518	gb|AHA41504.1|ARO:3002941|vanS_in_vanO_cl	74.4	43	11	0	121	249	170	212	1.09e-10	61.2
4final:k127_254753	gb|AFK57679.1|ARO:3003438|Efac_EFTu_GE2A	71.9	398	106	2	100	1290	29	421	2.27e-204	571
4final:k127_254753	gb|AXU66539.1|ARO:3003357|Cdif_EFTu_ELF	70.2	403	110	4	100	1296	1	397	1.33e-194	545
4final:k127_137577	gb|KTE89608.1|ARO:3003723|vanI	77.5	320	72	0	1700	741	24	343	3.60e-177	501
4final:k127_137577	gb|AHA41500.1|ARO:3002913|vanO	72.4	323	89	0	1700	732	24	346	1.18e-172	490
4final:k127_137577	gb|AHA41501.1|ARO:3002954|vanX_in_vanO_cl	78.1	201	44	0	732	130	1	201	8.71e-122	355
4final:k127_137577	gb|ACL19707.1|ARO:3003725|vanX_in_vanI_cl	78.1	201	44	0	732	130	1	201	9.03e-119	347
4final:k127_183182	gb|CCP44758.1|ARO:3000392|Erm(37)	82.8	122	21	0	367	2	1	122	4.75e-57	194
4final:k127_30464	gb|AHA41504.1|ARO:3002941|vanS_in_vanO_cl	71.5	228	65	0	1625	942	112	339	9.33e-101	305
4final:k127_290206	gb|CAG39573.1|ARO:3003735|Saur_fusA_FA	75.4	57	14	0	1623	1793	1	57	9.52e-21	94.0
4final:k127_290206	gb|AJP09758.1|ARO:3004681|Cdif_rpoC_VAN	70.8	48	14	0	1	144	1107	1154	3.26e-14	73.6
4final:k127_77702	gb|NP_216146.1|ARO:3004721|Mtub_rpsA_PZA	72.9	491	110	3	2014	557	9	481	6.43e-228	676
4final:k127_173023	+_1	78.8	80	17	0	303	64	3	82	2.10e-35	138
4final:k127_173023	+_1	75.0	40	10	0	59	178	430	469	2.53e-10	60.8
4final:k127_173023	+_1	75.0	40	10	0	59	178	430	469	2.53e-10	60.8
4final:k127_18398	gb|CAA67349.1|ARO:3003359|Scin_EFTu_ELF	76.9	381	87	1	132	1271	17	397	9.38e-219	606
4final:k127_18398	gb|AAB39605.1|ARO:3003361|Pros_EFTu_GE2A	77.4	381	85	1	132	1271	17	397	1.03e-215	598
4final:k127_18398	gb|AFK57679.1|ARO:3003438|Efac_EFTu_GE2A	74.6	378	95	1	132	1265	45	421	1.88e-203	568
4final:k127_18398	gb|AAA50993.1|ARO:3003368|Ecol_EFTu_KIR	73.6	379	98	2	132	1268	17	393	6.23e-202	563
4final:k127_18398	gb|AAC76364.1|ARO:3003370|Ecol_EFTu_ENC	73.6	379	98	2	132	1268	17	393	6.23e-202	563
4final:k127_18398	gb|AAN82549.1|ARO:3003369|Ecol_EFTu_PLV	73.6	379	98	2	132	1268	32	408	1.07e-201	563
4final:k127_18398	gb|AXU66539.1|ARO:3003357|Cdif_EFTu_ELF	71.4	381	108	1	132	1271	17	397	6.74e-195	546
4final:k127_126146	gb|NP_217974.1|ARO:3004999|Mtub_rpoA_RIF	81.0	121	23	0	418	56	1	121	1.36e-56	196
4final:k127_43145	+_1	70.2	57	17	0	793	963	339	395	6.94e-16	79.0
4final:k127_43145	+_1	71.4	49	14	0	802	948	335	383	1.55e-12	68.2
4final:k127_43145	+_1	83.9	31	5	0	1751	1843	644	674	1.33e-08	55.5
4final:k127_149255	gb|AAB39605.1|ARO:3003361|Pros_EFTu_GE2A	73.2	41	11	0	5412	5290	357	397	8.47e-11	63.5
4final:k127_149255	gb|CAA67349.1|ARO:3003359|Scin_EFTu_ELF	73.2	41	11	0	5412	5290	357	397	1.97e-10	62.4
4final:k127_149255	gb|AFK57679.1|ARO:3003438|Efac_EFTu_GE2A	70.0	40	12	0	5412	5293	383	422	8.78e-10	60.5
4final:k127_149296	gb|AAB39605.1|ARO:3003361|Pros_EFTu_GE2A	73.2	41	11	0	1654	1532	357	397	1.76e-11	63.5
4final:k127_149296	gb|CAA67349.1|ARO:3003359|Scin_EFTu_ELF	73.2	41	11	0	1654	1532	357	397	4.12e-11	62.4
4final:k127_149296	gb|AFK57679.1|ARO:3003438|Efac_EFTu_GE2A	70.0	40	12	0	1654	1535	383	422	1.84e-10	60.5
4final:k127_78127	gb|NP_215181.1|ARO:3003283|Mtub_rpoB_RIF	74.9	772	166	3	1	2280	171	926	0.0	1129
4final:k127_78127	gb|CAC30845.1|ARO:3003284|Mlep_rpoB_RIF	74.2	772	171	3	1	2280	177	932	0.0	1118
4final:k127_78127	gb|BAD59497.1|ARO:3000501|rpoB2	72.7	770	184	2	1	2280	166	919	0.0	1088
4final:k127_243585	gb|CAC30845.1|ARO:3003284|Mlep_rpoB_RIF	70.9	275	75	2	826	2	35	304	4.69e-121	385
4final:k127_220674	gb|NP_215181.1|ARO:3003283|Mtub_rpoB_RIF	72.0	1160	307	9	972	4433	24	1171	0.0	1654
4final:k127_220674	gb|CAC30845.1|ARO:3003284|Mlep_rpoB_RIF	72.2	1160	305	10	972	4433	30	1177	0.0	1646
4final:k127_220674	gb|BAD59497.1|ARO:3000501|rpoB2	70.4	1177	327	10	912	4433	2	1160	0.0	1608
4final:k127_220674	gb|NP_215182.1|ARO:3004994|Mtub_rpoC_RIF	72.9	733	185	2	4559	6715	7	739	0.0	1046
4final:k127_8279	gb|AAB39605.1|ARO:3003361|Pros_EFTu_GE2A	82.4	397	70	0	2422	1232	1	397	2.91e-227	665
4final:k127_8279	gb|CAA67349.1|ARO:3003359|Scin_EFTu_ELF	81.4	397	74	0	2422	1232	1	397	1.91e-224	657
4final:k127_8279	gb|AAN82549.1|ARO:3003369|Ecol_EFTu_PLV	74.7	396	97	2	2422	1235	16	408	1.58e-202	601
4final:k127_8279	gb|AAA50993.1|ARO:3003368|Ecol_EFTu_KIR	74.5	396	98	2	2422	1235	1	393	2.53e-202	600
4final:k127_8279	gb|AAC76364.1|ARO:3003370|Ecol_EFTu_ENC	74.5	396	98	2	2422	1235	1	393	2.53e-202	600
4final:k127_8279	gb|AFK57679.1|ARO:3003438|Efac_EFTu_GE2A	73.9	395	101	1	2422	1238	29	421	2.83e-201	598
4final:k127_8279	gb|AXU66539.1|ARO:3003357|Cdif_EFTu_ELF	70.1	398	117	2	2422	1232	1	397	2.16e-191	571
4final:k127_243926	+_1	71.6	74	21	0	2471	2692	73	146	1.47e-22	100
4final:k127_243926	+_1	71.6	74	21	0	2471	2692	73	146	1.47e-22	100
4final:k127_243926	+_1	71.6	74	21	0	2471	2692	73	146	1.47e-22	100
4final:k127_243926	+_1	71.6	74	21	0	2471	2692	73	146	1.47e-22	100
4final:k127_243926	+_1	71.6	74	21	0	2471	2692	73	146	1.47e-22	100
4final:k127_243926	+_1	78.0	41	9	0	2506	2628	90	130	5.85e-11	63.5
4final:k127_243926	+_1	78.0	41	9	0	2506	2628	92	132	5.87e-11	63.5
4final:k127_243926	+_1	86.1	36	5	0	2696	2803	143	178	1.51e-09	58.9
4final:k127_243926	+_1	86.1	36	5	0	2696	2803	143	178	1.51e-09	58.9
4final:k127_243926	+_1	86.1	36	5	0	2696	2803	143	178	1.51e-09	58.9
4final:k127_243926	+_1	86.1	36	5	0	2696	2803	143	178	1.51e-09	58.9
4final:k127_243926	+_1	86.1	36	5	0	2696	2803	143	178	1.51e-09	58.9
4final:k127_113948	+_1	77.9	68	15	0	2764	2967	789	856	1.57e-22	101
4final:k127_113948	+_1	73.9	69	18	0	2761	2967	860	928	2.18e-22	101
4final:k127_113948	+_1	71.0	69	20	0	2761	2967	793	861	3.75e-20	94.0
4final:k127_290944	gb|CCA59315.1|ARO:3007208|HelR	74.1	711	182	1	370	2502	14	722	0.0	1033
4final:k127_244219	gb|NP_217974.1|ARO:3004999|Mtub_rpoA_RIF	75.1	346	77	2	1466	456	1	346	8.53e-168	509
4final:k127_291282	gb|AJP09758.1|ARO:3004681|Cdif_rpoC_VAN	77.7	368	81	1	647	1750	1	367	3.02e-204	600
4final:k127_291282	gb|CAG39569.1|ARO:3003291|Saur_rpoC_DAP	75.8	368	88	1	647	1750	1	367	7.64e-193	572
4final:k127_291282	gb|ADK17136.1|ARO:3004563|Cdif_rpoB_RIF	72.5	207	54	1	2	622	983	1186	1.08e-89	298
4final:k127_44016	-_1	75.0	80	20	0	505	266	57	136	9.20e-26	114
4final:k127_44016	-_1	71.3	80	23	0	505	266	55	134	3.25e-24	108
4final:k127_44016	+_1	78.9	57	12	0	273	443	905	961	1.32e-19	94.0
4final:k127_44016	+_1	93.5	46	3	0	274	411	844	889	2.17e-19	93.2
4final:k127_44016	+_1	84.8	46	5	1	259	390	909	954	2.27e-15	80.1
4final:k127_44016	+_1	84.1	44	7	0	274	405	831	874	3.73e-15	79.3
4final:k127_44016	+_1	84.1	44	7	0	274	405	840	883	8.44e-15	78.2
4final:k127_44016	+_1	84.1	44	7	0	274	405	864	907	8.53e-15	78.2
4final:k127_44016	+_1	76.5	51	10	1	259	405	901	951	1.96e-14	77.0
4final:k127_44016	+_1	76.1	46	11	0	274	411	849	894	1.27e-13	74.3
4final:k127_78950	gb|AAA50993.1|ARO:3003368|Ecol_EFTu_KIR	77.6	340	76	0	2	1021	54	393	6.74e-193	544
4final:k127_78950	gb|AAC76364.1|ARO:3003370|Ecol_EFTu_ENC	77.6	340	76	0	2	1021	54	393	6.74e-193	544
4final:k127_78950	gb|AAN82549.1|ARO:3003369|Ecol_EFTu_PLV	77.6	340	76	0	2	1021	69	408	1.16e-192	544
4final:k127_78950	gb|AAB39605.1|ARO:3003361|Pros_EFTu_GE2A	76.0	341	81	1	2	1021	56	396	7.05e-186	526
4final:k127_78950	gb|CAA67349.1|ARO:3003359|Scin_EFTu_ELF	75.6	340	82	1	2	1018	56	395	5.72e-185	524
4final:k127_78950	gb|AFK57679.1|ARO:3003438|Efac_EFTu_GE2A	75.1	342	84	1	2	1024	82	423	2.05e-184	524
4final:k127_78950	gb|AXU66539.1|ARO:3003357|Cdif_EFTu_ELF	73.1	342	90	2	2	1021	55	396	1.87e-178	508
4final:k127_291395	gb|AFK57679.1|ARO:3003438|Efac_EFTu_GE2A	78.3	143	31	0	556	128	29	171	8.23e-73	234
4final:k127_291395	gb|AAN82549.1|ARO:3003369|Ecol_EFTu_PLV	77.6	143	32	0	556	128	16	158	1.94e-69	225
4final:k127_291395	gb|AAA50993.1|ARO:3003368|Ecol_EFTu_KIR	76.9	143	33	0	556	128	1	143	3.58e-69	224
4final:k127_291395	gb|AAC76364.1|ARO:3003370|Ecol_EFTu_ENC	76.9	143	33	0	556	128	1	143	3.58e-69	224
4final:k127_291395	gb|CAA67349.1|ARO:3003359|Scin_EFTu_ELF	76.6	145	32	1	556	128	1	145	7.64e-69	223
4final:k127_291395	gb|AXU66539.1|ARO:3003357|Cdif_EFTu_ELF	73.5	147	32	2	556	128	1	144	1.39e-64	212
4final:k127_291395	gb|AAB39605.1|ARO:3003361|Pros_EFTu_GE2A	72.4	145	38	1	556	128	1	145	2.74e-64	211
4final:k127_210056	gb|AAB39605.1|ARO:3003361|Pros_EFTu_GE2A	76.2	269	63	1	977	1780	1	269	1.09e-138	406
4final:k127_210056	gb|CAA67349.1|ARO:3003359|Scin_EFTu_ELF	75.1	269	66	1	977	1780	1	269	1.75e-137	403
4final:k127_210056	gb|AFK57679.1|ARO:3003438|Efac_EFTu_GE2A	75.5	269	63	2	977	1780	29	295	1.68e-136	402
4final:k127_210056	gb|AAA50993.1|ARO:3003368|Ecol_EFTu_KIR	72.4	268	72	1	977	1780	1	266	3.69e-133	392
4final:k127_210056	gb|AAC76364.1|ARO:3003370|Ecol_EFTu_ENC	72.4	268	72	1	977	1780	1	266	3.69e-133	392
4final:k127_210056	gb|AAN82549.1|ARO:3003369|Ecol_EFTu_PLV	72.0	268	73	1	977	1780	16	281	2.44e-132	390
4final:k127_210056	gb|AXU66539.1|ARO:3003357|Cdif_EFTu_ELF	71.6	271	72	4	977	1780	1	269	6.66e-129	381
4final:k127_184462	gb|APB03222.1|ARO:3003992|rphB	86.7	30	4	0	3902	3813	855	884	8.99e-09	57.4
4final:k127_184462	gb|AIA08936.1|ARO:3000444|rphA	80.0	30	6	0	3902	3813	836	865	2.64e-08	55.8
4final:k127_44147	+_1	74.4	121	31	0	3256	3618	735	855	1.50e-47	182
4final:k127_44147	+_1	70.4	71	21	0	2940	3152	629	699	4.36e-21	97.4
4final:k127_44147	+_1	75.0	72	18	0	3402	3617	851	922	2.34e-20	95.1
4final:k127_44147	+_1	75.0	72	18	0	3402	3617	851	922	2.34e-20	95.1
4final:k127_44147	+_1	70.8	72	21	0	3402	3617	860	931	8.10e-19	90.1
4final:k127_44147	+_1	70.8	72	21	0	3402	3617	799	870	1.02e-18	89.7
4final:k127_19678	gb|CCA59315.1|ARO:3007208|HelR	71.0	476	136	1	2	1429	248	721	3.96e-228	644
4final:k127_104109	+_1	74.8	155	39	0	6135	5671	740	894	2.50e-63	233
4final:k127_104109	+_1	74.2	159	41	0	6144	5668	806	964	1.00e-59	223
4final:k127_256139	gb|AAA26793.1|ARO:3003748|oleC	71.2	146	42	0	4315	4752	5	150	9.10e-57	197
4final:k127_79375	gb|CAG39569.1|ARO:3003291|Saur_rpoC_DAP	70.3	74	22	0	2	223	1117	1190	1.35e-20	95.9
4final:k127_221885	+_1	80.6	31	6	0	1081	1173	712	742	8.82e-08	52.8
4final:k127_221885	+_1	80.6	31	6	0	1081	1173	712	742	8.82e-08	52.8
4final:k127_32504	gb|AAB39605.1|ARO:3003361|Pros_EFTu_GE2A	73.7	57	15	0	3	173	341	397	5.32e-19	91.3
4final:k127_32504	gb|AFK57679.1|ARO:3003438|Efac_EFTu_GE2A	70.9	55	16	0	3	167	367	421	2.19e-17	86.7
4final:k127_32504	gb|CAA67349.1|ARO:3003359|Scin_EFTu_ELF	76.4	55	13	0	3	167	341	395	2.30e-17	86.3
4final:k127_32611	gb|AAB39605.1|ARO:3003361|Pros_EFTu_GE2A	73.7	57	15	0	3	173	341	397	9.88e-20	90.9
4final:k127_32611	gb|AFK57679.1|ARO:3003438|Efac_EFTu_GE2A	70.9	55	16	0	3	167	367	421	3.03e-18	86.7
4final:k127_32611	gb|CAA67349.1|ARO:3003359|Scin_EFTu_ELF	76.4	55	13	0	3	167	341	395	3.21e-18	86.3
4final:k127_151202	+_1	84.2	57	9	0	1	171	905	961	1.07e-20	99.4
4final:k127_151202	-_1	80.0	60	12	0	182	3	74	133	1.51e-19	95.5
4final:k127_151202	+_1	78.9	57	12	0	1	171	836	892	1.73e-18	92.0
4final:k127_151202	-_1	76.7	60	14	0	182	3	72	131	1.77e-18	92.0
4final:k127_151202	-_1	72.4	58	16	0	176	3	71	128	2.94e-16	84.7
4final:k127_222338	gb|AFK57679.1|ARO:3003438|Efac_EFTu_GE2A	74.8	400	94	3	321	1517	29	422	2.64e-205	597
4final:k127_222338	gb|AAA50993.1|ARO:3003368|Ecol_EFTu_KIR	75.9	399	88	4	321	1514	1	392	1.14e-203	592
4final:k127_222338	gb|AAC76364.1|ARO:3003370|Ecol_EFTu_ENC	75.9	399	88	4	321	1514	1	392	1.14e-203	592
4final:k127_222338	gb|AAN82549.1|ARO:3003369|Ecol_EFTu_PLV	75.7	399	89	4	321	1514	16	407	7.85e-203	590
4final:k127_222338	gb|AXU66539.1|ARO:3003357|Cdif_EFTu_ELF	73.1	398	104	1	321	1514	1	395	1.10e-198	579
4final:k127_104913	+_1	75.4	57	14	0	188	18	260	316	1.19e-19	90.5
4final:k127_79927	gb|NP_216424.1|ARO:3003392|Mtub_katG_INH	70.3	374	109	2	504	1622	138	510	3.43e-191	551
4final:k127_79927	gb|NP_216424.1|ARO:3005102|Mtub_katG_PTO	70.3	374	109	2	504	1622	138	510	3.43e-191	551
4final:k127_185383	gb|AXU66539.1|ARO:3003357|Cdif_EFTu_ELF	82.1	39	7	0	119	3	1	39	2.74e-12	65.9
4final:k127_185383	gb|CAA67349.1|ARO:3003359|Scin_EFTu_ELF	86.1	36	5	0	119	12	1	36	6.43e-12	64.7
4final:k127_185383	gb|AAA50993.1|ARO:3003368|Ecol_EFTu_KIR	83.8	37	6	0	119	9	1	37	1.12e-11	63.9
4final:k127_185383	gb|AAC76364.1|ARO:3003370|Ecol_EFTu_ENC	83.8	37	6	0	119	9	1	37	1.12e-11	63.9
4final:k127_185383	gb|AAB39605.1|ARO:3003361|Pros_EFTu_GE2A	76.9	39	9	0	119	3	1	39	1.51e-11	63.5
4final:k127_185383	gb|AAN82549.1|ARO:3003369|Ecol_EFTu_PLV	81.1	37	7	0	119	9	16	52	3.70e-11	62.4
4final:k127_185383	gb|AFK57679.1|ARO:3003438|Efac_EFTu_GE2A	78.4	37	8	0	119	9	29	65	6.80e-11	61.6
4final:k127_175689	gb|YP_177995.1|ARO:3004957|Mtub_clpC1_PZA	87.9	199	20	1	10138	10722	1	199	4.82e-96	330
4final:k127_80110	gb|ABK64957.1|ARO:3007473|Mavi_gyrA_FLO	70.3	817	241	1	9030	6586	5	821	0.0	1125
4final:k127_33105	gb|AJP09758.1|ARO:3004681|Cdif_rpoC_VAN	77.8	135	30	0	4876	5280	1	135	1.65e-65	241
4final:k127_33105	gb|CAG39569.1|ARO:3003291|Saur_rpoC_DAP	77.0	135	31	0	4876	5280	1	135	2.81e-65	241
4final:k127_33105	gb|NP_215182.1|ARO:3004994|Mtub_rpoC_RIF	77.8	135	30	0	4876	5280	1	135	1.77e-64	239
4final:k127_233680	gb|YP_177995.1|ARO:3004957|Mtub_clpC1_PZA	81.1	832	147	3	2805	5273	1	831	0.0	1301
4final:k127_176037	+_1	71.4	63	18	0	384	196	335	397	4.77e-20	92.8
4final:k127_176037	+_1	75.9	54	13	0	393	232	360	413	1.61e-17	84.7
4final:k127_176037	+_1	75.9	54	13	0	393	232	361	414	2.11e-17	84.3
4final:k127_211791	gb|AAF67494.2|ARO:3002522|novA	76.3	135	32	0	1	405	465	599	3.09e-58	204
4final:k127_21098	gb|ADK17136.1|ARO:3004563|Cdif_rpoB_RIF	86.0	50	7	0	2173	2322	845	894	1.12e-17	85.5
4final:k127_21098	gb|BAD59497.1|ARO:3000501|rpoB2	86.0	50	7	0	2173	2322	779	828	2.48e-17	84.3
4final:k127_21098	gb|NP_215181.1|ARO:3003283|Mtub_rpoB_RIF	86.0	50	7	0	2173	2322	786	835	2.49e-17	84.3
4final:k127_21098	gb|CAC30845.1|ARO:3003284|Mlep_rpoB_RIF	86.0	50	7	0	2173	2322	792	841	2.50e-17	84.3
4final:k127_21098	gb|WP_041777404.1|ARO:3004480|Bado_rpoB_RIF	82.0	50	9	0	2173	2322	788	837	7.48e-17	82.8
4final:k127_21098	gb|CAB11883.2|ARO:3007073|Bsub_rpoB_RIF	84.0	50	8	0	2173	2322	832	881	2.24e-16	81.3
4final:k127_21098	gb|CAG39568.1|ARO:3003285|Saur_rpoB_RIF	82.0	50	9	0	2173	2322	831	880	3.86e-16	80.5
4final:k127_21098	gb|CAG39568.1|ARO:3003287|Saur_rpoB_DAP	82.0	50	9	0	2173	2322	831	880	3.86e-16	80.5
4final:k127_21098	gb|WP_011079201.1|ARO:3007794|Vvul_rpoB_RIF	76.0	50	12	0	2173	2322	873	922	1.07e-14	75.9
4final:k127_21098	gb|BAB38333.1|ARO:3003288|Ecol_rpoB_RIF	74.0	50	13	0	2173	2322	873	922	5.49e-14	73.6
4final:k127_234035	+_1	81.4	43	8	0	769	641	88	130	3.52e-13	69.3
4final:k127_234035	+_1	81.4	43	8	0	769	641	90	132	3.54e-13	69.3
4final:k127_234035	+_1	75.6	41	10	0	769	647	89	129	3.33e-12	66.2
4final:k127_234035	+_1	71.8	39	11	0	378	262	226	264	1.53e-09	57.8
4final:k127_129536	+_1	72.7	77	21	0	790	1020	747	823	9.36e-25	106
4final:k127_200397	gb|CAG39573.1|ARO:3003735|Saur_fusA_FA	81.9	72	13	0	4487	4702	1	72	3.96e-30	126
4final:k127_21559	gb|AAA50993.1|ARO:3003368|Ecol_EFTu_KIR	72.6	296	81	0	1616	729	97	392	1.54e-150	434
4final:k127_21559	gb|AAC76364.1|ARO:3003370|Ecol_EFTu_ENC	72.6	296	81	0	1616	729	97	392	1.54e-150	434
4final:k127_21559	gb|AFK57679.1|ARO:3003438|Efac_EFTu_GE2A	71.0	297	85	1	1616	729	125	421	2.07e-150	435
4final:k127_21559	gb|AAN82549.1|ARO:3003369|Ecol_EFTu_PLV	72.6	296	81	0	1616	729	112	407	2.57e-150	434
4final:k127_21559	gb|AAB39605.1|ARO:3003361|Pros_EFTu_GE2A	70.9	299	86	1	1616	723	99	397	8.95e-148	427
4final:k127_293207	+_1	85.7	140	20	0	1795	1376	334	473	5.74e-73	240
4final:k127_293207	+_1	85.7	140	20	0	1795	1376	334	473	5.74e-73	240
4final:k127_293207	+_1	85.7	140	20	0	1795	1376	334	473	5.74e-73	240
4final:k127_293207	+_1	85.7	140	20	0	1795	1376	334	473	5.74e-73	240
4final:k127_293207	+_1	85.7	140	20	0	1795	1376	334	473	5.74e-73	240
4final:k127_293207	+_1	79.6	142	29	0	1795	1370	337	478	2.21e-67	225
4final:k127_293207	+_1	82.3	124	22	0	1752	1381	357	480	4.82e-59	203
4final:k127_293207	+_1	82.3	124	22	0	1752	1381	357	480	4.82e-59	203
4final:k127_293207	+_1	82.3	124	22	0	1752	1381	357	480	4.82e-59	203
4final:k127_293207	+_1	82.3	124	22	0	1752	1381	357	480	4.82e-59	203
4final:k127_293207	+_1	82.3	124	22	0	1752	1381	357	480	4.82e-59	203
4final:k127_293207	+_1	82.3	124	22	0	1752	1381	357	480	4.82e-59	203
4final:k127_293207	+_1	82.3	124	22	0	1752	1381	357	480	4.82e-59	203
4final:k127_293207	+_1	90.7	54	5	0	1542	1381	410	463	2.26e-22	98.2
4final:k127_293207	+_1	80.5	41	8	0	890	768	3	43	2.31e-16	80.5
4final:k127_293207	+_1	78.0	41	9	0	890	768	2	42	1.21e-15	78.2
4final:k127_293207	+_1	78.0	41	9	0	890	768	2	42	1.21e-15	78.2
4final:k127_152729	gb|NP_215196.1|ARO:3003395|Mtub_rpsL_STR	77.4	124	28	0	1589	1218	1	124	8.96e-57	190
4final:k127_141531	gb|NP_216424.1|ARO:3003392|Mtub_katG_INH	72.7	256	69	1	1209	1976	35	289	2.27e-133	407
4final:k127_141531	gb|NP_216424.1|ARO:3005102|Mtub_katG_PTO	72.7	256	69	1	1209	1976	35	289	2.27e-133	407
4final:k127_283459	gb|AAB39605.1|ARO:3003361|Pros_EFTu_GE2A	74.4	43	11	0	376	248	355	397	4.30e-13	68.6
4final:k127_283459	gb|AFK57679.1|ARO:3003438|Efac_EFTu_GE2A	73.2	41	11	0	376	254	381	421	3.50e-12	65.9
4final:k127_11327	gb|AEZ36150.1|ARO:3000448|QepA1	75.0	36	9	0	23909	24016	13	48	6.36e-08	57.0
4final:k127_11327	gb|ACF70723.1|ARO:3004103|QepA2	75.0	36	9	0	23909	24016	13	48	6.36e-08	57.0
4final:k127_11327	gb|AQX36338.1|ARO:3004379|QepA4	75.0	36	9	0	23909	24016	13	48	6.36e-08	57.0
4final:k127_141705	gb|AHA41504.1|ARO:3002941|vanS_in_vanO_cl	70.1	137	41	0	2530	2120	205	341	7.11e-54	188
4final:k127_116882	gb|AAB39605.1|ARO:3003361|Pros_EFTu_GE2A	72.5	397	107	1	1526	2710	1	397	6.92e-194	593
4final:k127_116882	gb|AAN82549.1|ARO:3003369|Ecol_EFTu_PLV	72.1	394	109	1	1526	2707	16	408	1.78e-191	587
4final:k127_116882	gb|AAA50993.1|ARO:3003368|Ecol_EFTu_KIR	71.8	394	110	1	1526	2707	1	393	2.68e-191	586
4final:k127_116882	gb|AAC76364.1|ARO:3003370|Ecol_EFTu_ENC	71.8	394	110	1	1526	2707	1	393	2.68e-191	586
4final:k127_116882	gb|CAA67349.1|ARO:3003359|Scin_EFTu_ELF	72.0	397	109	1	1526	2710	1	397	2.99e-191	586
4final:k127_116882	gb|AFK57679.1|ARO:3003438|Efac_EFTu_GE2A	71.2	393	113	0	1526	2704	29	421	7.17e-190	583
4final:k127_141779	gb|AAN82549.1|ARO:3003369|Ecol_EFTu_PLV	79.8	119	24	0	2111	2467	12	130	6.03e-58	201
4final:k127_141779	gb|AFK57679.1|ARO:3003438|Efac_EFTu_GE2A	78.0	123	25	1	2099	2467	23	143	8.53e-58	201
4final:k127_141779	gb|AAA50993.1|ARO:3003368|Ecol_EFTu_KIR	82.6	115	20	0	2123	2467	1	115	1.48e-57	199
4final:k127_141779	gb|AAC76364.1|ARO:3003370|Ecol_EFTu_ENC	82.6	115	20	0	2123	2467	1	115	1.48e-57	199
4final:k127_141779	gb|CAA67349.1|ARO:3003359|Scin_EFTu_ELF	79.5	117	22	1	2123	2467	1	117	6.86e-55	192
4final:k127_141779	gb|AAB39605.1|ARO:3003361|Pros_EFTu_GE2A	79.5	117	22	1	2123	2467	1	117	1.30e-54	191
4final:k127_141779	gb|AXU66539.1|ARO:3003357|Cdif_EFTu_ELF	76.7	116	26	1	2123	2467	1	116	7.98e-53	186
4final:k127_224183	+_1	80.5	41	8	0	9822	9944	95	135	3.16e-13	72.8
4final:k127_224183	+_1	80.5	41	8	0	9822	9944	95	135	3.16e-13	72.8
4final:k127_224183	+_1	80.5	41	8	0	9822	9944	95	135	3.16e-13	72.8
4final:k127_224183	+_1	80.5	41	8	0	9822	9944	95	135	3.16e-13	72.8
4final:k127_224183	+_1	80.5	41	8	0	9822	9944	95	135	3.16e-13	72.8
4final:k127_224183	+_1	80.5	41	8	0	9822	9944	95	135	3.16e-13	72.8
4final:k127_224183	+_1	80.5	41	8	0	9822	9944	95	135	3.16e-13	72.8
4final:k127_224183	+_1	80.5	41	8	0	9822	9944	95	135	3.16e-13	72.8
4final:k127_224183	+_1	80.5	41	8	0	9822	9944	95	135	3.16e-13	72.8
4final:k127_224183	+_1	80.5	41	8	0	9822	9944	95	135	3.16e-13	72.8
4final:k127_224183	+_1	80.5	41	8	0	9822	9944	95	135	3.16e-13	72.8
4final:k127_224183	+_1	80.5	41	8	0	9822	9944	95	135	3.16e-13	72.8
4final:k127_224183	+_1	80.5	41	8	0	9822	9944	95	135	3.16e-13	72.8
4final:k127_224183	+_1	80.5	41	8	0	9822	9944	95	135	3.16e-13	72.8
4final:k127_224183	+_1	80.5	41	8	0	9822	9944	95	135	3.16e-13	72.8
4final:k127_224183	+_1	80.0	40	8	0	9825	9944	93	132	2.75e-12	69.7
4final:k127_224183	+_1	80.0	40	8	0	9825	9944	91	130	2.79e-12	69.7
4final:k127_224183	+_1	80.0	40	8	0	9825	9944	91	130	2.79e-12	69.7
4final:k127_224183	+_1	80.0	40	8	0	9825	9944	91	130	2.79e-12	69.7
4final:k127_224183	+_1	80.0	40	8	0	9825	9944	91	130	2.79e-12	69.7
4final:k127_224183	+_1	80.0	40	8	0	9825	9944	91	130	2.79e-12	69.7
4final:k127_224183	+_1	80.0	40	8	0	9825	9944	96	135	2.85e-12	69.7
4final:k127_224183	+_1	80.0	40	8	0	9825	9944	96	135	2.85e-12	69.7
4final:k127_224183	+_1	80.0	40	8	0	9825	9944	96	135	2.85e-12	69.7
4final:k127_224183	+_1	80.0	40	8	0	9825	9944	96	135	2.85e-12	69.7
4final:k127_224183	+_1	79.1	43	9	0	9800	9928	89	131	2.00e-11	67.0
4final:k127_224183	+_1	74.4	39	10	0	9806	9922	78	116	5.04e-10	62.4
4final:k127_224183	+_1	74.4	39	10	0	9806	9922	78	116	5.04e-10	62.4
4final:k127_224183	+_1	74.4	39	10	0	9806	9922	78	116	5.04e-10	62.4
4final:k127_224183	+_1	74.4	39	10	0	9806	9922	78	116	5.04e-10	62.4
4final:k127_224183	+_1	74.4	39	10	0	9806	9922	78	116	5.04e-10	62.4
4final:k127_224183	+_1	74.4	39	10	0	9806	9922	76	114	5.09e-10	62.4
4final:k127_224183	+_1	75.6	41	10	0	9800	9922	90	130	9.43e-10	61.6
4final:k127_293622	gb|NP_216146.1|ARO:3004721|Mtub_rpsA_PZA	75.6	480	108	3	6162	7601	9	479	1.07e-221	676
4final:k127_58864	+_1	71.2	59	17	0	476	300	702	760	1.50e-16	81.6
4final:k127_58864	+_1	71.2	59	17	0	476	300	700	758	1.51e-16	81.6
4final:k127_58864	+_1	71.2	59	17	0	476	300	706	764	1.51e-16	81.6
4final:k127_58864	+_1	78.9	38	8	0	125	12	750	787	1.44e-11	65.5
4final:k127_58864	+_1	75.6	41	10	0	125	3	753	793	1.45e-11	65.5
4final:k127_58864	+_1	73.7	38	10	0	125	12	753	790	4.40e-09	57.4
4final:k127_58864	+_1	72.3	47	13	0	145	5	771	817	5.27e-08	53.9
4final:k127_258436	gb|AFK57679.1|ARO:3003438|Efac_EFTu_GE2A	75.0	44	11	0	140	9	25	68	1.99e-13	75.5
4final:k127_258436	gb|AAB39605.1|ARO:3003361|Pros_EFTu_GE2A	76.2	42	10	0	128	3	1	42	1.62e-12	72.4
4final:k127_258436	gb|AAA50993.1|ARO:3003368|Ecol_EFTu_KIR	81.6	38	7	0	128	15	1	38	2.81e-12	71.6
4final:k127_258436	gb|AAC76364.1|ARO:3003370|Ecol_EFTu_ENC	81.6	38	7	0	128	15	1	38	2.81e-12	71.6
4final:k127_258436	gb|CAA67349.1|ARO:3003359|Scin_EFTu_ELF	83.3	36	6	0	128	21	1	36	6.69e-12	70.5
4final:k127_258436	gb|AXU66539.1|ARO:3003357|Cdif_EFTu_ELF	77.8	36	8	0	128	21	1	36	4.84e-11	67.8
4final:k127_235176	gb|AAA50993.1|ARO:3003368|Ecol_EFTu_KIR	76.4	394	91	1	1730	2911	1	392	2.29e-212	608
4final:k127_235176	gb|AAC76364.1|ARO:3003370|Ecol_EFTu_ENC	76.4	394	91	1	1730	2911	1	392	2.29e-212	608
4final:k127_235176	gb|AAN82549.1|ARO:3003369|Ecol_EFTu_PLV	76.1	394	92	1	1730	2911	16	407	1.59e-211	607
4final:k127_235176	gb|CAA67349.1|ARO:3003359|Scin_EFTu_ELF	74.8	397	99	1	1730	2917	1	397	4.19e-208	598
4final:k127_235176	gb|AAB39605.1|ARO:3003361|Pros_EFTu_GE2A	75.8	397	95	1	1730	2917	1	397	1.18e-207	597
4final:k127_235176	gb|AFK57679.1|ARO:3003438|Efac_EFTu_GE2A	75.1	397	96	2	1727	2914	28	422	3.05e-207	597
4final:k127_235176	gb|AXU66539.1|ARO:3003357|Cdif_EFTu_ELF	72.2	396	107	3	1730	2911	1	395	1.78e-195	565
4final:k127_247177	gb|AER05434.1|ARO:3003974|Cacn_gyrA_FLO	74.7	91	23	0	273	1	26	116	5.19e-39	155
4final:k127_247177	gb|CAC29514.1|ARO:3003298|Mlep_gyrA_FLO	70.6	102	30	0	306	1	5	106	3.64e-37	150
4final:k127_117650	gb|CAG39568.1|ARO:3003285|Saur_rpoB_RIF	75.5	49	12	0	1639	1493	795	843	5.52e-15	76.3
4final:k127_117650	gb|CAG39568.1|ARO:3003287|Saur_rpoB_DAP	75.5	49	12	0	1639	1493	795	843	5.52e-15	76.3
4final:k127_117650	gb|CAB11883.2|ARO:3007073|Bsub_rpoB_RIF	73.5	49	13	0	1639	1493	796	844	6.56e-14	72.8
4final:k127_82379	gb|NP_214520.1|ARO:3003295|Mtub_gyrA_FLO	71.4	133	38	0	401	3	14	146	1.56e-53	200
4final:k127_82379	gb|AAC75291.1|ARO:3003294|Ecol_gyrA_FLO	72.7	132	36	0	398	3	8	139	1.20e-52	197
4final:k127_82379	gb|AAN43827.1|ARO:3003940|Sfle_gyrA_FLO	72.7	132	36	0	398	3	8	139	1.20e-52	197
4final:k127_82379	gb|AAC75291.1|ARO:3004335|Ecol_gyrA_TRC	72.7	132	36	0	398	3	8	139	1.20e-52	197
4final:k127_82379	gb|AAL21173.1|ARO:3003926|Sent_gyrA_FLO	72.7	132	36	0	398	3	8	139	1.23e-52	197
4final:k127_82379	gb|AAL21173.1|ARO:3004334|Sent_gyrA_TRC	72.7	132	36	0	398	3	8	139	1.23e-52	197
4final:k127_82379	gb|WP_001281271.1|ARO:3007751|Sisa_gyrA_FLO	72.7	132	36	0	398	3	8	139	1.23e-52	197
4final:k127_82379	gb|AJY14066.1|ARO:3004860|Bdol_gyrA_FLO	74.6	130	33	0	392	3	10	139	2.00e-52	197
4final:k127_82379	gb|AAG06556.1|ARO:3003684|Paer_gyrA_FLO	71.2	132	38	0	398	3	8	139	4.01e-52	196
4final:k127_82379	gb|AAW89357.1|ARO:3003928|Ngon_gyrA_FLO	70.0	130	39	0	392	3	18	147	6.04e-49	186
4final:k127_82379	gb|CAC29514.1|ARO:3003298|Mlep_gyrA_FLO	71.6	116	33	0	401	54	15	130	5.51e-46	178
4final:k127_247947	+_1	74.1	54	14	0	4826	4987	360	413	3.94e-16	82.0
4final:k127_247947	+_1	74.1	54	14	0	4826	4987	361	414	5.17e-16	81.6
4final:k127_271521	gb|CAG39573.1|ARO:3003735|Saur_fusA_FA	74.8	107	27	0	2546	2226	51	157	2.41e-44	168
4final:k127_247993	gb|NP_216424.1|ARO:3003392|Mtub_katG_INH	71.6	742	207	4	5169	7391	1	739	0.0	1106
4final:k127_247993	gb|NP_216424.1|ARO:3005102|Mtub_katG_PTO	71.6	742	207	4	5169	7391	1	739	0.0	1106
4final:k127_295045	gb|AAB39605.1|ARO:3003361|Pros_EFTu_GE2A	83.1	77	13	0	121	351	321	397	5.12e-35	136
4final:k127_295045	gb|CAA67349.1|ARO:3003359|Scin_EFTu_ELF	80.5	77	15	0	121	351	321	397	1.88e-33	132
4final:k127_295045	gb|AAA50993.1|ARO:3003368|Ecol_EFTu_KIR	76.3	76	18	0	121	348	318	393	4.23e-30	122
4final:k127_295045	gb|AAC76364.1|ARO:3003370|Ecol_EFTu_ENC	76.3	76	18	0	121	348	318	393	4.23e-30	122
4final:k127_295045	gb|AAN82549.1|ARO:3003369|Ecol_EFTu_PLV	76.3	76	18	0	121	348	333	408	5.44e-30	122
4final:k127_295045	gb|AFK57679.1|ARO:3003438|Efac_EFTu_GE2A	76.0	75	18	0	121	345	347	421	1.23e-29	121
4final:k127_295095	+_1	89.5	57	6	0	1501	1331	410	466	1.44e-25	107
4final:k127_295095	+_1	90.9	55	5	0	1501	1337	427	481	5.92e-24	102
4final:k127_295095	+_1	90.9	55	5	0	1501	1337	427	481	5.92e-24	102
4final:k127_295095	+_1	90.9	55	5	0	1501	1337	427	481	5.92e-24	102
4final:k127_295095	+_1	90.9	55	5	0	1501	1337	427	481	5.92e-24	102
4final:k127_295095	+_1	90.9	55	5	0	1501	1337	427	481	5.92e-24	102
4final:k127_295095	+_1	90.9	55	5	0	1501	1337	427	481	5.92e-24	102
4final:k127_295095	+_1	90.9	55	5	0	1501	1337	427	481	5.92e-24	102
4final:k127_295095	+_1	94.7	38	2	0	1443	1330	443	480	1.36e-15	76.6
4final:k127_295095	+_1	94.7	38	2	0	1443	1330	443	480	1.36e-15	76.6
4final:k127_295095	+_1	94.7	38	2	0	1443	1330	443	480	1.36e-15	76.6
4final:k127_295095	+_1	94.7	38	2	0	1443	1330	443	480	1.36e-15	76.6
4final:k127_295095	+_1	94.3	35	2	0	1443	1339	431	465	1.18e-13	70.5
4final:k127_295095	+_1	94.3	35	2	0	1443	1339	431	465	1.18e-13	70.5
4final:k127_295095	+_1	94.3	35	2	0	1443	1339	431	465	1.18e-13	70.5
4final:k127_295095	+_1	94.3	35	2	0	1443	1339	431	465	1.18e-13	70.5
4final:k127_295095	+_1	94.3	35	2	0	1443	1339	431	465	1.18e-13	70.5
4final:k127_295095	-_1	90.9	33	3	0	1241	1339	1	33	3.69e-12	65.9
4final:k127_295095	-_1	90.9	33	3	0	1241	1339	1	33	3.69e-12	65.9
4final:k127_295095	-_1	90.9	33	3	0	1241	1339	1	33	3.69e-12	65.9
4final:k127_295095	-_1	90.9	33	3	0	1241	1339	1	33	3.69e-12	65.9
5final:k127_358134	+_1	86.4	88	12	0	11443	11180	874	961	5.77e-39	157
5final:k127_358134	+_1	82.1	95	17	0	11394	11110	901	995	4.01e-38	155
5final:k127_358134	+_1	80.9	94	18	0	11391	11110	830	923	1.75e-37	152
5final:k127_358134	+_1	78.9	95	20	0	11394	11110	893	987	7.01e-36	147
5final:k127_358134	-_1	79.8	94	19	0	11163	11444	70	163	1.12e-35	147
5final:k127_358134	+_1	80.7	88	17	0	11443	11180	805	892	7.12e-35	144
5final:k127_358134	-_1	79.8	94	19	0	11163	11444	72	165	7.13e-35	144
5final:k127_358134	-_1	74.2	97	25	0	11154	11444	62	158	3.79e-32	135
5final:k127_358134	+_1	72.8	92	25	0	11394	11119	849	940	6.88e-32	134
5final:k127_358134	-_1	74.5	94	24	0	11163	11444	67	160	1.00e-30	130
5final:k127_358134	+_1	72.1	86	24	0	11388	11131	836	921	4.04e-30	129
5final:k127_358134	+_1	70.5	95	28	0	11394	11110	825	919	5.21e-30	128
5final:k127_358134	+_1	70.5	88	26	0	11394	11131	816	903	1.81e-26	117
5final:k127_358134	-_1	75.8	62	15	0	11259	11444	395	456	1.79e-17	87.8
5final:k127_358134	+_1	72.5	40	11	0	11410	11291	816	855	4.11e-10	63.5
5final:k127_34318	+_1	75.4	126	31	0	3102	3479	852	977	1.74e-48	188
5final:k127_34318	+_1	72.0	125	35	0	3105	3479	789	913	9.55e-45	176
5final:k127_34318	+_1	72.6	117	32	0	3104	3454	850	966	3.87e-42	168
5final:k127_290	gb|NP_215196.1|ARO:3003395|Mtub_rpsL_STR	79.1	91	19	0	274	2	1	91	1.44e-41	144
5final:k127_34699	gb|AAA50993.1|ARO:3003368|Ecol_EFTu_KIR	77.3	343	78	0	4	1032	50	392	1.43e-193	552
5final:k127_34699	gb|AAC76364.1|ARO:3003370|Ecol_EFTu_ENC	77.3	343	78	0	4	1032	50	392	1.43e-193	552
5final:k127_34699	gb|AAN82549.1|ARO:3003369|Ecol_EFTu_PLV	77.3	343	78	0	4	1032	65	407	2.45e-193	552
5final:k127_34699	gb|AFK57679.1|ARO:3003438|Efac_EFTu_GE2A	76.7	344	79	1	4	1032	78	421	1.11e-187	538
5final:k127_34699	gb|AAB39605.1|ARO:3003361|Pros_EFTu_GE2A	76.3	346	81	1	4	1038	52	397	1.24e-187	537
5final:k127_34699	gb|CAA67349.1|ARO:3003359|Scin_EFTu_ELF	74.3	346	88	1	4	1038	52	397	1.47e-183	527
5final:k127_34699	gb|AXU66539.1|ARO:3003357|Cdif_EFTu_ELF	71.5	347	95	3	1	1032	50	395	2.57e-176	508
5final:k127_239625	gb|AHA41505.1|ARO:3002930|vanR_in_vanO_cl	90.6	117	11	0	1749	1399	3	119	7.79e-63	208
5final:k127_239625	gb|CAG39573.1|ARO:3003735|Saur_fusA_FA	83.2	95	16	0	1126	1410	1	95	1.16e-43	166
5final:k127_171409	gb|NP_215196.1|ARO:3003395|Mtub_rpsL_STR	77.2	123	28	0	537	905	1	123	2.11e-58	188
5final:k127_171409	gb|CAG39573.1|ARO:3003735|Saur_fusA_FA	82.2	90	16	0	1452	1721	1	90	8.15e-42	157
5final:k127_324890	gb|ABC24999.1|ARO:3007476|Mabs_atpE_BDQ	70.8	65	19	0	17398	17592	6	70	7.50e-19	82.4
5final:k127_324890	gb|NP_215821.1|ARO:3007854|Mtub_atpE_BDQ	70.8	65	19	0	17398	17592	5	69	1.80e-18	81.3
5final:k127_1125	gb|AFK57679.1|ARO:3003438|Efac_EFTu_GE2A	87.5	40	5	0	128	9	29	68	1.36e-15	77.0
5final:k127_1125	gb|AAN82549.1|ARO:3003369|Ecol_EFTu_PLV	78.6	42	9	0	140	15	12	53	3.86e-14	72.4
5final:k127_1125	gb|AAA50993.1|ARO:3003368|Ecol_EFTu_KIR	84.2	38	6	0	128	15	1	38	6.29e-14	71.6
5final:k127_1125	gb|AAC76364.1|ARO:3003370|Ecol_EFTu_ENC	84.2	38	6	0	128	15	1	38	6.29e-14	71.6
5final:k127_1125	gb|AAB39605.1|ARO:3003361|Pros_EFTu_GE2A	78.0	41	9	0	128	6	1	41	1.50e-13	70.5
5final:k127_1125	gb|CAA67349.1|ARO:3003359|Scin_EFTu_ELF	86.1	36	5	0	128	21	1	36	1.50e-13	70.5
5final:k127_1125	gb|AXU66539.1|ARO:3003357|Cdif_EFTu_ELF	80.6	36	7	0	128	21	1	36	1.10e-12	67.8
5final:k127_205632	gb|NP_217974.1|ARO:3004999|Mtub_rpoA_RIF	74.0	338	79	2	84	1070	9	346	8.23e-172	486
5final:k127_1215	gb|AAN82549.1|ARO:3003369|Ecol_EFTu_PLV	81.0	42	8	0	140	15	12	53	1.15e-14	75.1
5final:k127_1215	gb|AFK57679.1|ARO:3003438|Efac_EFTu_GE2A	85.0	40	6	0	128	9	29	68	1.25e-14	75.1
5final:k127_1215	gb|AAA50993.1|ARO:3003368|Ecol_EFTu_KIR	81.6	38	7	0	128	15	1	38	5.61e-13	69.7
5final:k127_1215	gb|AAC76364.1|ARO:3003370|Ecol_EFTu_ENC	81.6	38	7	0	128	15	1	38	5.61e-13	69.7
5final:k127_1215	gb|AAB39605.1|ARO:3003361|Pros_EFTu_GE2A	75.6	41	10	0	128	6	1	41	1.34e-12	68.6
5final:k127_1215	gb|CAA67349.1|ARO:3003359|Scin_EFTu_ELF	83.3	36	6	0	128	21	1	36	1.34e-12	68.6
5final:k127_1215	gb|AXU66539.1|ARO:3003357|Cdif_EFTu_ELF	77.8	36	8	0	128	21	1	36	9.68e-12	65.9
5final:k127_188720	+_1	72.2	97	27	0	9141	9431	132	228	1.58e-34	139
5final:k127_274045	gb|AAN82549.1|ARO:3003369|Ecol_EFTu_PLV	78.0	381	83	1	415	1557	13	392	5.35e-219	608
5final:k127_274045	gb|AAA50993.1|ARO:3003368|Ecol_EFTu_KIR	78.0	378	82	1	424	1557	1	377	3.58e-218	605
5final:k127_274045	gb|AAC76364.1|ARO:3003370|Ecol_EFTu_ENC	78.0	378	82	1	424	1557	1	377	3.58e-218	605
5final:k127_274045	gb|AFK57679.1|ARO:3003438|Efac_EFTu_GE2A	74.7	380	94	2	421	1557	28	406	1.01e-210	588
5final:k127_274045	gb|AXU66539.1|ARO:3003357|Cdif_EFTu_ELF	73.2	380	100	2	424	1557	1	380	4.40e-203	567
5final:k127_274045	gb|AAB39605.1|ARO:3003361|Pros_EFTu_GE2A	72.6	380	102	2	424	1557	1	380	2.53e-202	565
5final:k127_35297	gb|BAA11086.1|ARO:3003314|Saur_parE_AMU	71.2	59	17	0	1949	2125	2	60	3.37e-21	95.9
5final:k127_35297	gb|CAG40364.1|ARO:3003315|Saur_parE_FLO	71.2	59	17	0	1949	2125	4	62	3.38e-21	95.9
5final:k127_35297	gb|ADK13120.1|ARO:3004562|Cdif_gyrB_FLO	70.4	54	16	0	1964	2125	9	62	6.40e-19	88.6
5final:k127_35297	gb|NP_214519.2|ARO:3003459|Mtub_gyrB_FLO	73.2	56	15	0	1958	2125	10	65	2.09e-18	87.0
5final:k127_35297	gb|CAC29513.1|ARO:3003304|Mlep_gyrB_FLO	71.4	56	16	0	1958	2125	9	64	6.37e-18	85.5
5final:k127_410757	gb|NP_215182.1|ARO:3004994|Mtub_rpoC_RIF	72.3	155	43	0	1132	668	1	155	8.96e-73	257
5final:k127_410757	gb|AJP09758.1|ARO:3004681|Cdif_rpoC_VAN	77.9	136	30	0	1132	725	1	136	1.71e-69	246
5final:k127_410757	gb|CAG39569.1|ARO:3003291|Saur_rpoC_DAP	77.9	136	30	0	1132	725	1	136	2.82e-69	246
5final:k127_308193	+_1	70.7	41	12	0	406	528	352	392	1.91e-08	54.7
5final:k127_52565	gb|NP_215181.1|ARO:3003283|Mtub_rpoB_RIF	74.7	483	114	4	1442	3	20	497	1.62e-250	717
5final:k127_52565	gb|CAC30845.1|ARO:3003284|Mlep_rpoB_RIF	74.9	474	111	3	1415	3	35	503	2.22e-246	707
5final:k127_120802	gb|AFK57679.1|ARO:3003438|Efac_EFTu_GE2A	75.1	393	97	1	5341	4166	29	421	1.58e-198	610
5final:k127_120802	gb|AAN82549.1|ARO:3003369|Ecol_EFTu_PLV	74.6	393	100	0	5344	4166	15	407	6.37e-196	602
5final:k127_120802	gb|AAA50993.1|ARO:3003368|Ecol_EFTu_KIR	74.5	392	100	0	5341	4166	1	392	1.27e-195	600
5final:k127_120802	gb|AAC76364.1|ARO:3003370|Ecol_EFTu_ENC	74.5	392	100	0	5341	4166	1	392	1.27e-195	600
5final:k127_120802	gb|AAB39605.1|ARO:3003361|Pros_EFTu_GE2A	73.3	397	103	2	5341	4160	1	397	2.40e-192	591
5final:k127_120802	gb|CAA67349.1|ARO:3003359|Scin_EFTu_ELF	73.0	397	104	2	5341	4160	1	397	1.54e-191	589
5final:k127_120802	gb|AXU66539.1|ARO:3003357|Cdif_EFTu_ELF	71.7	396	107	4	5341	4166	1	395	2.68e-186	574
5final:k127_120802	gb|NP_215196.1|ARO:3003395|Mtub_rpsL_STR	78.9	123	26	0	8361	7993	1	123	3.59e-57	192
5final:k127_359613	+_1	79.5	73	15	0	294	76	861	933	5.96e-27	117
5final:k127_359613	+_1	74.0	73	19	0	294	76	853	925	4.02e-24	108
5final:k127_359613	-_1	73.0	74	20	0	75	296	114	187	2.29e-22	102
5final:k127_359613	+_1	71.2	73	21	0	294	76	794	866	1.52e-21	99.8
5final:k127_359613	-_1	71.6	74	21	0	75	296	111	184	2.26e-20	95.9
5final:k127_359613	+_1	77.6	49	11	0	4467	4321	285	333	6.05e-16	80.5
5final:k127_359613	+_1	77.6	49	11	0	4467	4321	285	333	6.05e-16	80.5
5final:k127_359613	+_1	77.6	49	11	0	4467	4321	285	333	6.05e-16	80.5
5final:k127_359613	+_1	77.6	49	11	0	4467	4321	285	333	6.05e-16	80.5
5final:k127_359613	+_1	70.6	51	15	0	227	75	819	869	2.70e-11	66.2
5final:k127_359613	+_1	70.0	40	12	0	419	300	743	782	1.37e-10	63.9
5final:k127_359613	+_1	70.2	47	14	0	215	75	808	854	4.02e-08	55.8
5final:k127_291488	gb|AAA50993.1|ARO:3003368|Ecol_EFTu_KIR	77.8	338	75	0	3	1016	55	392	3.58e-173	536
5final:k127_291488	gb|AAC76364.1|ARO:3003370|Ecol_EFTu_ENC	77.8	338	75	0	3	1016	55	392	3.58e-173	536
5final:k127_291488	gb|AAN82549.1|ARO:3003369|Ecol_EFTu_PLV	77.8	338	75	0	3	1016	70	407	6.13e-173	536
5final:k127_291488	gb|AFK57679.1|ARO:3003438|Efac_EFTu_GE2A	76.5	340	79	1	3	1019	83	422	7.65e-171	531
5final:k127_291488	gb|CAA67349.1|ARO:3003359|Scin_EFTu_ELF	75.7	341	82	1	3	1022	57	397	4.23e-169	525
5final:k127_291488	gb|AAB39605.1|ARO:3003361|Pros_EFTu_GE2A	76.5	341	79	1	3	1022	57	397	5.76e-169	524
5final:k127_291488	gb|AXU66539.1|ARO:3003357|Cdif_EFTu_ELF	72.1	340	93	2	3	1016	56	395	7.67e-160	498
5final:k127_376693	gb|AFK57679.1|ARO:3003438|Efac_EFTu_GE2A	74.4	395	100	1	790	1971	28	422	9.48e-215	605
5final:k127_376693	gb|AAA50993.1|ARO:3003368|Ecol_EFTu_KIR	74.0	392	102	0	793	1968	1	392	3.53e-212	597
5final:k127_376693	gb|AAC76364.1|ARO:3003370|Ecol_EFTu_ENC	74.0	392	102	0	793	1968	1	392	3.53e-212	597
5final:k127_376693	gb|AAN82549.1|ARO:3003369|Ecol_EFTu_PLV	73.7	392	103	0	793	1968	16	407	2.47e-211	595
5final:k127_376693	gb|AAB39605.1|ARO:3003361|Pros_EFTu_GE2A	72.4	395	106	2	793	1968	1	395	3.93e-202	572
5final:k127_376693	gb|CAA67349.1|ARO:3003359|Scin_EFTu_ELF	71.3	397	111	2	793	1974	1	397	2.58e-200	567
5final:k127_325733	-_1	70.2	84	25	0	1559	1810	48	131	1.01e-25	110
5final:k127_325733	+_1	71.9	32	9	0	1660	1565	960	991	8.91e-08	52.8
5final:k127_291728	gb|CAC30845.1|ARO:3003284|Mlep_rpoB_RIF	77.6	361	77	3	3	1076	818	1177	4.42e-184	556
5final:k127_291728	gb|NP_215181.1|ARO:3003283|Mtub_rpoB_RIF	77.3	361	78	3	3	1076	812	1171	8.18e-183	552
5final:k127_291728	gb|BAD59497.1|ARO:3000501|rpoB2	75.5	359	84	4	3	1076	805	1160	1.91e-177	538
5final:k127_291728	gb|WP_041777404.1|ARO:3004480|Bado_rpoB_RIF	71.4	364	96	3	3	1073	814	1176	1.07e-170	521
5final:k127_291728	gb|NP_215182.1|ARO:3004994|Mtub_rpoC_RIF	71.9	335	94	0	1113	2117	1	335	3.96e-156	486
5final:k127_206743	gb|NP_215196.1|ARO:3003395|Mtub_rpsL_STR	88.6	123	14	0	2605	2237	1	123	1.49e-66	216
5final:k127_360251	gb|AAA50993.1|ARO:3003368|Ecol_EFTu_KIR	76.8	241	56	0	1	723	153	393	3.42e-122	388
5final:k127_360251	gb|AAC76364.1|ARO:3003370|Ecol_EFTu_ENC	76.8	241	56	0	1	723	153	393	3.42e-122	388
5final:k127_360251	gb|AAN82549.1|ARO:3003369|Ecol_EFTu_PLV	76.8	241	56	0	1	723	168	408	5.66e-122	388
5final:k127_360251	gb|AFK57679.1|ARO:3003438|Efac_EFTu_GE2A	76.3	241	56	1	1	720	181	421	1.03e-119	382
5final:k127_360251	gb|AXU66539.1|ARO:3003357|Cdif_EFTu_ELF	70.1	244	71	2	1	726	154	397	5.75e-108	348
5final:k127_87457	+_1	80.0	60	11	1	1133	954	322	380	1.06e-19	92.4
5final:k127_87457	+_1	80.0	60	11	1	1133	954	322	380	1.06e-19	92.4
5final:k127_87457	+_1	80.0	60	11	1	1133	954	322	380	1.06e-19	92.4
5final:k127_87457	+_1	80.0	60	11	1	1133	954	322	380	1.06e-19	92.4
5final:k127_87457	+_1	80.0	60	11	1	1133	954	322	380	1.06e-19	92.4
5final:k127_87457	+_1	71.0	69	19	1	1133	927	326	393	3.71e-18	87.4
5final:k127_87457	+_1	71.7	46	12	1	1091	954	347	391	2.14e-09	58.9
5final:k127_53459	gb|NP_216424.1|ARO:3003392|Mtub_katG_INH	71.2	469	130	2	614	2008	20	487	1.20e-250	707
5final:k127_53459	gb|NP_216424.1|ARO:3005102|Mtub_katG_PTO	71.2	469	130	2	614	2008	20	487	1.20e-250	707
5final:k127_292396	gb|AHA41505.1|ARO:3002930|vanR_in_vanO_cl	88.6	219	25	0	1245	1901	4	222	3.83e-128	383
5final:k127_326668	-_1	86.0	50	7	0	1458	1607	84	133	3.21e-18	85.9
5final:k127_326668	+_1	90.5	42	4	0	1608	1483	908	949	1.02e-17	84.3
5final:k127_326668	+_1	90.5	42	4	0	1608	1483	831	872	1.31e-17	84.0
5final:k127_326668	+_1	95.0	40	2	0	1608	1489	844	883	1.31e-17	84.0
5final:k127_326668	+_1	75.4	57	12	1	1609	1439	836	890	3.03e-17	82.8
5final:k127_326668	+_1	94.9	39	2	0	1608	1492	916	954	4.15e-17	82.4
5final:k127_326668	+_1	90.7	43	4	0	1609	1481	905	947	9.54e-17	81.3
5final:k127_326668	-_1	84.4	45	7	0	1473	1607	87	131	8.67e-16	78.2
5final:k127_326668	-_1	80.0	45	9	0	1473	1607	84	128	1.38e-14	74.3
5final:k127_326668	+_1	89.5	38	4	0	1608	1495	840	877	2.42e-14	73.6
5final:k127_326668	+_1	89.5	38	4	0	1608	1495	864	901	2.44e-14	73.6
5final:k127_326668	-_1	77.8	45	10	0	1473	1607	82	126	5.52e-14	72.4
5final:k127_326668	+_1	81.6	38	7	0	1608	1495	849	886	2.05e-12	67.4
5final:k127_70808	gb|AAB39605.1|ARO:3003361|Pros_EFTu_GE2A	72.9	269	70	2	1377	2174	1	269	8.14e-128	383
5final:k127_70808	gb|AAN82549.1|ARO:3003369|Ecol_EFTu_PLV	73.1	264	71	0	1377	2168	16	279	9.57e-127	380
5final:k127_70808	gb|AAA50993.1|ARO:3003368|Ecol_EFTu_KIR	72.7	264	72	0	1377	2168	1	264	1.63e-126	379
5final:k127_70808	gb|AAC76364.1|ARO:3003370|Ecol_EFTu_ENC	72.7	264	72	0	1377	2168	1	264	1.63e-126	379
5final:k127_70808	gb|CAA67349.1|ARO:3003359|Scin_EFTu_ELF	73.0	267	69	2	1377	2168	1	267	1.80e-126	379
5final:k127_360856	gb|AAA50993.1|ARO:3003368|Ecol_EFTu_KIR	72.5	382	104	1	1557	412	13	393	1.28e-208	583
5final:k127_360856	gb|AAC76364.1|ARO:3003370|Ecol_EFTu_ENC	72.5	382	104	1	1557	412	13	393	1.28e-208	583
5final:k127_360856	gb|AAN82549.1|ARO:3003369|Ecol_EFTu_PLV	72.5	382	104	1	1557	412	28	408	2.20e-208	583
5final:k127_360856	gb|AFK57679.1|ARO:3003438|Efac_EFTu_GE2A	73.6	382	99	2	1557	415	41	421	2.10e-207	582
5final:k127_360856	gb|AAB39605.1|ARO:3003361|Pros_EFTu_GE2A	70.6	384	111	2	1557	412	13	396	4.21e-198	557
5final:k127_139180	gb|WP_011079201.1|ARO:3007794|Vvul_rpoB_RIF	72.6	124	32	1	2	373	1221	1342	4.25e-49	183
5final:k127_139180	gb|BAB38333.1|ARO:3003288|Ecol_rpoB_RIF	72.5	120	33	0	2	361	1222	1341	1.02e-48	182
5final:k127_224627	gb|NP_215196.1|ARO:3003395|Mtub_rpsL_STR	71.9	89	25	0	3155	3421	27	115	4.35e-35	129
5final:k127_88117	+_1	73.3	45	12	0	321	187	430	474	9.64e-14	71.2
5final:k127_88117	+_1	74.4	43	11	0	315	187	414	456	2.63e-12	66.6
5final:k127_122594	gb|AFK57679.1|ARO:3003438|Efac_EFTu_GE2A	72.8	394	105	2	2504	1326	30	422	1.76e-212	604
5final:k127_122594	gb|AAA50993.1|ARO:3003368|Ecol_EFTu_KIR	71.9	392	109	1	2504	1329	2	392	2.81e-211	600
5final:k127_122594	gb|AAC76364.1|ARO:3003370|Ecol_EFTu_ENC	71.9	392	109	1	2504	1329	2	392	2.81e-211	600
5final:k127_122594	gb|AAN82549.1|ARO:3003369|Ecol_EFTu_PLV	71.9	392	109	1	2504	1329	17	407	4.86e-211	600
5final:k127_122594	gb|AAB39605.1|ARO:3003361|Pros_EFTu_GE2A	70.8	394	113	2	2504	1329	2	395	2.56e-202	577
5final:k127_122594	gb|CAA67349.1|ARO:3003359|Scin_EFTu_ELF	70.0	397	115	3	2504	1323	2	397	9.42e-200	571
5final:k127_242483	gb|AAC74177.1|ARO:3004049|Ecol_fabG_TRC	86.0	43	6	0	1	129	147	189	4.37e-15	73.2
5final:k127_345107	+_1	71.4	70	20	0	1618	1409	303	372	7.86e-19	87.0
5final:k127_242933	gb|AAA50993.1|ARO:3003368|Ecol_EFTu_KIR	71.5	165	46	1	4225	3731	229	392	1.08e-76	257
5final:k127_242933	gb|AAC76364.1|ARO:3003370|Ecol_EFTu_ENC	71.5	165	46	1	4225	3731	229	392	1.08e-76	257
5final:k127_242933	gb|AAN82549.1|ARO:3003369|Ecol_EFTu_PLV	71.5	165	46	1	4225	3731	244	407	1.68e-76	257
5final:k127_242933	gb|AFK57679.1|ARO:3003438|Efac_EFTu_GE2A	70.5	166	49	0	4228	3731	256	421	1.89e-74	252
5final:k127_37980	gb|CAB11883.2|ARO:3007073|Bsub_rpoB_RIF	75.6	164	37	2	3	488	1016	1178	2.11e-69	244
5final:k127_37980	gb|ADK17136.1|ARO:3004563|Cdif_rpoB_RIF	77.4	159	35	1	3	479	1029	1186	3.38e-69	243
5final:k127_37980	gb|CAG39568.1|ARO:3003285|Saur_rpoB_RIF	75.0	148	37	0	3	446	1016	1163	3.38e-65	231
5final:k127_37980	gb|CAG39568.1|ARO:3003287|Saur_rpoB_DAP	75.0	148	37	0	3	446	1016	1163	3.38e-65	231
5final:k127_37980	gb|CAC30845.1|ARO:3003284|Mlep_rpoB_RIF	70.6	163	45	1	3	482	1009	1171	1.86e-62	223
5final:k127_37980	gb|BAD59497.1|ARO:3000501|rpoB2	71.6	162	44	1	3	482	993	1154	8.03e-62	221
5final:k127_37980	gb|BAB38333.1|ARO:3003288|Ecol_rpoB_RIF	74.8	131	33	0	6	398	1212	1342	5.02e-55	201
5final:k127_37980	gb|WP_011079201.1|ARO:3007794|Vvul_rpoB_RIF	73.3	131	35	0	6	398	1211	1341	2.19e-54	199
5final:k127_37980	gb|CAG39569.1|ARO:3003291|Saur_rpoC_DAP	77.6	85	19	0	494	748	1	85	4.97e-41	159
5final:k127_37980	gb|NP_215182.1|ARO:3004994|Mtub_rpoC_RIF	78.8	85	18	0	494	748	1	85	1.68e-40	157
5final:k127_37980	gb|AJP09758.1|ARO:3004681|Cdif_rpoC_VAN	75.3	85	21	0	494	748	1	85	4.78e-40	155
5final:k127_243075	+_1	71.4	63	18	0	593	405	335	397	2.26e-20	92.8
5final:k127_243075	+_1	75.9	54	13	0	602	441	360	413	8.37e-18	84.7
5final:k127_243075	+_1	75.9	54	13	0	602	441	361	414	1.11e-17	84.3
5final:k127_208624	gb|ADK17136.1|ARO:3004563|Cdif_rpoB_RIF	75.0	100	23	1	1719	1420	1027	1124	3.45e-41	157
5final:k127_208624	gb|BAB38333.1|ARO:3003288|Ecol_rpoB_RIF	77.3	97	20	1	1710	1420	1212	1306	2.09e-40	155
5final:k127_208624	gb|WP_011079201.1|ARO:3007794|Vvul_rpoB_RIF	75.3	97	22	1	1710	1420	1211	1305	2.92e-39	151
5final:k127_208624	gb|BAD59497.1|ARO:3000501|rpoB2	72.0	100	26	1	1719	1420	991	1088	6.47e-39	150
5final:k127_208624	gb|NP_215181.1|ARO:3003283|Mtub_rpoB_RIF	72.0	100	26	1	1719	1420	1001	1098	8.71e-39	150
5final:k127_208624	gb|CAC30845.1|ARO:3003284|Mlep_rpoB_RIF	72.0	100	26	1	1719	1420	1007	1104	8.74e-39	150
5final:k127_208624	gb|CAB11883.2|ARO:3007073|Bsub_rpoB_RIF	72.0	100	26	1	1719	1420	1014	1111	8.81e-39	150
5final:k127_208624	gb|CAG39568.1|ARO:3003285|Saur_rpoB_RIF	72.0	100	26	1	1719	1420	1014	1111	6.77e-38	147
5final:k127_208624	gb|CAG39568.1|ARO:3003287|Saur_rpoB_DAP	72.0	100	26	1	1719	1420	1014	1111	6.77e-38	147
5final:k127_208624	gb|AAD08242.1|ARO:3007051|Hpyl_rpoB_RIF	71.1	97	26	1	1710	1420	1244	1338	3.04e-36	142
5final:k127_123747	gb|BAB38333.1|ARO:3003288|Ecol_rpoB_RIF	75.6	45	11	0	1881	2015	791	835	2.10e-15	77.8
5final:k127_123747	gb|WP_011079201.1|ARO:3007794|Vvul_rpoB_RIF	73.3	45	12	0	1881	2015	791	835	2.76e-15	77.4
5final:k127_123747	gb|CAB11883.2|ARO:3007073|Bsub_rpoB_RIF	73.3	45	12	0	1881	2015	750	794	4.13e-14	73.6
5final:k127_123747	gb|AAD08242.1|ARO:3007051|Hpyl_rpoB_RIF	77.3	44	10	0	1884	2015	802	845	5.74e-13	70.1
5final:k127_56024	+_1	72.1	165	40	2	560	81	280	443	2.05e-65	227
5final:k127_56024	+_1	72.1	165	40	2	560	81	280	443	2.05e-65	227
5final:k127_56024	+_1	72.1	165	40	2	560	81	280	443	2.05e-65	227
5final:k127_56024	+_1	72.1	165	40	2	560	81	280	443	2.05e-65	227
5final:k127_56024	+_1	72.1	165	40	2	560	81	280	443	2.05e-65	227
5final:k127_56024	+_1	73.2	138	31	2	560	162	285	421	1.85e-54	196
5final:k127_56024	+_1	73.2	138	31	2	560	162	285	421	1.85e-54	196
5final:k127_56024	+_1	73.2	138	31	2	560	162	285	421	1.85e-54	196
5final:k127_56024	+_1	73.2	138	31	2	560	162	285	421	1.85e-54	196
5final:k127_124305	gb|NP_215196.1|ARO:3003395|Mtub_rpsL_STR	70.7	123	36	0	799	431	1	123	1.68e-54	177
5final:k127_345980	gb|NP_215821.1|ARO:3007854|Mtub_atpE_BDQ	70.8	65	19	0	1362	1168	5	69	2.13e-19	81.6
5final:k127_380105	gb|NP_215181.1|ARO:3003283|Mtub_rpoB_RIF	71.8	425	112	4	1267	2	15	434	8.36e-202	592
5final:k127_380105	gb|CAC30845.1|ARO:3003284|Mlep_rpoB_RIF	73.5	411	101	4	1225	2	35	440	4.76e-199	585
5final:k127_380105	gb|BAD59497.1|ARO:3000501|rpoB2	70.1	432	116	5	1276	2	2	427	4.73e-195	575
5final:k127_380108	gb|NP_215196.1|ARO:3003395|Mtub_rpsL_STR	76.6	124	29	0	1547	1918	1	124	1.99e-57	191
5final:k127_363403	gb|AHA41505.1|ARO:3002930|vanR_in_vanO_cl	86.0	164	23	0	2719	3210	4	167	7.60e-86	274
5final:k127_22646	+_1	74.1	54	14	0	165	4	29	82	1.04e-18	87.0
5final:k127_209684	gb|NP_215182.1|ARO:3004994|Mtub_rpoC_RIF	70.9	512	135	2	1494	1	293	804	3.07e-241	717
5final:k127_346587	gb|AFK57679.1|ARO:3003438|Efac_EFTu_GE2A	72.5	51	14	0	2469	2621	371	421	6.67e-17	81.6
5final:k127_346587	gb|AAB39605.1|ARO:3003361|Pros_EFTu_GE2A	71.7	53	15	0	2469	2627	345	397	1.31e-16	80.5
5final:k127_346587	gb|AAA50993.1|ARO:3003368|Ecol_EFTu_KIR	71.2	52	15	0	2469	2624	342	393	1.70e-16	80.1
5final:k127_346587	gb|AAC76364.1|ARO:3003370|Ecol_EFTu_ENC	71.2	52	15	0	2469	2624	342	393	1.70e-16	80.1
5final:k127_346587	gb|AAN82549.1|ARO:3003369|Ecol_EFTu_PLV	71.2	52	15	0	2469	2624	357	408	1.90e-16	80.1
5final:k127_346587	gb|CAA67349.1|ARO:3003359|Scin_EFTu_ELF	71.4	49	14	0	2475	2621	347	395	2.27e-14	73.6
5final:k127_125197	+_1	84.2	38	6	0	2249	2136	440	477	3.75e-14	73.2
5final:k127_125197	+_1	72.2	36	10	0	2246	2139	423	458	2.42e-09	57.8
5final:k127_125197	+_1	76.5	34	8	0	2246	2145	438	471	2.94e-08	54.3
5final:k127_125197	+_1	76.5	34	8	0	2246	2145	438	471	2.94e-08	54.3
5final:k127_23060	gb|NP_214520.1|ARO:3003295|Mtub_gyrA_FLO	71.4	49	14	0	155	9	15	63	8.14e-17	82.0
5final:k127_39570	gb|AAA50993.1|ARO:3003368|Ecol_EFTu_KIR	76.3	393	93	0	3044	1866	1	393	2.39e-215	619
5final:k127_39570	gb|AAC76364.1|ARO:3003370|Ecol_EFTu_ENC	76.3	393	93	0	3044	1866	1	393	2.39e-215	619
5final:k127_39570	gb|AAN82549.1|ARO:3003369|Ecol_EFTu_PLV	76.1	393	94	0	3044	1866	16	408	1.65e-214	617
5final:k127_39570	gb|AFK57679.1|ARO:3003438|Efac_EFTu_GE2A	74.3	393	100	1	3044	1869	29	421	5.00e-209	603
5final:k127_39570	gb|AAB39605.1|ARO:3003361|Pros_EFTu_GE2A	74.8	397	97	2	3044	1863	1	397	3.47e-207	598
5final:k127_39570	gb|CAA67349.1|ARO:3003359|Scin_EFTu_ELF	73.0	397	104	2	3044	1863	1	397	2.21e-202	585
5final:k127_39570	gb|AXU66539.1|ARO:3003357|Cdif_EFTu_ELF	71.3	397	111	3	3044	1863	1	397	1.97e-197	573
5final:k127_296038	gb|YP_177995.1|ARO:3004957|Mtub_clpC1_PZA	71.1	45	13	0	1628	1494	306	350	7.89e-12	65.5
5final:k127_261946	gb|CAG39569.1|ARO:3003291|Saur_rpoC_DAP	71.9	89	25	0	1592	1326	1102	1190	1.18e-29	121
5final:k127_261946	gb|AJP09758.1|ARO:3004681|Cdif_rpoC_VAN	70.5	88	25	1	1586	1326	1070	1157	2.75e-28	117
5final:k127_296475	gb|AAB39605.1|ARO:3003361|Pros_EFTu_GE2A	74.5	51	13	0	3	155	345	395	5.54e-18	84.0
5final:k127_296475	gb|AAA50993.1|ARO:3003368|Ecol_EFTu_KIR	70.6	51	15	0	3	155	342	392	2.32e-16	79.0
5final:k127_296475	gb|AAC76364.1|ARO:3003370|Ecol_EFTu_ENC	70.6	51	15	0	3	155	342	392	2.32e-16	79.0
5final:k127_296475	gb|AAN82549.1|ARO:3003369|Ecol_EFTu_PLV	70.6	51	15	0	3	155	357	407	2.57e-16	79.0
5final:k127_296475	gb|CAA67349.1|ARO:3003359|Scin_EFTu_ELF	76.1	46	11	0	3	140	345	390	1.78e-15	76.3
5final:k127_415614	gb|NP_215196.1|ARO:3003395|Mtub_rpsL_STR	70.7	123	36	0	2377	2009	1	123	1.99e-52	178
5final:k127_142568	gb|NP_217974.1|ARO:3004999|Mtub_rpoA_RIF	79.6	54	11	0	162	1	1	54	1.01e-19	89.4
5final:k127_262503	gb|CAA67349.1|ARO:3003359|Scin_EFTu_ELF	77.6	67	13	1	196	2	1	67	3.17e-24	102
5final:k127_262503	gb|AAN82549.1|ARO:3003369|Ecol_EFTu_PLV	71.6	67	19	0	208	8	12	78	2.36e-22	96.7
5final:k127_262503	gb|AAB39605.1|ARO:3003361|Pros_EFTu_GE2A	73.1	67	16	1	196	2	1	67	5.13e-22	95.5
5final:k127_262503	gb|AAA50993.1|ARO:3003368|Ecol_EFTu_KIR	74.6	63	16	0	196	8	1	63	1.22e-21	94.4
5final:k127_262503	gb|AAC76364.1|ARO:3003370|Ecol_EFTu_ENC	74.6	63	16	0	196	8	1	63	1.22e-21	94.4
5final:k127_262503	gb|AXU66539.1|ARO:3003357|Cdif_EFTu_ELF	72.3	65	17	1	196	5	1	65	3.04e-21	93.2
5final:k127_58247	gb|AAB39605.1|ARO:3003361|Pros_EFTu_GE2A	89.1	101	11	0	1	303	297	397	1.93e-55	189
5final:k127_58247	gb|CAA67349.1|ARO:3003359|Scin_EFTu_ELF	81.2	101	19	0	1	303	297	397	1.05e-48	171
5final:k127_58247	gb|AFK57679.1|ARO:3003438|Efac_EFTu_GE2A	73.5	98	26	0	4	297	324	421	3.04e-43	157
5final:k127_58247	gb|AAA50993.1|ARO:3003368|Ecol_EFTu_KIR	72.7	99	27	0	4	300	295	393	3.23e-43	156
5final:k127_58247	gb|AAC76364.1|ARO:3003370|Ecol_EFTu_ENC	72.7	99	27	0	4	300	295	393	3.23e-43	156
5final:k127_58247	gb|AAN82549.1|ARO:3003369|Ecol_EFTu_PLV	72.7	99	27	0	4	300	310	408	4.39e-43	156
5final:k127_347939	-_1	76.3	59	14	0	5130	5306	34	92	1.59e-15	80.1
5final:k127_347939	-_1	73.5	49	13	0	5200	5346	62	110	3.02e-12	69.3
5final:k127_347939	-_1	75.0	48	12	0	5203	5346	61	108	2.68e-11	66.2
5final:k127_194962	+_1	74.1	158	41	0	739	1212	750	907	2.43e-68	234
5final:k127_194962	+_1	83.1	83	14	0	833	1081	776	858	6.39e-36	140
5final:k127_194962	-_1	71.0	100	29	0	945	1244	818	917	9.65e-32	127
5final:k127_194962	+_1	75.9	83	20	0	833	1081	794	876	1.03e-28	118
5final:k127_7144	+_1	89.3	28	3	0	361	444	624	651	1.27e-08	55.1
5final:k127_7144	+_1	89.3	28	3	0	361	444	624	651	1.27e-08	55.1
5final:k127_7144	+_1	89.3	28	3	0	361	444	624	651	1.27e-08	55.1
5final:k127_7144	+_1	89.3	28	3	0	361	444	624	651	1.27e-08	55.1
5final:k127_7144	+_1	89.3	28	3	0	361	444	624	651	1.27e-08	55.1
5final:k127_211485	gb|YP_177995.1|ARO:3004957|Mtub_clpC1_PZA	72.7	44	12	0	2232	2363	2	45	1.85e-13	71.6
5final:k127_416437	gb|YP_177995.1|ARO:3004957|Mtub_clpC1_PZA	78.6	42	8	1	884	1006	1	42	3.87e-12	66.2
5final:k127_365588	gb|NP_216424.1|ARO:3003392|Mtub_katG_INH	71.4	357	100	2	3071	4141	36	390	1.57e-182	557
5final:k127_365588	gb|NP_216424.1|ARO:3005102|Mtub_katG_PTO	71.4	357	100	2	3071	4141	36	390	1.57e-182	557
5final:k127_280951	gb|NP_214520.1|ARO:3003295|Mtub_gyrA_FLO	73.1	216	58	0	1456	809	1	216	3.92e-104	330
5final:k127_280951	gb|ABK64957.1|ARO:3007473|Mavi_gyrA_FLO	74.2	217	55	1	1456	809	1	217	4.22e-103	327
5final:k127_280951	gb|AER05434.1|ARO:3003974|Cacn_gyrA_FLO	76.7	193	45	0	1444	866	16	208	5.38e-98	315
5final:k127_280951	gb|CAC29514.1|ARO:3003298|Mlep_gyrA_FLO	75.4	130	31	1	1456	1070	1	130	4.99e-59	210
5final:k127_25657	gb|NP_217497.1|ARO:3004941|Mtub_ddlA_DCS	80.0	40	8	0	125	6	111	150	9.94e-14	70.5
5final:k127_111253	gb|YP_177995.1|ARO:3004957|Mtub_clpC1_PZA	77.6	473	105	1	1	1419	289	760	1.36e-256	721
5final:k127_383970	gb|ADK17136.1|ARO:3004563|Cdif_rpoB_RIF	75.7	387	94	0	2206	1046	789	1175	7.99e-200	597
5final:k127_383970	gb|CAB11883.2|ARO:3007073|Bsub_rpoB_RIF	74.4	379	97	0	2206	1070	776	1154	5.61e-194	580
5final:k127_383970	gb|CAG39568.1|ARO:3003285|Saur_rpoB_RIF	70.4	389	114	1	2206	1043	775	1163	1.15e-186	561
5final:k127_383970	gb|CAG39568.1|ARO:3003287|Saur_rpoB_DAP	70.4	389	114	1	2206	1043	775	1163	1.15e-186	561
5final:k127_42436	gb|NP_215821.1|ARO:3007854|Mtub_atpE_BDQ	74.6	63	16	0	5130	5318	7	69	4.31e-19	81.6
5final:k127_144824	gb|AAA50993.1|ARO:3003368|Ecol_EFTu_KIR	73.4	394	104	1	1558	377	1	393	1.66e-219	610
5final:k127_144824	gb|AAC76364.1|ARO:3003370|Ecol_EFTu_ENC	73.4	394	104	1	1558	377	1	393	1.66e-219	610
5final:k127_144824	gb|AAN82549.1|ARO:3003369|Ecol_EFTu_PLV	73.1	394	105	1	1558	377	16	408	1.17e-218	608
5final:k127_144824	gb|AFK57679.1|ARO:3003438|Efac_EFTu_GE2A	74.6	394	98	2	1558	380	29	421	9.13e-217	604
5final:k127_144824	gb|AAB39605.1|ARO:3003361|Pros_EFTu_GE2A	71.8	397	110	2	1558	374	1	397	4.88e-210	586
5final:k127_144824	gb|CAA67349.1|ARO:3003359|Scin_EFTu_ELF	71.6	395	110	2	1558	380	1	395	1.31e-207	580
5final:k127_197089	gb|YP_177995.1|ARO:3004957|Mtub_clpC1_PZA	82.4	51	9	0	154	2	180	230	1.28e-17	84.0
5final:k127_179371	gb|AHA41505.1|ARO:3002930|vanR_in_vanO_cl	85.6	118	17	0	8028	7675	110	227	2.34e-61	208
5final:k127_384481	-_1	71.2	52	15	0	1500	1655	774	825	4.93e-14	72.8
5final:k127_384811	+_1	96.3	27	1	0	162	242	349	375	7.73e-10	59.7
5final:k127_112448	gb|CCA59315.1|ARO:3007208|HelR	75.1	438	109	0	221	1534	14	451	3.14e-234	659
5final:k127_402297	gb|AAA50993.1|ARO:3003368|Ecol_EFTu_KIR	74.0	392	102	0	255	1430	1	392	6.14e-217	604
5final:k127_402297	gb|AAC76364.1|ARO:3003370|Ecol_EFTu_ENC	74.0	392	102	0	255	1430	1	392	6.14e-217	604
5final:k127_402297	gb|AAN82549.1|ARO:3003369|Ecol_EFTu_PLV	73.7	392	103	0	255	1430	16	407	4.31e-216	602
5final:k127_402297	gb|AFK57679.1|ARO:3003438|Efac_EFTu_GE2A	73.1	394	105	1	255	1433	29	422	2.37e-214	598
5final:k127_402297	gb|AAB39605.1|ARO:3003361|Pros_EFTu_GE2A	72.4	395	106	2	255	1430	1	395	2.38e-205	575
5final:k127_402297	gb|AXU66539.1|ARO:3003357|Cdif_EFTu_ELF	70.9	398	111	4	255	1436	1	397	6.81e-205	573
5final:k127_402297	gb|CAA67349.1|ARO:3003359|Scin_EFTu_ELF	70.0	397	116	2	255	1436	1	397	2.44e-200	562
5final:k127_316896	gb|NP_216424.1|ARO:3003392|Mtub_katG_INH	72.5	120	31	2	4676	5035	118	235	9.69e-49	184
5final:k127_316896	gb|NP_216424.1|ARO:3005102|Mtub_katG_PTO	72.5	120	31	2	4676	5035	118	235	9.69e-49	184
5final:k127_300408	+_1	78.8	80	17	0	38	277	798	877	4.06e-30	124
5final:k127_300408	+_1	86.2	65	9	0	78	272	819	883	8.91e-29	120
5final:k127_300408	-_1	93.7	63	4	0	276	88	93	155	1.93e-27	116
5final:k127_300408	+_1	82.1	67	12	0	78	278	883	949	2.04e-27	116
5final:k127_300408	+_1	77.2	79	18	0	38	274	867	945	2.71e-27	115
5final:k127_300408	+_1	79.7	64	13	0	78	269	891	954	7.11e-25	108
5final:k127_300408	-_1	77.6	67	15	0	288	88	84	150	4.67e-24	105
5final:k127_300408	-_1	74.6	67	17	0	288	88	82	148	2.99e-22	99.8
5final:k127_300408	+_1	76.2	63	15	0	78	266	815	877	3.00e-22	99.8
5final:k127_300408	+_1	76.2	63	15	0	78	266	839	901	3.05e-22	99.8
5final:k127_300408	+_1	75.0	64	16	0	75	266	823	886	5.26e-22	99.0
5final:k127_300408	-_1	82.0	61	11	0	276	94	91	151	9.29e-22	98.2
5final:k127_300408	-_1	75.5	49	12	0	243	97	395	443	2.27e-13	71.2
5final:k127_300408	-_1	73.7	38	10	0	238	125	101	138	2.83e-08	54.7
5final:k127_367865	gb|AFK57679.1|ARO:3003438|Efac_EFTu_GE2A	74.2	325	78	2	1	975	103	421	6.56e-170	485
5final:k127_367865	gb|AAA50993.1|ARO:3003368|Ecol_EFTu_KIR	72.4	326	83	2	1	978	75	393	3.86e-169	482
5final:k127_367865	gb|AAC76364.1|ARO:3003370|Ecol_EFTu_ENC	72.4	326	83	2	1	978	75	393	3.86e-169	482
5final:k127_367865	gb|AAN82549.1|ARO:3003369|Ecol_EFTu_PLV	72.4	326	83	2	1	978	90	408	6.54e-169	482
5final:k127_367865	gb|AXU66539.1|ARO:3003357|Cdif_EFTu_ELF	70.5	329	86	2	1	978	76	396	8.56e-164	468
5final:k127_367865	gb|AAB39605.1|ARO:3003361|Pros_EFTu_GE2A	70.2	326	91	1	1	978	77	396	7.95e-162	463
5final:k127_265775	gb|AJP09758.1|ARO:3004681|Cdif_rpoC_VAN	73.8	447	117	0	1341	1	1	447	3.02e-236	696
5final:k127_265775	gb|CAG39569.1|ARO:3003291|Saur_rpoC_DAP	73.2	447	120	0	1341	1	1	447	2.56e-227	674
5final:k127_10313	gb|YP_177995.1|ARO:3004957|Mtub_clpC1_PZA	87.9	190	19	1	2738	3295	1	190	5.71e-94	317
5final:k127_351469	+_1	79.4	34	7	0	1390	1289	102	135	1.58e-09	58.2
5final:k127_351469	+_1	79.4	34	7	0	1390	1289	102	135	1.58e-09	58.2
5final:k127_351469	+_1	79.4	34	7	0	1390	1289	102	135	1.58e-09	58.2
5final:k127_351469	+_1	79.4	34	7	0	1390	1289	102	135	1.58e-09	58.2
5final:k127_44477	gb|ADK17136.1|ARO:3004563|Cdif_rpoB_RIF	71.1	152	43	1	3	455	1039	1190	3.30e-59	211
5final:k127_44477	gb|CAB11883.2|ARO:3007073|Bsub_rpoB_RIF	74.0	127	33	0	3	383	1026	1152	4.62e-55	199
5final:k127_232682	gb|ABK64957.1|ARO:3007473|Mavi_gyrA_FLO	70.4	817	240	1	2393	4837	5	821	0.0	1126
5final:k127_232931	gb|AAA50993.1|ARO:3003368|Ecol_EFTu_KIR	72.7	260	71	0	1	780	135	394	1.49e-121	388
5final:k127_232931	gb|AAC76364.1|ARO:3003370|Ecol_EFTu_ENC	72.7	260	71	0	1	780	135	394	1.49e-121	388
5final:k127_232931	gb|AAN82549.1|ARO:3003369|Ecol_EFTu_PLV	72.7	260	71	0	1	780	150	409	2.46e-121	388
5final:k127_232931	gb|AFK57679.1|ARO:3003438|Efac_EFTu_GE2A	72.3	260	71	1	1	777	163	422	4.73e-118	379
5final:k127_232931	gb|AAB39605.1|ARO:3003361|Pros_EFTu_GE2A	70.4	257	75	1	1	768	137	393	1.34e-111	359
5final:k127_420470	gb|CAA67349.1|ARO:3003359|Scin_EFTu_ELF	81.6	277	51	0	844	1674	1	277	1.53e-161	463
5final:k127_420470	gb|AAB39605.1|ARO:3003361|Pros_EFTu_GE2A	80.5	277	54	0	844	1674	1	277	4.03e-159	457
5final:k127_420470	gb|AAN82549.1|ARO:3003369|Ecol_EFTu_PLV	74.9	279	67	2	838	1674	14	289	1.57e-143	418
5final:k127_420470	gb|AFK57679.1|ARO:3003438|Efac_EFTu_GE2A	73.5	279	72	1	838	1674	27	303	2.03e-142	416
5final:k127_420470	gb|AAA50993.1|ARO:3003368|Ecol_EFTu_KIR	74.7	277	67	2	844	1674	1	274	2.15e-142	414
5final:k127_420470	gb|AAC76364.1|ARO:3003370|Ecol_EFTu_ENC	74.7	277	67	2	844	1674	1	274	2.15e-142	414
5final:k127_420470	gb|AXU66539.1|ARO:3003357|Cdif_EFTu_ELF	71.2	278	78	2	844	1674	1	277	2.00e-138	404
5final:k127_318933	gb|AHA41505.1|ARO:3002930|vanR_in_vanO_cl	87.4	222	27	1	1049	1711	4	225	8.14e-130	377
5final:k127_29751	gb|CAA67349.1|ARO:3003359|Scin_EFTu_ELF	77.6	67	13	1	196	2	1	67	2.30e-22	102
5final:k127_29751	gb|AAB39605.1|ARO:3003361|Pros_EFTu_GE2A	73.1	67	16	1	196	2	1	67	3.34e-20	95.9
5final:k127_29751	gb|AAA50993.1|ARO:3003368|Ecol_EFTu_KIR	74.6	63	16	0	196	8	1	63	7.72e-20	94.7
5final:k127_29751	gb|AAC76364.1|ARO:3003370|Ecol_EFTu_ENC	74.6	63	16	0	196	8	1	63	7.72e-20	94.7
5final:k127_29751	gb|AXU66539.1|ARO:3003357|Cdif_EFTu_ELF	72.3	65	17	1	196	5	1	65	1.92e-19	93.6
5final:k127_369795	gb|NP_215182.1|ARO:3004994|Mtub_rpoC_RIF	73.4	154	41	0	1235	774	1	154	4.71e-72	249
5final:k127_369795	gb|AJP09758.1|ARO:3004681|Cdif_rpoC_VAN	76.6	141	33	0	1235	813	1	141	8.32e-71	245
5final:k127_369795	gb|CAG39569.1|ARO:3003291|Saur_rpoC_DAP	76.8	138	32	0	1235	822	1	138	2.53e-70	244
5final:k127_369795	gb|ADK17136.1|ARO:3004563|Cdif_rpoB_RIF	76.4	89	21	0	1696	1430	1081	1169	3.57e-35	139
5final:k127_369795	gb|NP_215181.1|ARO:3003283|Mtub_rpoB_RIF	71.9	89	25	0	1696	1430	1055	1143	1.06e-31	129
5final:k127_369795	gb|CAC30845.1|ARO:3003284|Mlep_rpoB_RIF	71.9	89	25	0	1696	1430	1061	1149	1.07e-31	129
5final:k127_369795	gb|BAD59497.1|ARO:3000501|rpoB2	77.2	79	18	0	1696	1460	1045	1123	4.32e-30	124
5final:k127_369795	gb|BAB38333.1|ARO:3003288|Ecol_rpoB_RIF	70.1	77	23	0	1696	1466	1263	1339	3.03e-26	112
5final:k127_148535	gb|AAC75137.1|ARO:3000794|mdtC	75.0	68	17	0	1836	1633	945	1012	3.19e-24	105
5final:k127_148535	gb|BAE06006.1|ARO:3003705|mexN	70.1	67	20	0	1836	1636	951	1017	2.14e-22	99.8
5final:k127_165884	gb|YP_177995.1|ARO:3004957|Mtub_clpC1_PZA	71.2	139	40	0	1155	1571	1	139	3.00e-51	185
5final:k127_421910	gb|AAA50993.1|ARO:3003368|Ecol_EFTu_KIR	72.8	224	61	0	1	672	170	393	6.69e-108	345
5final:k127_421910	gb|AAC76364.1|ARO:3003370|Ecol_EFTu_ENC	72.8	224	61	0	1	672	170	393	6.69e-108	345
5final:k127_421910	gb|AAN82549.1|ARO:3003369|Ecol_EFTu_PLV	72.8	224	61	0	1	672	185	408	1.09e-107	345
5final:k127_421910	gb|AFK57679.1|ARO:3003438|Efac_EFTu_GE2A	71.2	226	64	1	1	675	198	423	2.55e-102	330
5final:k127_201680	gb|NP_217051.1|ARO:3007692|Mtub_Rv2535_BDQ	76.2	63	15	0	2885	2697	285	347	7.14e-22	96.3
5final:k127_268770	-_1	77.1	70	16	0	464	673	274	343	1.26e-24	107
5final:k127_287557	gb|AFK57679.1|ARO:3003438|Efac_EFTu_GE2A	74.7	83	21	0	250	2	28	110	7.30e-34	132
5final:k127_287557	gb|CAA67349.1|ARO:3003359|Scin_EFTu_ELF	75.0	84	19	1	247	2	1	84	2.30e-32	127
5final:k127_287557	gb|AAA50993.1|ARO:3003368|Ecol_EFTu_KIR	74.4	82	21	0	247	2	1	82	1.32e-31	125
5final:k127_287557	gb|AAC76364.1|ARO:3003370|Ecol_EFTu_ENC	74.4	82	21	0	247	2	1	82	1.32e-31	125
5final:k127_287557	gb|AAN82549.1|ARO:3003369|Ecol_EFTu_PLV	73.2	82	22	0	247	2	16	97	5.56e-31	124
5final:k127_287557	gb|AAB39605.1|ARO:3003361|Pros_EFTu_GE2A	71.4	84	22	1	247	2	1	84	4.99e-30	120
5final:k127_287557	gb|AXU66539.1|ARO:3003357|Cdif_EFTu_ELF	72.9	85	18	2	247	2	1	83	7.28e-29	117
5final:k127_235693	gb|WP_041777404.1|ARO:3004480|Bado_rpoB_RIF	71.7	46	11	1	6	137	771	816	4.15e-10	62.4
5final:k127_235693	gb|CAB11883.2|ARO:3007073|Bsub_rpoB_RIF	73.9	46	10	1	6	137	815	860	4.15e-10	62.4
5final:k127_235693	gb|BAD59497.1|ARO:3000501|rpoB2	76.1	46	9	1	6	137	762	807	5.40e-10	62.0
5final:k127_235693	gb|CAC30845.1|ARO:3003284|Mlep_rpoB_RIF	76.1	46	9	1	6	137	775	820	5.42e-10	62.0
5final:k127_235693	gb|NP_215181.1|ARO:3003283|Mtub_rpoB_RIF	76.1	46	9	1	6	137	769	814	7.10e-10	61.6
5final:k127_235693	gb|CAG39568.1|ARO:3003285|Saur_rpoB_RIF	71.7	46	11	1	6	137	814	859	4.72e-09	58.9
5final:k127_235693	gb|CAG39568.1|ARO:3003287|Saur_rpoB_DAP	71.7	46	11	1	6	137	814	859	4.72e-09	58.9
5final:k127_235896	gb|AHA41505.1|ARO:3002930|vanR_in_vanO_cl	86.8	174	22	1	1779	1258	61	233	1.52e-97	295
5final:k127_422961	gb|NP_215196.1|ARO:3003395|Mtub_rpsL_STR	78.0	123	27	0	1005	637	1	123	9.19e-61	194
5final:k127_236435	gb|AFK57679.1|ARO:3003438|Efac_EFTu_GE2A	73.6	398	100	1	1275	2468	29	421	2.19e-205	599
5final:k127_236435	gb|AAA50993.1|ARO:3003368|Ecol_EFTu_KIR	74.8	400	93	3	1275	2471	1	393	4.26e-205	597
5final:k127_236435	gb|AAC76364.1|ARO:3003370|Ecol_EFTu_ENC	74.8	400	93	3	1275	2471	1	393	4.26e-205	597
5final:k127_236435	gb|AAN82549.1|ARO:3003369|Ecol_EFTu_PLV	74.5	400	94	3	1275	2471	16	408	2.91e-204	595
5final:k127_236435	gb|AAB39605.1|ARO:3003361|Pros_EFTu_GE2A	71.1	402	109	2	1275	2474	1	397	8.23e-193	565
5final:k127_236435	gb|AXU66539.1|ARO:3003357|Cdif_EFTu_ELF	70.1	401	115	2	1275	2474	1	397	9.09e-192	563
5final:k127_236435	gb|CAA67349.1|ARO:3003359|Scin_EFTu_ELF	70.0	400	113	2	1275	2468	1	395	5.58e-190	558
5final:k127_150446	gb|AAC75136.1|ARO:3000793|mdtB	71.3	94	27	0	1	282	937	1030	1.51e-33	139
5final:k127_135652	+_1	71.1	45	13	0	191	57	269	313	1.56e-11	64.7
5final:k127_135652	-_1	78.8	33	7	0	1405	1503	1	33	1.30e-10	61.2
5final:k127_135652	-_1	78.8	33	7	0	1405	1503	1	33	1.30e-10	61.2
5final:k127_135652	-_1	78.8	33	7	0	1405	1503	1	33	1.30e-10	61.2
5final:k127_135652	-_1	78.8	33	7	0	1405	1503	1	33	1.30e-10	61.2
5final:k127_135652	+_1	75.0	32	8	0	1589	1494	449	480	4.85e-09	56.2
5final:k127_135652	+_1	75.0	32	8	0	1589	1494	449	480	4.85e-09	56.2
5final:k127_135652	+_1	75.0	32	8	0	1589	1494	449	480	4.85e-09	56.2
5final:k127_135652	+_1	75.0	32	8	0	1589	1494	449	480	4.85e-09	56.2
5final:k127_135796	gb|NP_216146.1|ARO:3004721|Mtub_rpsA_PZA	87.0	332	43	0	1670	2665	9	340	4.72e-196	566
5final:k127_271109	+_1	74.1	54	14	0	759	598	360	413	1.53e-16	82.0
5final:k127_271109	+_1	74.1	54	14	0	759	598	361	414	2.01e-16	81.6
5final:k127_49861	gb|AJF82744.1|ARO:3003817|Abau_gyrA_FLO	70.8	48	14	0	146	3	2	49	3.03e-15	76.3
5final:k127_49861	gb|AAW89357.1|ARO:3003928|Ngon_gyrA_FLO	85.4	41	6	0	125	3	19	59	1.63e-14	73.9
5final:k127_49861	gb|AAL82403.1|ARO:3003297|Bbac_gyrA_FLO	79.5	44	9	0	134	3	16	59	4.98e-14	72.4
5final:k127_49861	gb|AAC75291.1|ARO:3003294|Ecol_gyrA_FLO	75.0	44	11	0	134	3	8	51	8.47e-14	71.6
5final:k127_49861	gb|AAN43827.1|ARO:3003940|Sfle_gyrA_FLO	75.0	44	11	0	134	3	8	51	8.47e-14	71.6
5final:k127_49861	gb|AAC75291.1|ARO:3004335|Ecol_gyrA_TRC	75.0	44	11	0	134	3	8	51	8.47e-14	71.6
5final:k127_49861	gb|AAL21173.1|ARO:3003926|Sent_gyrA_FLO	75.0	44	11	0	134	3	8	51	8.48e-14	71.6
5final:k127_49861	gb|AAL21173.1|ARO:3004334|Sent_gyrA_TRC	75.0	44	11	0	134	3	8	51	8.48e-14	71.6
5final:k127_49861	gb|WP_001281271.1|ARO:3007751|Sisa_gyrA_FLO	75.0	44	11	0	134	3	8	51	8.48e-14	71.6
5final:k127_49861	gb|AAG06556.1|ARO:3003684|Paer_gyrA_FLO	80.5	41	8	0	125	3	11	51	2.00e-13	70.5
5final:k127_49861	gb|AJY14066.1|ARO:3004860|Bdol_gyrA_FLO	82.5	40	7	0	122	3	12	51	3.39e-13	69.7
5final:k127_49861	gb|CBW16027.1|ARO:3003924|Hpin_gyrA_FLO	74.4	43	11	0	137	9	8	50	3.41e-13	69.7
5final:k127_49861	gb|AER05434.1|ARO:3003974|Cacn_gyrA_FLO	70.5	44	13	0	134	3	26	69	5.98e-13	68.9
5final:k127_49861	gb|ABK64957.1|ARO:3007473|Mavi_gyrA_FLO	72.7	44	12	0	134	3	16	59	1.34e-12	67.8
5final:k127_49861	gb|EEK14408.1|ARO:3003931|Cgin_gyrA_FLO	74.4	39	10	0	125	9	10	48	2.33e-12	67.0
5final:k127_49861	gb|WP_000819088.1|ARO:3003296|Saur_gyrA_FLO	74.4	43	11	0	134	6	9	51	2.39e-12	67.0
5final:k127_49861	gb|CAL35145.1|ARO:3003789|Cjej_gyrA_FLO	73.2	41	11	0	125	3	14	54	7.17e-12	65.5
5final:k127_49861	gb|CAJ66820.1|ARO:3003995|Cdif_gyrA_FLO	70.7	41	12	0	125	3	10	50	1.60e-11	64.3
5final:k127_271168	gb|KTE89608.1|ARO:3003723|vanI	77.1	340	78	0	559	1578	1	340	1.92e-191	536
5final:k127_271168	gb|AHA41500.1|ARO:3002913|vanO	74.6	339	86	0	559	1575	1	339	5.09e-191	535
5final:k127_271168	gb|AHA41499.1|ARO:3002948|vanH_in_vanO_cl	78.5	181	39	0	3	545	165	345	1.96e-97	296
5final:k127_68075	gb|NP_215196.1|ARO:3003395|Mtub_rpsL_STR	78.0	123	27	0	1643	2011	1	123	4.38e-57	191
5final:k127_68075	gb|AAA50993.1|ARO:3003368|Ecol_EFTu_KIR	77.3	97	20	1	4600	4890	1	95	3.70e-41	154
5final:k127_68075	gb|AAC76364.1|ARO:3003370|Ecol_EFTu_ENC	77.3	97	20	1	4600	4890	1	95	3.70e-41	154
5final:k127_68075	gb|AAN82549.1|ARO:3003369|Ecol_EFTu_PLV	76.3	97	21	1	4600	4890	16	110	1.71e-40	153
5final:k127_68075	gb|CAA67349.1|ARO:3003359|Scin_EFTu_ELF	74.2	97	25	0	4600	4890	1	97	1.79e-40	152
5final:k127_68075	gb|AAB39605.1|ARO:3003361|Pros_EFTu_GE2A	74.2	97	25	0	4600	4890	1	97	5.99e-40	151
5final:k127_68075	gb|AXU66539.1|ARO:3003357|Cdif_EFTu_ELF	76.3	97	22	1	4600	4890	1	96	1.10e-39	150
5final:k127_68075	gb|AFK57679.1|ARO:3003438|Efac_EFTu_GE2A	72.4	98	25	1	4597	4890	28	123	1.39e-39	150
5final:k127_271287	gb|NP_215182.1|ARO:3004994|Mtub_rpoC_RIF	74.1	54	14	0	2142	1981	1217	1270	4.55e-16	80.1
5final:k127_271287	gb|AJP09758.1|ARO:3004681|Cdif_rpoC_VAN	70.0	60	18	0	2142	1963	1101	1160	7.53e-16	79.3
5final:k127_356561	gb|AJP09758.1|ARO:3004681|Cdif_rpoC_VAN	72.6	215	59	0	1	645	289	503	1.69e-103	335
5final:k127_34035	gb|AJP09758.1|ARO:3004681|Cdif_rpoC_VAN	70.5	146	43	0	721	284	1	146	1.74e-67	243
5final:k127_34035	gb|CAG39569.1|ARO:3003291|Saur_rpoC_DAP	75.0	136	34	0	721	314	1	136	3.07e-65	237
5final:k127_169323	gb|NP_388014.1|ARO:3007527|Bsub_rpsE_SPT	71.4	154	42	1	1711	2172	1	152	1.23e-62	204
5final:k127_50813	-_1	73.8	107	28	0	380	60	49	155	3.28e-38	147
5final:k127_50813	+_1	71.4	77	22	0	89	319	837	913	7.74e-26	109
5final:k127_50813	-_1	75.5	49	12	0	215	69	395	443	2.75e-15	76.6
5final:k127_255182	+_1	72.0	82	23	0	1354	1109	739	820	6.29e-24	103
